0	11.6124	0	1.86047	1.55039	0.72093	10.7907	58.1705	1.96124	115.031	103.574	0	5.14729	0.96124	1.90698	30.876	202.581	80.3798	0.713178	13.3256	94.3876	30.6047	65.8682	35.8682	3.77519	2.3876	0.155039	27.5504	0.581395	0.155039	0.860465	0.341085	112.465	69.0155	5.72093	0.0155039	0.790698	0.0542636	1.06977	4.91473	0.263566	0.356589	0.0697674	1.96899	0.984496	5.15504	0	15.4961	0.465116	0.186047	114.419	0	1.14729	0.550388	3.70543	5.17054	7.51938	0.79845	14.8992	11.5891	0.658915	14.4806	0.248062	2.68992	4.21705	8.02326	0	4.31783	20.2558	20.8372	0.348837	0.162791	0.170543	0.503876	0.0697674	0.550388	0.0310078	6.10078	2.89922	0.108527	0	51.6047	1.09302	0.573643	0	4.73643	2.64341	0.00775194	0.736434	0.00775194	3.73643	14.4961	1.55039	2.02326	0.0387597	0	3.44186	8.72093	0.674419	1.93798	1.93023	14.1008	1.65891	0.689922	1.62016	23.5194	0.806202	18.8992	0.217054	0.713178	0.589147	1.20155	0.503876	0.511628	0	15.3256	30.7519	1.47287	3.79845	1.42636	0	2.78295	35.8682	0.100775	0.00775194	0.75969	1.86822	0	1.45736	21.4109	1.86047	7.27907	0.627907	1.70543	3.2093	0.310078	7.1938	1.25581	0	3.69767	0.713178	2.10853	0.736434	5.46512	9.68992	17.3023	0.379845	1.22481	3.14729	1.56589	15.7829	0.379845	16.124	0.27907	1.3876	0.0465116	1.13953	0.0930233	0.372093	2.85271	0	0.0542636	0.410853	43.8992	0.0465116	0.868217	17.8915	0.24031	27.6124	37.5271	0.0155039	7.66667	10.9922	1	0	0.0852713	1.93023	0	0.00775194	10.6279	0.286822	0	0.24031	0	0.364341	0.286822	1.04651	3.82946	0	0.744186	33.5891	0	9.23256	1.72868	12.4884	0.55814	0.806202	4.04651	1.02326	0.922481	4.97674	1.48062	4.4186	0	0.674419	1.89147	7.94574	46.4961	0.217054	0.317829	0	0	3.39535	2.74419	0.930233	13.0388	1.56589	2.74419	3.88372	0.883721	0	0	5.81395	0	13.3721	0	0.713178	0.968992	1.22481	0.24031	0.0387597	2.6124	2.47287	2	2.62791	4.00775	0	12.4264	0.0697674	0.0620155	0.193798	0.356589	0.0310078	0.00775194	0.00775194	0.0310078	55.4496	177.287	0	14.4651	2.68217	19.0155	0	6.37209	4.89922	9.57364	1091.17	17.0233	17.6589	0.0155039	1.12403	0.0232558	71.0543	2.99225	0	0	0	0	0	0	0	
7.24806	0	0	0.00775194	0.00775194	0	0.147287	0.0697674	0.0232558	0.00775194	0.124031	0	0	0	0.00775194	0.162791	0.20155	0.139535	0.209302	0.00775194	0.55814	0.248062	0.0465116	0.596899	0.0232558	0.24031	0	0	0	0	0.0155039	0.00775194	1.44186	0.472868	0.00775194	0	0.0465116	0	0.0387597	0.550388	0	0.0155039	0	0	0	0	0	0.0697674	0	0	0.124031	0	0.178295	0	0.0465116	0.348837	0	0.0232558	0.0155039	0	0	0.170543	0	0	0	0	0	0.0852713	0.0620155	0.0387597	0	0	0	0	0	0	0	0.0387597	0.325581	0	0	0	0	0	0.108527	0.0155039	0	0.0232558	0	0	0	0.0232558	0.0620155	0	0	0	0	0.0155039	0	0	0.0155039	0.00775194	0	0	0	0	0	0.0155039	0	0	0.00775194	0	0	0.0155039	0	0.465116	0	0	0	0	0	0	0.00775194	0.00775194	0	0	0	0	0	0.0155039	0.310078	0.0232558	0	0	0	0	0.00775194	0	0	0.0232558	0.0620155	0.0852713	0	0	2.55039	0	0	0	0	0.00775194	0.627907	0	0	0	0.00775194	0.0542636	0.0155039	0	0	0.0155039	0	0	0	0.0310078	0.0155039	0	0	0	0.00775194	0.0310078	0.0310078	0.0155039	0.0155039	0.0155039	0	0	0.682171	0	0	0.0310078	0	0	0.0232558	0	0.232558	0.0310078	0	0.00775194	0	0	0	0.00775194	0.0387597	0	0	0.170543	0	0.0155039	0	0	0	0.0930233	0.410853	0.0155039	0	0.0930233	0	0.0620155	0	0	0	0	0	0.418605	0	0.00775194	0	0	0.248062	0	0	0	0.0310078	0	0	0	0	0.0697674	0	0	0.333333	0.00775194	0.00775194	0	0.00775194	0.0465116	0	0	0	0	0	0	0	0	0	0	0.0155039	0.27907	0	0	0	0.0697674	0	0	0	0.0155039	5.83721	0.0232558	0.0310078	0	0.00775194	0	0.186047	0	0	0	0	0	0	0	0	
0	0	0	0	0	0	0	0	0	0	0	0	0	0	0	0	0	0	0	0	0	0	0	0	0	0	0	0	0	0	0	0	0	0	0	0	0	0	0	0	0	0	0	0	0	0	0	0	0	0	0	0	0	0	0	0	0	0	0	0	0	0	0	0	0	0	0	0	0	0	0	0	0	0	0	0	0	0	0	0	0	0	0	0	0	0.00775194	0	0	0	0	0.0232558	0	0	0	0	0	0	0	0	0	0	0	0	0	0	0	0	0	0	0	0	0	0	0	0	0	0	0	0	0	0	0	0	0	0	0	0	0	0	0	0	0	0	0	0	0	0	0	0	0	0	0	0	0	0	0	0	0	0	0	0	0	0	0	0	0	0	0	0	0	0	0	0	0	0	0	0	0	0	0	0	0	0	0	0	0	0	0	0	0.0232558	0	0	0	0	0	0	0	0	0.147287	0	0	0	0	0	0	0	0	0	0.00775194	0	0	0	0	0	0	0	0	0	0	0	0	0	0	0	0	0	0	0	0	0	0	0	0	0	0	0	0	0	0	0	0	0.00775194	0	0	0	0	0	0	0	0	0	0	0	0	0	0	0	0	0	0	0	0	0	0	0	0	0	0	0	0	0	0	0	0	0	0	0	0	0	0	0	
4.75194	0.0232558	0	0	0.0310078	0	2.13178	0.0310078	0.0310078	0.0852713	0.0697674	0.0155039	0.0155039	0	0.116279	0.0387597	1.09302	3.44186	0	0.0620155	0.0697674	0.0310078	0.131783	0.0232558	0	0.0310078	0	0.186047	0	0	0	0	1.4031	1.81395	0.0232558	0.186047	0	0	0	0.0155039	0	0	0	1.05426	0.0155039	0.0310078	0	6.1938	0.00775194	0.170543	0.44186	0	0	0.116279	0.00775194	0.0155039	0.341085	0	0.0620155	3.47287	0.24031	0.0232558	0	0	0.0155039	0.271318	0	0	0.00775194	0.131783	0	0	0	0.0155039	0	0	0.0387597	0	0.0620155	0	0	1.15504	0	0.0387597	0.0852713	0.0232558	1.26357	0	0	0	0.209302	0.0155039	0	0	0	0	0.00775194	0.00775194	0	0	0	0.0232558	0.0232558	9.8062	0	10.5116	0	0	0	0.0852713	0	0.131783	0.0232558	0.0155039	0	0.0155039	1.9845	0.395349	0	0	0.0775194	1.22481	0.116279	0	0	0.0155039	0.0465116	0	0	0.0542636	0.0310078	0.0232558	0	0.472868	0.0697674	0	0.0930233	0	0	0	0	0.0155039	0.0155039	7.8062	0.0620155	0	0	0	0.0232558	0.44186	0	0	1.64341	0	0.0232558	0	0.341085	0	0.00775194	0.124031	0	0.736434	0	0.124031	0	0	0	0.302326	0.155039	0.124031	0	0.0232558	0.0155039	0	0	0	0	0	0	0.364341	0.116279	0	0	0	0.0310078	0	0.00775194	0.0930233	0	0	0	0	0.0232558	0.00775194	0.00775194	0	0	0.178295	0.0232558	0.162791	0	0	0.0310078	0	0	0	0	0.0542636	0	0	0.186047	0	1.84496	0.0155039	0	0.0232558	0.0310078	1.51938	0.0542636	0.00775194	0	0.503876	0.0155039	0	0.00775194	0	0	0	0	0	0	0.0465116	0	0	0.0232558	0.248062	0	0	0	0.356589	0	0	0	0	0	0	0.0232558	0.410853	0	0.0155039	0	0.00775194	0	0.00775194	0	0.0232558	20.6434	0	0.0620155	0	0	0	0.124031	0.0155039	0	0	0	0	0	0	0	
7.95349	0.0387597	0	0.0697674	0	0	0.155039	0.0232558	0	0.0542636	0.0310078	0	0.302326	0.00775194	0.0310078	0.395349	0.837209	0.00775194	0.0155039	0.0465116	0.48062	0.193798	0.100775	0.0155039	0	0.00775194	0	0	0	0	0	0	0.248062	0.224806	0	0.0930233	0	0.0155039	0	0	0.00775194	0	0	0.00775194	0	0.0232558	0	0.0310078	0	0.0155039	0.0620155	0	0	0.00775194	0.0232558	0	0	0	0	1.42636	0	0.20155	0	0.0232558	0.0465116	0.0155039	0	0.0232558	0	0.155039	0	0	0.100775	0	0	0.00775194	0	0.00775194	0.0310078	0	0	0.0465116	0	0.00775194	0	0.0465116	0.0310078	0	0	0	0.0465116	0	0	0	0	0	0	0	0	0	0.00775194	0.209302	0	0	0	0	0	0	0	0	0	0.00775194	0.00775194	0	0	0.139535	0.0697674	0	0.0542636	0.0310078	0	0	0.0155039	0	0	0.00775194	0	0	0	0.00775194	0.00775194	0.00775194	0	0	0	0	0.00775194	0	0	0	0	0	0.0155039	0	0.162791	0	0	0	0	0	0	0	0.00775194	0	0.0232558	0	0	0	0	0	0	0	0.00775194	0.0387597	0	0	0	0	0.0465116	0.00775194	0	0	0	0	0	0	0	0	0	0.0775194	0	0	0	0	0.00775194	0	0	0.0155039	0	0	0.00775194	0	0.0387597	0.00775194	0.0387597	0.0232558	0	0.100775	0	0.0310078	0	0	0.00775194	0.0387597	0	0	0	0	0.0232558	0	0	0	0	0	0.0310078	0.0155039	0	0.0155039	0.0155039	0.00775194	0	0	0.0387597	0	0.00775194	0	0.108527	0	0.0387597	0	0	0.0155039	0.0232558	0	0	0.0852713	0	0.00775194	0	0	0	0.0155039	0	0	0	0	0.0620155	0.217054	0	0.0155039	0	0.0155039	0	0	0	0.00775194	5.22481	0.0155039	0.0620155	0	0	0	0.170543	0	0	0	0	0	0	0	0	
2.32558	0	0	0	0	0	0.00775194	0.0232558	0	0	0	0	0	0	0	0	0.124031	0	0	0	0.0465116	0	0	0.0232558	0	0.00775194	0	0.333333	0	0	0.00775194	0	0.0387597	0.00775194	0	0	0	0	0	0	0	0	0	0	0	0.0155039	0	0	0	0	0	0	0	0	0	0	0	0	0	0	0	0	0	0	0	0	0	0.0542636	0.0155039	0.0155039	0	0	0	0	0	0	0	0	0	0	0	0.0155039	0	0	0	0	0.0155039	0	0.00775194	0	0.108527	0	0	0	0	0	0	0	0	0	0	0	0	0	0	0	0	0	0	0	0	0	0	0.00775194	0	0.0387597	0	0	0	0.00775194	0	0	0	0	0	0	0	0	0	0	0	0	0	0	0	0	0	0	0	0.0232558	0	0	0.0155039	0	0.0930233	0	0	0	0	0	0	0	0.100775	0	0	0	0	0	0	0	0	0	0	0	0	0	0	0	0	0	0	0	0	0	0	0	0	0	0	0	0	0	0	0	0	0	0	0	0	0	0.0155039	0	0	0.00775194	0	0	0	0	0	0.00775194	0	0	0	0	0	0	0	0.00775194	0	0	0	0	0.00775194	0	0	0	0	0	0	0	0	0	0	0	0	0	0	0	0	0	0	0.0465116	0	0.00775194	0	0.0155039	0	0	0	0	0	0	0	0	0	0	0.108527	0.0775194	0	0.00775194	0	0.44186	0	0	0	0	0.100775	0	0	0	0.00775194	0	0.0852713	0.00775194	0	0	0	0	0	0	0	
15.1163	0.0310078	0	2.06977	0.0310078	0.0155039	0	0.0697674	0.124031	0.302326	0.155039	0	0.0155039	0	0.596899	0.178295	0.697674	0.0310078	0.00775194	0.0620155	0.0930233	0.0310078	0.527132	0.0542636	0.0155039	0.0465116	0	0.294574	0	0	0.0310078	0	0.356589	0.356589	0.0155039	0.00775194	0.00775194	0	0.00775194	0.0232558	0	0	0	0.0542636	0.00775194	0.0542636	0	0.100775	0.0465116	0	0.24031	0	0.0232558	0.217054	0.178295	0.00775194	0.224806	0.00775194	0.193798	5.8062	0.255814	0.0310078	0	0.0155039	0.100775	0.108527	0	0.0852713	0.0310078	0.217054	0	0	0	0.00775194	0	0	0	0.00775194	0	0	0	0.100775	0	0.0155039	0.0387597	0.00775194	0.186047	0	0	0	0.0542636	0.155039	0	0	0	0	0	0.186047	0	0.0155039	0	0.48062	0	0.186047	0.0310078	0.364341	0	0.116279	0	0.0232558	0	0.116279	0	0	0	0.00775194	0.449612	0.302326	0	0.0155039	0.0155039	0.116279	0.0232558	0	0	0.00775194	0.00775194	0.00775194	0	0.0775194	0.0387597	0.0155039	0.0155039	0.372093	0.0620155	0.00775194	0.0620155	0	0	0.00775194	0.00775194	0.0155039	0	0.0387597	0.170543	0	0.00775194	0	0.170543	0.209302	0	0	0.395349	0	0.0155039	0	0.0930233	0	0.0310078	1.00775	0	0.0232558	0.0310078	0.0620155	0.0155039	0	0	0.0930233	0.0852713	0.0697674	0	0.139535	0.0310078	0	0	0	0.00775194	0	0	0.217054	0.364341	0	0.00775194	0	0.0387597	0	0	0.0930233	0	0	0.0155039	0	0.0387597	0.0232558	0.0155039	0	0	0.0620155	0.00775194	0.263566	0.100775	0	0.0232558	0	0	0	0.0465116	0.0620155	0	0	0.00775194	0	0.108527	0.0155039	0	0.0387597	0.00775194	0.457364	0.0155039	0.0155039	0	0.00775194	0	0.00775194	0.0465116	0	0.0155039	0.00775194	0.0155039	0	0	0.0930233	0.00775194	0	0.0465116	0.27907	0	0.0155039	0	0.0542636	0	0.00775194	0	0	0	0	0.0155039	0.310078	0	0.0155039	0	0.0852713	0	0.0155039	0.00775194	0.0542636	3.7907	0.100775	0.0620155	0	0.00775194	0.00775194	0.434109	0.0852713	0	0	0	0	0	0	0	
0.651163	0.0542636	0	0	0	0	0	0	0	0.511628	0	0	0	3.48837	0	0	4.39535	0	0.00775194	0.155039	0	0	0	0.00775194	0	0.348837	0.0155039	0	0.108527	0	0	0.00775194	0.178295	0.0852713	0	0	0.0232558	0	0	0	0.0310078	0	0.00775194	0.0155039	0	0.0310078	0	0	0	0	0.248062	0	0.00775194	0	0	0.20155	0	0	0	0	0	0	0	0	0	0.0232558	0	0.20155	0	0.697674	0	0.00775194	0	0	0.0232558	0	0	0.00775194	0.124031	0	0	0	0.209302	0	0	0	0	0.116279	0	0	0.00775194	0	0	0.100775	0	0	0	0.0930233	0	0	0	0	0	0	0	0	0	0	0	0	0.0930233	0	0	0.0465116	0	0	0	0	0	0	0	0	0	0.108527	0	0	0.0387597	0	0	0.00775194	0.0232558	0	0	0	0	0	0	0.0155039	0	0.0542636	0	0.0697674	0	0	0.0155039	0.937984	0	0.00775194	0.0155039	0	0.263566	0	0	0.00775194	0	0.0387597	0	0	0	0	0	0	0	0	0	0	0	0	0.0465116	0.224806	0.0232558	0	0.00775194	0	0	0	0.0387597	0	0.00775194	0.0232558	0	0	0.00775194	0	0.00775194	0	0	0	0.0930233	0	0	0	0	0	0.00775194	0	0	0	0	0	0	0	0.0310078	0	0	0.139535	0.00775194	0.0232558	0	0	0	0	0	0.0232558	0	0	0	0	0	0	0	0	0	0	0	0	0	0.0852713	0	0	0	0	0	0	0	0	0	0	0	0	0	0	0	0	0	0	0	0.209302	0	0	0.00775194	0.00775194	0	0.00775194	0	0	0.666667	0	0	0	0	0	0	0	0	0	0	0	0	0	0	
6.34884	0.0465116	0	0.0697674	0	0	0.0852713	0.00775194	0	0.0930233	0.0387597	0	0	0	0	0.0387597	0.162791	0	0	0.0155039	0.0387597	0.00775194	0.00775194	0	0.0852713	0	0	0	0.0155039	0	0	0	0.0155039	0	0	0	0	0	0	1.26357	0	0	0	0	0	0	0	0.0852713	0	0	0.0930233	0	0	0.0310078	0.217054	0	0.0465116	0	0	0.00775194	0.0465116	0.00775194	0	0	0.139535	0.00775194	0	0.0387597	0.116279	0.00775194	0	0	0	0	0	0.0232558	0	0.147287	0	0	0	0.0542636	0.00775194	0	0	0.0155039	0	0	0	0	0	0	0	0	0	0	0.139535	0	0	0	0.465116	0	0	0	0	0.00775194	0	0.0697674	0	0	0	0.00775194	0	0	0	0.0155039	0	0.00775194	0	0	0	0.00775194	0	0	0	0	0	0	0	0.108527	0	0.0155039	0	0.186047	0	0	0.186047	0	0	0	0	0	0	0.00775194	0.139535	0.0620155	0	0	0.0310078	0	0.0387597	0	0.00775194	0	0.00775194	0	0	0	0	0.0465116	0	0	0	0.00775194	0	0	0	0	0.0620155	0.00775194	0	0.131783	0	0	0	0	0	0	0	0.0852713	0	0	0	0	0	0	0	0	0	0	0	0	0.0542636	0	0	0.0155039	0	0.0232558	0	0	0	0	0.0310078	0.0155039	0	0	0.108527	0	0	0	0	0	0	0.0232558	0.00775194	0	0	0	0	0	0	0	0.0232558	0	0.0232558	0	0	0	0	0	0.0155039	0	0.00775194	0.00775194	0	0	0	0.00775194	0	0.00775194	0	0	0	0	0	0	0.0232558	0.0930233	0	0.0620155	0	0.124031	0	0	0	0	0.379845	0	0.0310078	0	0	0	0.0387597	0	0	0	0	0	0	0	0	
2.72868	0	0	0	0	0	0.0155039	0.00775194	0	0	0	0	0.00775194	0	0	0	0.27907	0	0	0.0775194	0.0155039	0.00775194	0.00775194	0	0	0	0	0.0465116	0	0	0	0	0.0697674	0.0697674	0	0.00775194	0	0	0	0.00775194	0	0	0	0	0	0	0	0.00775194	0	0	0.0465116	0	0.00775194	0	0	0	0.00775194	0	0	0	0.00775194	0	0	0	0	0	0	0.00775194	0	0.00775194	0	0	0	0	0	0	0	0	0	0	0	0	0	0	0	0.00775194	0	0	0	0	0	0	0	0	0	0	0	0	0	0	0.00775194	0.00775194	0	0	0	0	0.00775194	0	0	0	0	0	0	0	0	0.0232558	0.0387597	0	0	0	0	0	0.00775194	0	0	0	0.0232558	0	0	0	0	0	0	0	0.00775194	0	0	0	0	0	0.0387597	0	0	0.00775194	0	0	0.00775194	0.0775194	0.00775194	0	0	0	0	0	0	0	0.00775194	0	0	0.0155039	0	0	0	0.00775194	0	0	0	0	0	0.0232558	0	0	0	0	0	0	0	0	0	0.00775194	0	0	0.00775194	0	0.00775194	0	0	0	0	0	0.418605	0	0	0.00775194	0	0.00775194	0	0	0	0.00775194	0	0	0.00775194	0	0	0	0	0	0	0	0	0	0	0	0	0	0.00775194	0	0.0155039	0	0	0	0	0	0	0	0	0	0	0	0	0	0	0	0	0	0	0	0	0	0	0	0	0	0	0	0.0232558	0.0775194	0	0	0	0.00775194	0	2.34109	0.395349	0.937984	7	0.00775194	0.124031	0	0.00775194	0	0.124031	0.0155039	0	0	0	0	0	0	0	
6.30233	0	0	0.00775194	0.00775194	0.0232558	0.0155039	0	0	0.00775194	0	0	0	0.0310078	0	0.0542636	0.0852713	0.0465116	0	0.00775194	0.147287	0	0.00775194	0.00775194	0	0.00775194	0	0	0	0	0	0	0.155039	0.0930233	0	0.0232558	0	0	0	0.00775194	0	0	0	0	0	0.00775194	0	0	0	0	0.00775194	0	0	0	0	0	0	0	0	0.00775194	0	0.162791	0	0	0	0.0930233	0	0.00775194	0.0697674	0	0	0	0	0.00775194	0	0	0	0	0	0	0	0.0310078	0	0	0	0	0.00775194	0	0	0	0.224806	0.00775194	0	0	0	0	0	0	0	0	0	0	0	0	0	0	0	0	0	0	0	0	0	0	0	0.364341	0.00775194	0	0	0	0	0	0	0	0	0	0	0	0	0.0155039	0	0	0	0	0	0	0.00775194	0	0	0	0.0155039	0	0	0	0	0	0	0	0.00775194	0	0.0542636	0	0	0	0	0	0	0	0	0	0	0	0.00775194	0.100775	0	0	0	0	0.00775194	0.24031	0	0	0	0	0	0	0	0	0	0.0155039	0	0	0	0	0	0	0	0	0	0	0.00775194	0	0	0	0	0	0	0	0	0	0	0.00775194	0	0	0	0	0.00775194	0.0852713	0	0	0	0	0	0	0	0	0	0	0	0	0	0	0	0	0	0	0	0.00775194	0	0	0	0.0232558	0	0	0.00775194	0	0	0	0	0	0	0	0	0	0	0	0.542636	6.75194	0	1.83721	0.20155	0.0930233	0	0.00775194	0.00775194	0	3.31783	0.131783	0.162791	0	0	0	0.395349	0	0	0	0	0	0	0	0	
0	0	0	0	0	0	0	0	0	0	0	0	0	0	0	0	0	0	0	0	0	0	0	0	0	0	0	0	0	0	0	0	0	0	0	0	0	0	0	0	0	0	0	0	0	0	0	0	0	0	0	0	0	0	0	0	0	0	0	0	0	0	0	0	0	0	0	0	0	0	0	0	0	0	0	0	0	0	0	0	0	0	0	0	0	0	0	0	0	0	0	0	0	0	0	0	0	0	0	0	0	0	0	0	0	0	0	0	0	0	0	0	0	0	0	0	0	0	0	0	0	0	0	0	0	0	0	0	0	0	0	0	0	0.00775194	0	0	0	0	0	0	0	0	0	0	0	0	0	0	0	0	0	0	0	0	0	0	0	0	0	0	0	0	0	0	0	0	0	0	0	0	0	0	0	0	0	0	0	0	0	0	0	0	0	0	0	0	0	0	0	0	0	0	0	0	0	0	0	0	0	0	0	0	0	0	0	0	0	0	0	0	0	0	0	0	0	0	0	0	0	0	0	0	0	0	0	0	0	0	0	0	0	0	0	0	0	0	0	0	0	0	0	0	0	0	0	0	0	0	0	0	0	0	0	0	0	0	0	0	0	0	0	0	0	0	0	0	0	0	0	0	0	
0.418605	0	0	0	0.0155039	0	0.00775194	0	0	0	0	0	0	0	0.0155039	0.0387597	0.100775	0	0	0	0.124031	0.0155039	0.186047	0.00775194	0	0.00775194	0	0.534884	0	0	0	0.0775194	0	0	0	0	0	0	0.178295	0.0465116	0	0.255814	0	0.0232558	0.0930233	0.00775194	0	0	0	0.224806	0	0	0	0	0.0155039	0	0.00775194	0.131783	0	0.0155039	0	0	0	0	0.0232558	0	0	0.00775194	0	0.317829	0.0620155	0	0	0	0	0	0	0	0	0	0	1.5814	0	0.186047	0	0	0.0232558	0	0	0	0	0	0	0	0	0	0	0	0.178295	0	0	0.0232558	0	0	0	0	0	0	0	0.0465116	0.0542636	0.00775194	0	0	0	0.0697674	0.0232558	0	0.0310078	0.00775194	0	0	0.209302	0	0	0	0.0465116	0	0	0	0	0.0620155	0.0620155	0	0	0.0775194	0	0	0	0	0	0	0	0	0	0	0.0155039	0	0	0	0	0	0	0	0	0	0	0	0	0	0	0	0	0	0	0.0852713	0	0	1.24031	0	0	0	0.472868	0.325581	0	0	0	0	0	0.0310078	0	0	0	0	0	0	0	0	0	0	0	0	0	0.0232558	0.232558	0	0.100775	0.0155039	0	0.0387597	0	0	0	0	0.0232558	0.00775194	0	0	0	0	0	0	0	0	0	0.186047	0.0775194	0	0	0	0	0	0	0	0	0	0	0	0.0232558	0.00775194	0	0	0	0	0.00775194	0.00775194	0	0.372093	0	0	0	0	0	0	0	0	0	0	0	0	0	0	0	0	0	0	0.0620155	0.00775194	0.00775194	0	0	0	0	0	0	0	0	0	0	0	0	
4.02326	0.00775194	0	0.0697674	0.0155039	0	0.0155039	0.658915	0	0.410853	0	0	0	0	0	0.0310078	0.147287	0.00775194	0	0.00775194	0.139535	0.0155039	0	0.0465116	0	0	0	0.0465116	0	0	0	0	0.147287	0.387597	0.00775194	0	0	0.00775194	0	0.0310078	0	0	0	0.00775194	0.00775194	0.00775194	0	0.0620155	0.0310078	0	0.131783	0	0	0.0155039	0	0	0.0465116	0	0	0.170543	0	0.0155039	0	0	0	0.00775194	0	0.00775194	0	0.914729	0	0	0	0.100775	0	0	0	0	0.193798	0	0	0	0.0310078	0.00775194	0	0	0	0	0.00775194	0	0.0310078	0	0	0.100775	0	0	0	0.0387597	0	0	0	0	0	0	0	0.0697674	0	0	0	0	0	0	0.00775194	0	0	0.0620155	0.00775194	0.0155039	0	0	0	0.0310078	0	0	0	0	0	0	0.00775194	0.0155039	0.0232558	0	0	0.0232558	0.00775194	0.00775194	0	0	0	0.0465116	0	0	0	0.0697674	0	0.0310078	0	0	0	0.00775194	0.00775194	0	0	0	0	0	0	0	0	0	0	0	0	0.0465116	0	0	0	0	0	0.232558	0	0	0	0	0	0	0.0542636	0	0	0	0	0	0	0	0	0	0	0	0	0	0	0	0.0232558	0	0	0	0	0	0	0.00775194	0	0	0	0	0	0	0.00775194	0.0542636	0	0	0	0	0.0387597	0.0155039	0.00775194	0	0.00775194	0.00775194	0	0	0	0	0	0	0.00775194	0	0.00775194	0	0	0	0	0	0	0	0	0	0	0	0	0	0	0	0	0	0	0	0.00775194	0.0155039	0	0	0	0	0	0	0	0	7.65116	0.00775194	0.0232558	0	0	0	0.0387597	0	0	0	0	0	0	0	0	
8.75194	0	0	0.263566	0.0387597	0	0.55814	0.00775194	0	0.00775194	0.0852713	0	0.0697674	0	0	0.155039	1.15504	0	0	0.0542636	0.697674	0.0697674	0.100775	0.00775194	0.00775194	0.193798	0	0.0775194	0	0	0.00775194	0	0.333333	0.317829	0	0	0	0.0310078	0	0	0	0	0	0	0	0.0232558	0	0.170543	0	0.0310078	0.155039	0	0	0	0.0387597	0	0.0232558	0	0	3.92248	0	0.0852713	0	0	0.0155039	0	0	0.0155039	0.0155039	0.310078	0.0232558	0	0	0	0	0	0.00775194	0	0.00775194	0	0	0	0	0.0310078	0	0	0.00775194	0	0	0	0.0232558	0.116279	0	0	0	0	0	0	0	0	0	0.527132	0.0155039	0.0232558	0.0232558	0.0155039	0.00775194	0	0	0.00775194	0	0	0.00775194	0	0	0.317829	0.0310078	0.0232558	0.0310078	0	0	0	0.0155039	0	0	0	0	0	0	0.108527	0	0.0155039	0	0	0	0	0	0	0	0	0	0	0	0	0.00775194	0.00775194	0	0	0.162791	0.00775194	0	0.00775194	0.418605	0	0.00775194	0	0.00775194	0	0.0155039	0	0	0	0.00775194	0.0232558	0.0155039	0	0	0	0.271318	0.0465116	0	0	0.0542636	0.00775194	0	0	0	0	0	0.0155039	0.0232558	0	0	0	0	0	0	0.0387597	0	0	0	0	0	0.0465116	0.0155039	0	0.00775194	0.0232558	0	0.0465116	0	0	0	0	0.0155039	0	0	0.0232558	0.0155039	0.00775194	0	0	0	0	0	0.0232558	0	0.0232558	0.00775194	0	0	0	0.0155039	0	0.00775194	0	0.0775194	0	0	0.00775194	0	0	0.00775194	0	0	0.0232558	0.0155039	0	0	0	0	0	0	0	0	0	0.0310078	0.333333	0	0.0232558	0	0.0852713	0	0	0	0.00775194	4.48837	0	0.0310078	0	0	0.00775194	0.0852713	0.0232558	0	0	0	0	0	0	0	
27.0155	0.868217	0	0.0310078	0.0310078	0	0.0697674	0.27907	0	0.0310078	0.496124	0	0.0465116	0	0.0232558	0	0.387597	0.0852713	0.147287	0	0.387597	0.24031	0.131783	0.620155	0.00775194	0	0	0.271318	0	0.0465116	0	0	1.25581	0.906977	0	0	0.00775194	0	0.0310078	1.5969	0.00775194	0.00775194	0	0	0.00775194	0.124031	0	0	0.00775194	0.00775194	0.0310078	0	0.0232558	0.0232558	0.0620155	0.0232558	0	0	0.0155039	0.0775194	0	0.147287	0	0.00775194	0.0387597	0.0232558	0	0.0155039	0.100775	0.155039	0	0	0	0	0	0.0310078	0	0.0465116	0.131783	0	0	0.511628	0	0	0	0.186047	0	0	0	0	0.00775194	0	0.00775194	0	0	0	0.0155039	0.0232558	0	0.0310078	0	0.0775194	0.0232558	0.0155039	0	0.0310078	0	0	0	0.0232558	0	0	0	0	0	1.17829	0.0852713	0	0.0155039	0.0232558	0	0.116279	0.0852713	0	0	0	0.00775194	0	0	0.100775	0.0465116	0.100775	0.00775194	0	0	0.00775194	0.0232558	0	0	0	0.0155039	0.00775194	0	0	0.317829	0.00775194	0	0	0.00775194	0.00775194	0.0852713	0	0.00775194	0	0.0155039	0	0.0232558	0	0	0.0155039	0	0	0	0.131783	0	0	0.00775194	0	0.0697674	0.248062	0	0.0155039	0.0310078	0.0232558	0	0	0	0	0	0.248062	0.00775194	0	0	0	0.0310078	0	0	0.00775194	0	0	0.0310078	0	0.131783	0.0232558	0	0.0310078	0	0.457364	0.0387597	0.00775194	0	0.0465116	0.255814	0	0	0	0.0310078	0.147287	0.00775194	0	0	0	0	0.0930233	0.0232558	0.0620155	0.155039	0.0155039	0.0930233	0	0	0	0.0232558	0.0232558	0.217054	0	0.0232558	0	0.0387597	0	0	0.0232558	0	0.00775194	0.193798	0.186047	0	0.317829	0	0.00775194	0.0155039	0.00775194	0	0	0.00775194	0.0232558	0.44186	1.15504	0	0.0620155	0	0.193798	0	0.0155039	0	0.0232558	14.907	0.364341	1.07752	0	0.434109	0	4.0155	0.372093	0	0	0	0	0	0	0	
19.5891	0.0620155	0	0.0697674	0.0155039	0.0387597	0.0697674	2.50388	0.0155039	10.6744	0.0852713	0	0.00775194	0.217054	0	0.325581	0	0	0.00775194	0.178295	1.12403	0.0697674	0.325581	0.116279	0.0155039	0.0620155	0	0.116279	0.387597	0	0.155039	0	1.77519	3.02326	0	0	0	0	0	0.790698	0	0	0	0.100775	0	0.457364	0	0.0620155	0.0542636	0	5.51938	0	0.0775194	0.00775194	0	0.0542636	0.0232558	0.00775194	0	0.0542636	0	0.0232558	0	0.418605	0.0155039	0	0	0.0310078	0.0465116	1.13178	0	0.0465116	0	0	0.0155039	0.00775194	0	0.0155039	0.0465116	0.00775194	0	0.0310078	0	0.00775194	0	0.666667	0.0232558	0	0.00775194	0	0.333333	0.0542636	0.0310078	0.232558	0	0	0.0310078	0.155039	0.00775194	0.0697674	0.0387597	0.0387597	0.0387597	0	0	0.00775194	0.00775194	0.0775194	0	0	0	0.0155039	0.0232558	0.0155039	0	0.953488	0.0232558	0	0.00775194	0.00775194	0	0.0542636	0.0465116	0	0	0.0155039	0.0465116	0	0.00775194	0.271318	0.0155039	0.00775194	0	0.0155039	0.0620155	0	0.0310078	0.00775194	0	0.224806	0.00775194	0.100775	0	0	0.0697674	0.0542636	0.00775194	0.496124	0.0310078	0	0.0620155	0	0.00775194	0.0310078	0.0542636	0	0.00775194	0	0	0.0232558	0	0	0.00775194	0.0465116	0	0.00775194	0.00775194	0	0.0310078	3.62791	0	0.0155039	0.0155039	0.00775194	0	0	0.108527	0	0	0.72093	0.00775194	0	0.00775194	0	0	0	0.124031	0.0232558	0	0.0387597	0.00775194	0	0.209302	0.0387597	0.0310078	0	0	0.147287	0.0310078	0	0.0232558	0.00775194	0.00775194	0	0.00775194	0.0232558	0.0542636	0.0155039	0.00775194	0	0	0	0	0.0465116	0.00775194	0.00775194	0	0.0310078	0.0155039	0	0	0	0	0.00775194	0.255814	0	0.0310078	0	0	0	0.0155039	0.0155039	0	0	0.0155039	0.0387597	0.0155039	0.0387597	0	0	0	0	0	0	0	0	0.325581	0.906977	0	0.0697674	0	1.85271	0	1.30233	0.44186	1.34884	21.6124	0.116279	0.139535	0	0.00775194	0	0.403101	0.0542636	0	0	0	0	0	0	0	
3.09302	0	0	0.178295	0	0	0.0310078	0.0697674	0	0	0.100775	0	0	0	0	0.232558	0	0	0	0	0.310078	0.0930233	0.00775194	0	0	0	0	0	0	0	0	0	0.0387597	0.0155039	0	0	0	0	0	0	0	0	0	0	0	0.00775194	0	0.00775194	0	0	0.00775194	0	0	0	0	0	0	0	0.00775194	0	0	0.511628	0	0	0	0	0	0	0	0.0775194	0	0	0	0	0	0.0155039	0	0	0.0775194	0	0	0	0	0	0	0	0	0	0	0	0	0	0	0	0	0	0.0542636	0	0	0	0	0	0	0	0	0	0	0	0	0	0	0	0	0	0	1.43411	0.00775194	0	0	0.0155039	0.00775194	0	0	0	0	0	0	0	0	0	0	0	0	0	0.0232558	0	0	0	0	0	0	0	0	0	0	0	0	0	0	0	0	0	0.00775194	0.0155039	0	0	0	0	0	0	0	0	0	0.0387597	0	0	0	0	0	0.0310078	0	0.00775194	0.00775194	0	0	0	0	0	0	0.00775194	0.00775194	0	0	0	0	0	0	0	0	0	0	0	0	0	0	0	0	0.0232558	0	0.0155039	0	0	0.0775194	0	0	0	0	0.0775194	0	0	0	0	0	0.00775194	0	0	0	0	0	0.00775194	0	0	0	0	0.00775194	0	0	0	0	0	0	0	0	0	0	0	0	0	0	0	0	0	0	0	0	0	0.27907	0.124031	0	0.0620155	0	0.0387597	0	0.00775194	0	0	0.767442	0.00775194	0.782946	0.0155039	0	0	0.0620155	0	0	0	0	0	0	0	0	
4.32558	0.162791	0	0	0	0	0.0155039	0.356589	0	0.0465116	0.0310078	0	0	0.0155039	0	0.317829	0.0930233	0	0	0.00775194	0.302326	0.155039	0.0310078	0.224806	0.0387597	1.20155	0	0.0155039	0	0	0	0.0930233	0.418605	0.255814	0	0	0	0	0.00775194	0.341085	0.147287	0	0.0542636	0	0	0.0155039	0	0.00775194	0	0	0.0465116	0.0852713	0.589147	0	0	0	0	0	0.0232558	0.00775194	0	0.186047	0	0	0	0.00775194	0	0.00775194	0	0.620155	0	0	0	0	0	0	0.0310078	0	4.4186	0	0.0852713	0.00775194	0	0	0	0	0	0	0.0387597	0	0	0.00775194	0.0232558	0	0	0	0	0.0620155	0	0	0	0.0155039	0	0	0	0	0	0.0387597	0	0	0	0	0	0.00775194	0.0155039	0.51938	0	0	0	0	0	0	0.0387597	0.00775194	0	0	0	0	0	0	1.42636	0	0	0	0	0	0	0	0	0.139535	0.00775194	0	0	0	0.581395	0	0	0	0	0	0	0	0	0	0	0	0	0	0	0	0	0	0	0.00775194	0.0310078	0	0.0542636	0	0.170543	0.0697674	0.108527	0.0310078	0.100775	0.00775194	0.00775194	0	0.627907	0	0	0.0232558	0	0.0542636	0.0232558	0	0.496124	0	0	0.00775194	0	0	0.00775194	0	0	0	0	0.472868	0	0.0155039	0	0.0155039	0.0852713	0.0697674	0.27907	0	0	0	0.00775194	0.0155039	0.00775194	0	0	0	0	0.72093	0	0	0.0930233	0	0.124031	0	0	0	0.0155039	0	0.0155039	0	0	0	0	0	0.0930233	0	0	0	0	0	0	0.00775194	0.511628	0	0	0	0	0	0	0	0	0.0930233	0	0.00775194	0	0.0155039	0	0.0155039	0.00775194	0	4.77519	0	0	0	0.00775194	0	0.0155039	0	0	0	0	0	0	0	0	
3.03876	0.0232558	0	0	0.00775194	0	0	0.620155	0.00775194	0.852713	0.0620155	0	0.0155039	0.0310078	0.00775194	0	0.426357	0	0	0	0.0310078	0.0310078	0	0.0232558	0	0.00775194	0	0	0.0232558	0	0	0	0.27907	0.178295	0	0	0	0	0	0	0	0	0	0.00775194	0	0.00775194	0	0	0	0	1.24806	0	0.00775194	0	0.0155039	0	0	0.0310078	0	0.00775194	0	0	0	0	0	0	0	0	0	0.24031	0	0	0	0	0	0	0	0.00775194	0	0	0	0	0	0	0	0.00775194	0	0	0	0	0	0	0	0.0155039	0	0	0	0.108527	0	0	0	0.0155039	0	0	0	0	0	0	0	0	0.00775194	0	0	0	0	0	0	0	0	0	0	0	0	0	0	0	0	0	0	0	0.00775194	0	0	0	0	0	0	0	0	0.0232558	0	0	0	0	0.00775194	0	0	0	0.00775194	0	0	0	0.0620155	0	0	0	0.00775194	0	0.00775194	0	0	0	0	0.00775194	0	0	0	0	0.00775194	0.0697674	0	0	0	0	0	0	0.0310078	0	0	0	0	0	0	0	0	0.00775194	0	0	0	0	0.821705	0	0	0	0	0	0	0	0	0	0	0	0	0	0	0	0.00775194	0.0232558	0	0	0	0	0	0	0	0.00775194	0	0.0155039	0.00775194	0	0	0	0	0	0	0	0	0	0.00775194	0	0	0	0	0	0	0	0	0	0	0	0	0	0	0	0	0	0	0.0930233	0	0	0	0.0310078	0	0.635659	0.147287	1.05426	21.8062	0	0.0387597	0	0	0	0.255814	0.00775194	0	0	0	0	0	0	0	
24.7829	0.581395	0	0	0.0155039	0	0.0775194	0.193798	0.00775194	0.0155039	0.844961	0	0.0852713	0	0.00775194	0.302326	0.248062	0.124031	0.0232558	0.0155039	0	0.503876	0.0775194	0.945736	0.0465116	0	0	0.348837	0	0	0.00775194	0.00775194	2.7907	2.29457	0.0310078	0	0	0	0.00775194	0.945736	0	0	0	0	0.00775194	0.131783	0	0	0.00775194	0.00775194	0.139535	0	0.0310078	0	0.0930233	0.0310078	0.0310078	0	0.00775194	0.124031	0.0232558	0.372093	0	0.0310078	0.0542636	0.00775194	0	0.0542636	0.100775	0.147287	0	0	0	0	0	0.0465116	0	0	0.0620155	0	0	0.139535	0	0	0	0.0542636	0	0	0	0	0.0155039	0.00775194	0	0	0	0	0.0387597	0	0.0155039	0.155039	0	0.0620155	0.0620155	0	0	0	0.00775194	0.00775194	0	0.0310078	0	0	0	0	0	0.728682	0.116279	0	0.0465116	0.108527	0	0	0.124031	0	0.00775194	0	0.0155039	0	0	0.209302	0.0930233	0.0310078	0.00775194	0.0155039	0.00775194	0	0.0387597	0	0	0.00775194	0	0.0387597	0.00775194	0.00775194	0.0542636	0.00775194	0	0.0232558	0.0155039	0	0.0310078	0	0	0	0.0775194	0	0	0	0	0	0	0	0	0.20155	0	0	0.0310078	0	0.139535	0.108527	0.0155039	0.0387597	0.00775194	0.00775194	0	0.0155039	0.108527	0	0	0.209302	0.00775194	0	0	0	0.0155039	0.0155039	0.00775194	0.0232558	0	0.00775194	0	0	0.511628	0.0852713	0.0155039	0.00775194	0	0.976744	0.0155039	0.0465116	0	0.00775194	0.170543	0	0.0155039	0.0155039	0.0387597	0.263566	0	0	0.00775194	0	0	0.209302	0	0.00775194	0.100775	0.0155039	0.0542636	0.20155	0	0	0.147287	0.0232558	1.14729	0	0.00775194	0.00775194	0.0387597	0	0	0.00775194	0.0465116	0.0232558	0.155039	0.426357	0	0.100775	0.0155039	0	0.0155039	0	0	0	0	0.0155039	0.403101	1.44961	0	0.0852713	0	0.0930233	0	0.0775194	0.00775194	0.0387597	30.2481	0.651163	0.976744	0	0.24031	0	5.58915	0.387597	0	0	0	0	0	0	0	
33.4729	0.550388	0	0.00775194	0.0155039	0.00775194	0.0542636	0.170543	0	0.0155039	0.713178	0	0.00775194	0	0.0852713	0.627907	0.403101	0.775194	0.0155039	0.00775194	2.5969	0	0.248062	0.302326	0.0155039	0	0	0.27907	0.00775194	0	0	0	1.78295	1.89922	0.0155039	0	0	0	0	1.66667	0	0.0155039	0	0	0	0.0697674	0	0	0.0852713	0.00775194	0.00775194	0.0155039	0.0310078	0	0.0310078	0.00775194	0.00775194	0	0.00775194	0.0542636	0.00775194	0.472868	0	0.00775194	0.155039	0.0620155	0	0.0232558	0.0232558	0.0310078	0	0	0	0	0	0.0387597	0	0	0.178295	0	0	0.0232558	0.00775194	0.0155039	0	0.00775194	0	0	0	0	0.0232558	0.20155	0.00775194	0	0	0	0	0.0155039	0	0.131783	0.0310078	0.131783	0.0852713	0	0	0	0.00775194	0	0	0.00775194	0	0.00775194	0	0	0	2.94574	0.178295	0	0.0465116	0.0620155	0	0	0.0465116	0	0	0	0	0	0.00775194	0	0.0930233	0.0155039	0	0	0.0232558	0	0	0	0	0.00775194	0	0	0.00775194	0	0.193798	0.0310078	0	0	0.00775194	0.0620155	0.0465116	0.0155039	0.00775194	0	0.0310078	0	0	0	0	0	0	0	0	0.193798	0	0	0.0542636	0	0	0.0387597	0	0.00775194	0.00775194	0.00775194	0	0	0.0155039	0	0	0.310078	0	0	0	0	0.0387597	0	0	0.0232558	0	0	0	0	0.0232558	0.00775194	0.0155039	0.0775194	0	1.76744	0.100775	0.00775194	0	0.139535	0.124031	0	0	0.0155039	0	0.124031	0.0155039	0	0	0	0	0.0310078	0	0.0697674	0.0155039	0.0155039	0.0387597	0.0310078	0	0	0.0232558	0.0155039	0.705426	0	0.00775194	0.00775194	0	0	0	0	0.0620155	0	0.00775194	0	0	0.00775194	0	0	0	0	0	0	0	0.0542636	0.186047	1.68217	0	0.0232558	0	0.286822	0	0.0542636	0.00775194	0.116279	24.1395	0.658915	2.21705	0	1.0155	0.0155039	13.155	0.449612	0	0	0	0	0	0	0	
10.0078	0	0	0.0387597	0.0620155	0	0.20155	0.0775194	0	0.0620155	0.0465116	0	0.0542636	0.0232558	0.0155039	0.193798	0.248062	0	0	0.0232558	0.364341	0.0775194	0	0.0697674	0	0.00775194	0	0.0310078	0	0	0	0	0.24031	0.387597	0	0	0	0.108527	0	0.0465116	0	0.00775194	0	0	0.00775194	0	0	0.147287	0.0310078	0.00775194	0.147287	0	0	0.00775194	0	0.00775194	0	0	0.0155039	1.65116	0	0.0387597	0	0	0.0155039	0	0	0	0.0620155	0.0387597	0	0	0.00775194	0	0	0.00775194	0	0	0.0155039	0	0	0.0775194	0	0.0232558	0	0.0310078	0	0	0	0	0.0155039	0.0155039	0	0	0	0	0	0.108527	0	0.00775194	0.0232558	0.0930233	0.0155039	0.178295	0.0155039	0.0310078	0.00775194	0.00775194	0	0	0	0.00775194	0.00775194	0	0	0.209302	0.0155039	0	0.0232558	0	0	0.00775194	0.0310078	0	0	0	0	0	0	0.116279	0.00775194	0	0	0.00775194	0	0	0	0	0	0	0	0.00775194	0.00775194	0	0.271318	0.131783	0	0	0.0775194	0	0.0155039	0	0.193798	0	0	0	0	0	0.0387597	0.0155039	0	0	0.0232558	0.0232558	0.00775194	0.0155039	0	0	0.0852713	0.0465116	0	0.0310078	0.0155039	0	0	0	0.00775194	0	0	0.0310078	0.00775194	0	0	0	0	0	0	0.0387597	0	0	0	0	0.0232558	0.0387597	0.0232558	0	0	0.0620155	0	0.0852713	0.0465116	0.00775194	0	0	0.00775194	0	0	0.00775194	0.0232558	0	0	0	0	0.0232558	0	0.0775194	0.0232558	0.00775194	0.0155039	0.0155039	0	0.00775194	0.0155039	0	0.00775194	0	0	0	0	0	0	0.00775194	0.0697674	0	0.0310078	0.0310078	0	0.0310078	0	0	0	0.139535	0	0	0	0	0.100775	0.224806	0	0.00775194	0	0.0155039	0	0.0387597	0	0.00775194	6.68992	0.0232558	0	0	0	0	0.0775194	0.00775194	0	0	0	0	0	0	0	
35.5504	1.02326	0	0.0232558	0.00775194	0.0155039	0.131783	0.162791	0	0.395349	0.44186	0	0	0.00775194	0.00775194	1.20155	1.43411	0.0387597	0.271318	0.0930233	2.21705	0.178295	0.0775194	0	0.0387597	0.503876	0	0	0	0	0	0	2.4186	1.54264	0.108527	0	0.0155039	0	0	0.899225	0.0155039	0	0	0.0155039	0.00775194	0.0542636	0	0.0310078	0.0697674	0	0.356589	0	0.0542636	0.00775194	0	0.224806	0.0775194	0.0155039	0.0232558	0.0232558	0.0155039	0.418605	0.00775194	0	0.0542636	0.0310078	0	0.527132	0.0620155	0.0775194	0.00775194	0.0542636	0.0310078	0.00775194	0	0	0	0.0387597	2.18605	0	0	0.0232558	0	0	0	0.0387597	0.0155039	0	0.0697674	0	0.0542636	0.0155039	0.0542636	0.0310078	0	0	0.0620155	0.0620155	0	0	0	0.0310078	0.0155039	0.0232558	0	0.0930233	0	0.0775194	0.0232558	0.0387597	0	0.00775194	0	0.0775194	0	1.49612	0.0310078	0.0155039	0	0	0	0.00775194	0	0	0	0	0	0	0.00775194	0.0155039	0.178295	0.0387597	0	0.00775194	0.00775194	0	0.0465116	0	0	0.0155039	0.0155039	0.255814	0	0.00775194	1.56589	0	0	0	0.0232558	0.00775194	0.581395	0.00775194	0.0930233	0.0387597	0.0155039	0.0155039	0	0.00775194	0	0.0310078	0	0	0.00775194	0.0930233	0.0387597	0	0	0	0.0232558	0.124031	0	0.0310078	0	0	0	0	0.449612	0	0	0.0542636	0.0155039	0	0.0155039	0	0.0775194	0.0542636	0.00775194	0.00775194	0	0	0.0620155	0	0.100775	0	0	0.139535	0	0.131783	0.0155039	0	0.100775	0.403101	0.658915	0	0	0.0465116	0.155039	0.147287	0	0	0	0	0.00775194	0.356589	0	0	0.0155039	0.00775194	0.27907	0.00775194	0	0	0.0387597	0	0.0310078	0	0.00775194	0.0232558	0.0155039	0.0465116	1.4186	0.0232558	0.131783	0	0.00775194	0.0775194	0	0.00775194	0	0	0	0	0	0	0.00775194	0	0.108527	0.542636	0	0.0310078	0.00775194	0.0310078	0	0.0387597	0.00775194	0.116279	20.6977	0.0387597	0.0775194	0	0	0.00775194	0.457364	0.0310078	0	0	0	0	0	0	0	
8.31783	0	0	0.0155039	0	0	0.0542636	0.00775194	0.00775194	0.00775194	0.0310078	0	0	0	0	0.0542636	0.170543	0	0.00775194	0.0155039	0.100775	0	0	0.00775194	0	0	0	0	0	0	0	0	0.0310078	0.0155039	0	0	0	0	0	2.04651	0	0	0	0	0	0.0155039	0	0.0232558	0	0	0.263566	0	0.0155039	0	0.0852713	0.00775194	0.0465116	0	0.00775194	0.00775194	0.0620155	0.0310078	0	0	0.178295	0.00775194	0	0	0.0465116	0.0232558	0	0	0	0	0	0.0155039	0	0.193798	0.00775194	0	0	0.0310078	0	0.00775194	0	0.131783	0	0	0	0	0	0.0232558	0	0	0	0	0.0620155	0	0	0.00775194	1.04651	0	0.0155039	0	0	0	0	0.0232558	0	0	0	0.0387597	0.0155039	0	0	0.0465116	0	0.0155039	0	0.00775194	0	0	0	0	0	0	0	0	0	0.0465116	0	0	0	0.0775194	0	0	0.209302	0	0	0	0	0.00775194	0	0	0.0155039	0.00775194	0	0	0.00775194	0	0	0	0	0	0	0	0	0	0	0.271318	0	0	0	0.0310078	0.00775194	0	0	0	0.0155039	0.00775194	0	0.0775194	0	0	0	0	0	0	0	0.00775194	0.00775194	0	0	0	0	0	0	0.00775194	0	0	0.00775194	0	0.00775194	0	0.0155039	0.00775194	0	0.0465116	0	0	0	0.00775194	0.00775194	0	0	0	0.139535	0.131783	0	0	0	0	0	0	0	0	0.00775194	0.00775194	0.00775194	0.0232558	0	0	0	0	0.0155039	0	0.0232558	0	0	0	0	0.00775194	0	0	0.00775194	0.0232558	0	0	0	0.00775194	0	0	0	0	0	0	0	0.263566	0	0.0155039	0.0155039	0.00775194	0	0.00775194	0	0	1.13953	0.00775194	0.0155039	0	0.00775194	0	0.0775194	0	0	0	0	0	0	0	0	
7.00775	0.348837	0	0.00775194	0.0232558	0	0.162791	0.170543	0	0.217054	0.0930233	0	0.0232558	0	0.0310078	0.0465116	0.387597	0.0232558	0.472868	0.0697674	0.100775	0	0.100775	0.426357	0	0	0	0.0465116	0	0	0	0.0620155	0.248062	0.248062	0.348837	0.00775194	0.139535	1.56589	0.0620155	0.0155039	0.0620155	0.0232558	0.00775194	0.00775194	0	0.0155039	0	0.131783	0.0155039	0	0.294574	0.178295	0.0232558	0	0.147287	0.860465	0.0155039	0	0	0.0465116	0.00775194	0.0310078	0	0.0232558	0.170543	0	0.0465116	1.11628	0.0155039	0.116279	0	0.0697674	0.0930233	0	0	0	0	0	0.155039	0	0.0387597	0.0232558	0	0	0	0.00775194	0	0.0232558	0	0	0.0232558	0.0310078	0.44186	0	0	0	0	0.100775	0	0	0.00775194	0.0465116	0.00775194	0.00775194	0.124031	0.00775194	0	0.0697674	0.108527	0.0155039	0.0542636	0	0.0697674	0.232558	0.00775194	0.0542636	0.193798	0.00775194	0.0155039	0	0	0	0.0155039	0.0542636	0	0	0.00775194	0.0620155	0.0155039	0.124031	0.0387597	0	0	0.0155039	0.0542636	0.0310078	0	0	0	0.0155039	0	0.51938	0	0	0.0465116	0.0155039	0	0	0.00775194	0	1.04651	0.0232558	0.0232558	0.395349	0	0.72093	0.00775194	0.155039	0	0.00775194	0	0.00775194	0.124031	0.0232558	0.0387597	0.00775194	0.00775194	0	0.186047	0.0775194	0.248062	0.0155039	0.0155039	0	0.00775194	0	0.0232558	0	0	0.0232558	0.00775194	0.108527	0.131783	0	0.0155039	0.0930233	0.0620155	0	0.00775194	0	0.100775	0.0310078	0.0155039	0.116279	0.00775194	0.0155039	0.00775194	0.0310078	0	2.17829	0	0	0.0930233	0.0310078	0	0.953488	0.0310078	0.108527	0.0155039	0.116279	0.00775194	0	0	0.00775194	0.00775194	0.00775194	0.0155039	0.0155039	0.0930233	0.00775194	0.00775194	0	0.0155039	0	0	0	0	2.51163	0	0	0.310078	0.0155039	0	0.00775194	0	0.0310078	0	0.20155	0	0	0	0	0	0	0	0	0.0310078	0.744186	0	0.00775194	0	0.0155039	0	0.0232558	0	0.00775194	2.60465	0.00775194	0	0	0.00775194	0	0.0697674	0.00775194	0	0	0	0	0	0	0	
0	0	0	0	0	0	0	0	0	0	0	0	0	0	0	0	0	0	0	0	0	0	0	0	0	0	0	0	0	0	0	0	0	0	0	0	0	0	0	0	0	0	0	0	0	0	0	0	0	0	0	0	0	0	0	0	0	0	0	0	0	0	0	0	0	0	0	0	0	0	0	0	0	0	0	0	0	0	0	0	0	0	0	0	0	0	0	0	0	0	0	0	0	0	0	0	0	0	0	0	0	0	0	0	0	0	0	0	0	0	0	0	0	0	0	0	0	0	0	0	0	0	0	0	0	0	0	0	0	0	0	0	0	0	0	0	0	0	0	0	0	0	0	0	0	0	0	0	0	0	0	0	0	0	0	0	0	0	0	0	0	0	0	0	0	0	0	0	0	0	0	0	0	0	0	0	0	0	0	0	0	0	0	0	0	0	0	0	0	0	0	0	0	0	0	0	0	0	0	0	0	0	0	0	0	0	0	0	0	0	0	0	0	0	0	0	0	0	0	0	0	0	0	0	0	0	0	0	0	0	0	0	0	0	0	0	0	0	0	0	0	0	0	0	0	0	0	0	0	0	0	0	0	0	0	0	0	0	0	0	0	0	0	0	0	0	0	0	0	0	0	
16.8605	0.0930233	0	0.0155039	0	0.0232558	0.0387597	0	0.0155039	0.0775194	0.00775194	0	0.472868	0	0.0465116	1.03876	1.82171	0.0232558	0.00775194	0.0155039	1.29457	0.0387597	0.0852713	0.0387597	0	0.0310078	0	0	0	0	0	0.00775194	0.0465116	0.0465116	0	0	0	0	0	0.821705	0	0	0	0.0310078	0.0155039	0.0852713	0	0	0.170543	0.00775194	0.20155	0	0.00775194	0.0155039	0	0	0.0232558	0	0.0155039	0.100775	0	0.0387597	0	0	0.0465116	0.0155039	0	0.0155039	0.0775194	0.713178	0	0	0	0	0	0	0	0.00775194	0.0155039	0	0	0.224806	0	0	0	0.0310078	0.162791	0	0	0	0.00775194	0.100775	0.0232558	0	0.00775194	0	0	0	0.00775194	0.0155039	0.0155039	0.00775194	0.00775194	0	0	0.0232558	0.0155039	0	0	0.155039	0	0	0.00775194	0.00775194	0	0.899225	0.0697674	0	0.736434	0.0232558	0	0.0155039	0.178295	0	0	0	0.116279	0	0	0.116279	0.0155039	0.147287	0	0	0.0620155	0	0.00775194	0	0	0	0	0.0232558	0	0	0.0155039	0	0	0	0.0155039	0	0.0155039	0	0.0155039	0	0.00775194	0	0	0	0	0.0387597	0	0	0	0	0	0.0155039	0	0	1.36434	0	0	0.0310078	0	0	0	0	0	0	0	0.100775	0	0	0.0155039	0	0	0.00775194	0	0.0310078	0	0	0.0775194	0	0.0542636	0.0465116	0	0	0	0.0775194	0.0155039	0.00775194	0	0.00775194	0.00775194	0	0.0155039	0.0232558	0.0155039	0	0	0	0	0	0.0387597	0	0.0387597	0.0155039	0.310078	0	0	0	0	0	0.0155039	0	0.0930233	0	0.00775194	0.0232558	0.116279	0	0	0.0465116	0.00775194	0	0.0465116	0.0775194	0	0.472868	0	0	0	0	0	0	0	0	0.00775194	0.0155039	0	0.0232558	0	0.0775194	0	0.0620155	0.0232558	0.0465116	2.31783	0	0.116279	0	0.0155039	0	0.20155	0.00775194	0	0	0	0	0	0	0	
0.0232558	0	0	0	0	0	0	0	0	0.00775194	0	0	0	0.0310078	0	0	0.0465116	0	0	0	0	0	0	0	0	0.00775194	0	0	0	0	0	0	0.00775194	0.00775194	0	0	0	0	0	0	0	0	0	0.00775194	0	0	0	0	0	0	0.00775194	0	0	0	0	0	0	0	0	0	0	0	0	0	0	0	0.00775194	0	0	0.0465116	0	0	0	0	0	0	0	0	0	0	0	0	0	0	0	0	0	0	0	0	0	0	0	0	0	0	0	0	0	0	0	0	0	0	0	0	0	0	0	0	0	0	0	0	0	0	0	0	0	0	0	0	0	0	0	0	0	0	0	0	0	0	0	0	0	0	0	0	0	0.0155039	0	0	0	0	0	0	0	0	0	0	0	0	0	0	0	0	0	0	0	0	0	0	0	0	0	0	0	0	0	0.00775194	0	0	0	0.00775194	0	0	0	0	0	0	0	0	0	0	0	0	0	0	0	0	0	0	0	0	0	0	0	0	0	0	0	0	0.00775194	0	0	0	0	0	0	0	0	0	0	0	0	0	0	0	0.00775194	0	0	0	0	0	0	0	0	0	0	0	0	0	0	0	0	0	0	0	0	0	0	0	0	0	0	0	0	0.00775194	0	0	0	0	0	0	0	0	0.0232558	0	0	0	0	0	0	0	0	0	0	0	0	0	0	
0.100775	0	0	0	0	0	0	0	0	0	0	0	0	0	0	0.0387597	0.0697674	0	0	0	0.0155039	0	0	0	0	0	0	0.00775194	0	0	0	0	0	0	0	0	0	0	0	0.0465116	0	0	0	0	0	0	0	0	0	0	0	0	0	0	0	0	0	0	0	0.0387597	0	0	0	0	0	0	0	0	0	0	0	0	0	0	0	0	0	0	0	0	0	0.0775194	0	0	0	0	0	0	0.00775194	0	0	0	0	0	0	0	0	0	0	0	0	0	0	0	0	0	0	0	0	0	0	0	0	0	0	0.100775	0	0	0	0.00775194	0	0	0.0387597	0	0	0	0	0	0	0	0	0	0	0	0	0	0	0	0	0	0	0	0	0	0	0	0	0	0	0	0	0	0	0	0.00775194	0	0	0	0	0	0	0	0	0	0	0	0	0	0	0	0	0	0	0	0	0.00775194	0	0	0	0	0	0	0	0	0	0	0	0	0	0	0	0	0.00775194	0	0	0.00775194	0	0	0	0	0	0	0	0	0	0	0.00775194	0	0	0	0	0	0	0	0	0	0	0	0	0	0	0	0	0	0	0	0	0	0	0	0	0	0	0	0	0	0	0	0	0	0	0.658915	0	0	0	0	0	0.0155039	0	0.0155039	0	0	0	0	0	0	0.00775194	0	0	0	0	0	0.0155039	0	0	0	0	0	0	0	0	
2.31008	0.00775194	0	0	0	0	0.0465116	0	0	0	0	0	0	0	0	0.0232558	0.193798	0	0	0	0.186047	0	0	0.00775194	0	0.00775194	0	0.00775194	0	0	0	0	0	0	0	0	0	0	0	0.00775194	0	0	0	0	0	0.00775194	0	0	0	0	0	0	0	0	0	0	0	0	0.00775194	0.00775194	0	0	0	0	0	0	0	0.0155039	0.0155039	0	0	0	0	0	0	0	0	0	0.131783	0	0	0	0	0	0	0	0	0	0	0	0	0	0	0	0	0	0	0	0	0	0	0	0	0	0	0.0310078	0	0	0	0	0	0	0	0	0	0.0542636	0	0	0	0	0	0	0	0	0	0	0	0	0	0	0.0155039	0	0	0	0	0	0	0	0	0	0	0.00775194	0	0	0	0	0	0.00775194	0	0	0	0	0	0	0	0	0	0	0	0	0	0	0	0	0	0	0	0	0	0	0	0	0	0	0	0	0	0	0	0	0	0	0	0	0	0	0	0	0	0	0	0	0.00775194	0	0	0	0	0	0	0	0	0	0.00775194	0	0	0	0.0155039	0	0	0	0	0	0	0.00775194	0	0	0	0	0	0	0	0	0.00775194	0	0	0	0	0	0	0	0	0	0	0	0	0	0	0	0	0	0	0	0	0	0	0	0.00775194	0.00775194	0	0	0	0.155039	0	0	0	0.0155039	0.116279	0	0	0	0.0155039	0	0.0155039	0	0	0	0	0	0	0	0	
1.95349	0.0775194	0.00775194	0	0	0	0.00775194	0.0697674	0	0.00775194	0	0	0.27907	0	0.0155039	0.0310078	0.0387597	0	0.00775194	0.0465116	0.0620155	0.00775194	0	0.0155039	0	0.348837	0	0.00775194	0	0	0	0	0.0387597	0	0	0	0	0.00775194	0.209302	0.0310078	0	0.0155039	0	0	0.0155039	0	0	0.00775194	0.00775194	0.00775194	0.333333	0.00775194	0	0	0	0	0	0	0.0155039	0.108527	0	0	0	0	0	0	0	0.0155039	0	0.511628	0.0232558	0.0775194	0	0	0	0	0	0.186047	0	0	0	0	0	0.0542636	0	0	0	0.00775194	0	0	0.0232558	0	0	0	0	0	0	0.00775194	0.0542636	0	0	0.00775194	0	0	0	0.0232558	0	0	0	0	0.0310078	0	0	0.0465116	0	0	0	0	0.356589	0	0	0	0.0620155	0	0.00775194	0	0	0	0	0	0	0	0.0620155	0	0	0	0	0	0	0	0	0.0232558	0.00775194	0	0	0	0.131783	0	0	0.00775194	0.00775194	0	0	0	0	0	0	0	0	0	0.00775194	0	0	0.0155039	0	0.612403	0	0	0.217054	0	0.108527	0	0.00775194	0	0	0	0.0232558	0	0	0.00775194	0	0.0155039	0.00775194	0	0	0	0	0.0232558	0.0465116	0	0	0.0542636	0	0	0.465116	0	0.0930233	0	0.00775194	0.0232558	0	0	0	0	0	0	0.00775194	0.20155	0	0	0	0	0	0.00775194	0	3.00775	0.0232558	0	0.00775194	0	0	0	0.00775194	0	0	0	0.248062	0	0	0.0465116	0.0310078	0	0	0	0	0.00775194	0	0	0	0	0	0	0	0	0	0	0.0155039	0.00775194	0	0.0155039	0	0.00775194	0	0	0	0.00775194	0.325581	0	0	0	0	0	0	0	0	0	0	0	0	0	0	
8.12403	0.147287	0	0.488372	0.0310078	0	0.0697674	0.131783	0	0	0.488372	0.00775194	0	0.0310078	0.00775194	0.844961	0.24031	3.39535	0.0155039	0.155039	3.35659	1.87597	0.248062	0.0620155	0	0.0232558	0	0	0	0	0	0	0	0.302326	0	0.589147	0.00775194	0	0	1.6124	0	0	0	0	0	0	0	0	0	0	0.0930233	0	0	0	0.0155039	0.00775194	0	0	0	0.155039	0	0.829457	0	0	0.0155039	0.0697674	0	0.0232558	0.00775194	0.302326	0	0	0	0	0	0	0	0	0.0542636	0	0	0	0	0.00775194	0	0.0310078	0	0	0	0	0.186047	0	0	0.100775	0	0	0	0.0310078	0	0	0	0.0542636	0.00775194	0.193798	0	0	0	0.00775194	0	0	0	0	0	0.00775194	0	1.44186	0.317829	0.0310078	0.0232558	0	0.0697674	0.00775194	0.00775194	0	0	0	0.0232558	0	0	0	0.00775194	0	0	0	0.209302	0	0.0155039	0	0	0.00775194	0	0	0	0	0.00775194	0	0	0	0	0	0	0	0.0852713	0	0	0.00775194	0	0	0	0	0.0620155	0	0	0	0	0	0	0	0.00775194	0.0232558	0	0.0155039	0	0	0	0	0.0155039	0	0	0.170543	0.0542636	0	0	0	0.00775194	0	0	0	0.131783	0.00775194	0	0	0.00775194	0.00775194	0	0	0	0.00775194	0	0	0	0	0.0232558	0	0.00775194	0	0.00775194	0.503876	0.00775194	0	0	0	0	0.0310078	0.00775194	0	0	0.00775194	0.0155039	0.0232558	0	0	0	0.217054	0	0	0.00775194	0	0	0	0	0	0	0	0	0	0	0	0	0	0	0	0	0	0	0	0.178295	1.1938	0	0.139535	0	0	0	0.0155039	0	0	9.07752	0.0155039	0.0387597	0	0.186047	0.0232558	0.379845	0.0155039	0	0	0	0	0	0	0	
11.1008	0.837209	0	0.488372	0	0.00775194	0.0620155	0.186047	0	0	0.658915	0	0	0.0387597	0.0310078	0.968992	0.542636	0.193798	0	0.178295	3.0155	1.16279	0.682171	0.410853	0	0.00775194	0	0	0	0	0	0	1.09302	0	0	0.0542636	0.00775194	0	0.00775194	2.03101	0	0	0	0	0	0	0	0.00775194	0	0	0.131783	0	0.0155039	0	0.0232558	0	0	0	0	0.170543	0	1.31783	0	0	0.00775194	0.0310078	0	0.00775194	0.0155039	0.116279	0	0	0.00775194	0	0	0	0	0	0.0465116	0	0	0	0	0	0	0.0155039	0	0	0	0	0.108527	0	0	0	0	0	0	0.0232558	0	0	0	0.0387597	0	0.0232558	0.0155039	0	0	0	0	0	0	0	0	0.00775194	0	2.71318	0.310078	0	0.00775194	0	0.0465116	0.0155039	0.0155039	0	0	0	0	0	0	0	0.00775194	0	0	0	0.0387597	0	0.00775194	0	0	0.0465116	0	0.00775194	0	0.00775194	0.209302	0	0	0	0	0.0930233	0.00775194	0	0.0387597	0	0.0155039	0	0.00775194	0	0	0	0	0	0.00775194	0.00775194	0	0	0	0.00775194	0	0.0387597	0	0.00775194	0.00775194	0	0	0	0.0310078	0	0	0.209302	0.0155039	0	0	0	0	0	0	0	0.00775194	0	0	0	0.0232558	0.0232558	0	0	0	0.00775194	0	0	0.00775194	0.00775194	0.0775194	0	0	0	0	0.0697674	0.00775194	0.0930233	0	0	0	0.0310078	0.0310078	0	0	0.294574	0	0.00775194	0	0	0	0.0697674	0	0	0	0	0	0	0	0	0	0	0	0	0	0	0	0	0	0.00775194	0	0	0	0	0.0542636	0.899225	0	0.116279	0	0.0620155	0	0.0697674	0.00775194	0	19.1628	0.0387597	0.255814	0	0.379845	0.131783	0.620155	0.0232558	0	0	0	0	0	0	0	
0.449612	0.00775194	0	0.00775194	0	0	0.0155039	0	0	0	0	0	0	0	0	0	0.0232558	0	0	0	0	0	0	0.0465116	0	0.0155039	0	0	0	0	0	0	0	0	0	0	0	0	0	0	0	0	0	0	0	0	0	0	0	0	0	0	0	0	0	0	0	0	0	0.00775194	0	0.00775194	0.00775194	0	0	0	0	0	0	0	0	0	0	0	0	0	0	0	0	0	0	0	0	0	0	0	0	0	0	0	0	0	0	0	0	0	0	0	0	0	0	0	0	0	0	0	0	0.00775194	0	0	0	0	0	0	0	0.0232558	0	0	0	0	0	0	0	0	0	0	0	0	0	0	0	0	0	0	0	0	0	0	0	0	0	0	0	0	0	0	0	0	0.0310078	0	0	0	0	0	0	0	0	0	0	0	0	0	0	0.00775194	0	0	0	0	0	0	0	0	0	0	0	0	0.00775194	0	0	0.00775194	0	0	0	0	0	0	0	0	0	0	0	0	0	0	0	0	0	0.00775194	0	0	0	0	0.00775194	0	0	0	0.00775194	0	0	0	0	0	0	0	0	0	0	0	0.0310078	0	0	0	0	0	0	0	0	0	0	0	0.0542636	0	0	0	0.00775194	0	0	0	0	0	0	0	0	0	0	0	0	0	0	0	0	0	0	0	0	0	0.0465116	0	0	0	0	0	0	0	0	0	0	0	0	0	0	
7.20155	0.0930233	0	0.899225	0.00775194	0	0.162791	0.0465116	0.00775194	0.00775194	0.0775194	0	0.0387597	0	0.0155039	0.0775194	0.186047	0.00775194	0.0155039	0	0.193798	0.00775194	0.0387597	0.0310078	0	0	0	0.108527	0	0	0	0	0.0697674	0.0387597	0	0	0	0	0	1.02326	0.0155039	0	0	0	0	0.0310078	0	0.131783	0	0	0	0	0	0	0	0.0155039	0.0387597	0	0.00775194	0.147287	0.00775194	0	0	0	0.0697674	0.00775194	0	0.00775194	0.0232558	0.0697674	0	0	0	0.00775194	0	0	0	0.0232558	0.852713	0	0	0.124031	0	0	0	0.0155039	0	0	0	0	0.0232558	0.0155039	0	0	0	0	0	0	0	0.0387597	0.0155039	0	0.0620155	0.0697674	0	0	0	0	0	0.00775194	0	0.0387597	0	0	0	1.06977	0	0.00775194	0.00775194	0.00775194	0	0.0697674	0.0542636	0	0	0	0.0155039	0	0	0.00775194	0	0.0387597	0	0	0.100775	0	0	0	0	0	0.00775194	0.0155039	0	0	0.00775194	0	0	0	0.0542636	0	0	0	0.00775194	0	0	0	0.0775194	0	0	0.0387597	0	0	0	0	0	0	0	0.0155039	0.0620155	0	0	0	0.0232558	0	0	0	0	0	0	0.0155039	0	0	0.00775194	0	0.0542636	0	0	0.0155039	0	0.0542636	0	0	0.0387597	0.0620155	0	0.116279	0	0.0465116	0	0.00775194	0.00775194	0	0	0	0	0	0.0155039	0.0852713	0	0	0	0	0.00775194	0.0310078	0.0155039	0	0.00775194	0.0697674	0	0.00775194	0	0.0387597	0.0232558	0.00775194	0.0155039	0	0	0	0.124031	0	0	0	0	0	0.00775194	0.186047	0	0.0852713	0	0	0	0	0	0	0	0	0.0930233	0.0620155	0	0.00775194	0	0.00775194	0	0.0465116	0	0	1.16279	0	0	0	0	0	0	0	0	0	0	0	0	0	0	
0.217054	0.00775194	0	0	0	0	0	0.0155039	0.00775194	0	0	0	0	0	0	0	0	0	0	0.00775194	0	0	0	0.0232558	0	0.0775194	0	0	0	0	0	0	0	0.0310078	0.00775194	0	0	0	0	0	0	0	0	0	0	0	0	0.0155039	0.00775194	0	0.00775194	0	0	0	0	0.193798	0	0.00775194	0	0	0	0	0	0	0	0	0	0	0	0.00775194	0	0	0	0	0	0	0	0	0	0	0	0	0	0	0	0	0	0.00775194	0	0	0	0	0.0155039	0	0	0	0	0.0387597	0	0	0	0.00775194	0	0	0	0.00775194	0	0	0	0	0	0	0	0.00775194	0	0	0	0	0.00775194	0	0	0	0	0	0	0	0	0	0	0	0	0	0	0	0	0	0	0	0	0.00775194	0	0.0387597	0	0	0	0	0	0	0	0	0.0542636	0	0	0.00775194	0	0.108527	0	0	0	0	0	0	0	0	0	0	0	0	0	0	0	0	0.00775194	0	0	0	0.00775194	0	0	0	0	0	0	0	0	0	0	0	0	0	0	0	0	0	0	0	0	0	0	0	0	0	0	0	0	0.0465116	0	0	0	0	0	0	0	0.0155039	0	0	0	0	0.00775194	0	0	0	0	0	0	0	0	0	0	0	0.00775194	0	0	0	0.00775194	0	0	0.0310078	0	0	0	0	0	0	0	0	0	0.317829	0	0	0	0.00775194	0	0	0	0	0.0465116	0	0	0	0	0	0.0155039	0	0	0	0	0	0	0	0	
0.124031	0	0	0	0	0	0.00775194	0	0	0	0	0	0	0	0	0	0.0155039	0.0620155	0	0.00775194	0	0	0.100775	0	0	2.62016	0	0	0	0	0	0.00775194	0.0775194	0.0232558	0	0	0.0542636	0	0	0	0	0	0	0	0	0	0	0	0	0	0.00775194	0	0	0	0.00775194	0	0	0	0	0.116279	0	0	0	0	0.00775194	0	0	0.0310078	0	0	0	0	0	0	0	0	0	0	0.00775194	0	0	0.0775194	0	0	0	0	0	0	0	0	0	0	0.0155039	0	0	0	0	0	0	0	0	0.0232558	0	0	0	0	0	0.00775194	0	0	0	0	0.0155039	0	0	0	0.139535	0	0	0	0	0	0	0	0	0	0	0	0	0	0	0	0	0	0	0.00775194	0	0	0	0	0	0.0155039	0	0	0	0	0	0	0	0	0.00775194	0	0	0	0	0	0	0	0	0	0	0	0	0	0.155039	0	0	0	0	0	0	0.00775194	0.0465116	0	0	0	0	0	0	0	0	0	0	0	0	0	0	0	0	0	0	0	0	0	0	0	0	0	0	0.0465116	0	0	0	0	0	0	0	0	0	0	0	0	0	0.00775194	0	0.170543	0	0	0	0	0	0	0.00775194	0.00775194	0	0	0	0	0	0	0	0	0	0	0	0.00775194	0	0	0	0	0	0	0	0	0	0	0.0310078	0.00775194	0	0	0	0	0	0	0	0	0.666667	0	0	0	0	0	0	0	0	0	0	0	0	0	0	
0.0620155	0	0	0	0	0	0	0.00775194	0	0	0	0	0	0	0	0	0	0	0	0	0.0155039	0	0	0	0	0	0	0	0	0	0	0.00775194	0	0	0	0	0	0	0	0	0	0	0	0	0	0	0	0	0	0	0	0	0	0	0	0	0	0	0	0	0	0	0	0	0	0	0	0	0	0	0	0	0	0	0	0	0	0	0	0	0	0	0	0.0310078	0	0	0	0	0	0	0	0	0	0	0	0	0	0.00775194	0	0	0	0	0	0	0	0	0	0	0	0	0.0155039	0	0	0	0	0	0	0	0	0	0	0	0	0	0	0	0	0	0	0	0	0	0.00775194	0	0.00775194	0	0	0	0	0	0	0	0	0	0	0	0.0155039	0	0	0	0	0	0	0	0	0	0	0	0	0	0	0	0	0	0	0	0	0	0	0	0	0	0	0	0	0	0	0	0	0	0	0	0	0	0	0	0	0	0	0	0	0	0	0	0	0	0	0	0	0	0	0	0	0	0	0	0	0	0	0	0	0	0	0	0	0	0	0	0	0	0	0	0	0	0	0	0	0	0	0	0	0	0	0	0	0	0	0	0	0	0	0	0	0	0	0	0	0	0	0	0	0	0	0	0	0	0	0	0	0	0	0	0	0	0	0	0	0	0	0	0	
1.7907	0.302326	0	0	0	0	0	0.0542636	0.193798	0.0542636	0.0620155	0	0.0155039	0	0	2.71318	0.767442	0.0232558	0.0542636	0	4.83721	0.968992	0.0155039	1.02326	0.217054	0	0	0.372093	0	0	0	0	8.90698	1.83721	0.00775194	0	0	0	0	0	0	0	0	0	0.00775194	0.263566	0	0	0.0697674	0	0.00775194	0	0.0620155	0	0.0232558	0.00775194	0	0	0.00775194	0.193798	0	0.689922	0	0.0387597	0.0465116	0	0	0.00775194	0.224806	0.348837	0	0	0	0	0	0	0	0.100775	0.302326	0.0155039	0	0.418605	0	0	0	0.232558	0.00775194	0	0.0697674	0	0.00775194	0	0	0	0	0	0.170543	0	0	0.232558	0.0232558	0.00775194	0.139535	0	0	0	0	0	0	0.0155039	0	0.00775194	0	0	0	0.620155	0	0	0	0.162791	0	0	0.0697674	0	0	0	0.0852713	0	0	1.17054	0.100775	0.271318	0	0.0155039	0	0	0.534884	0	0	0.00775194	0	0	0	0	0.124031	0	0	0	0.00775194	0	0.0232558	0	0.00775194	0	0.0697674	0	0	0	0	0.0310078	0	0	0	0.00775194	0	0	0	0	0.193798	0.0232558	0	0.131783	0	0	0	0	0.116279	0	0	0.542636	0	0	0.00775194	0	0.0387597	0	0.00775194	0	0	0.0232558	0.0310078	0	0.651163	0.00775194	0	0.00775194	0	0.627907	0.0930233	0	0.00775194	0.00775194	0.0620155	0	0.0155039	0	0.372093	0	0	0	0	0	0.0155039	0.0775194	0	0	0.178295	0	0.0387597	0.108527	0	0	0.356589	0.00775194	0.782946	0	0	0	0.0542636	0	0.00775194	0	0.116279	0.124031	0.209302	0.620155	0	0.162791	0	0	0	0.0387597	0	0	0	0	0	0.131783	0	0.00775194	0.00775194	0.116279	0	0.00775194	0.00775194	0	13.2016	0.0232558	0.00775194	0	0	0	0.0232558	0	0	0	0	0	0	0	0	
1.62791	0.0697674	0	0	0	0.00775194	0.00775194	0.604651	0	0.00775194	0	0	0.0310078	0	0	0.00775194	0.124031	0	1	0.0852713	0.0232558	0	0.00775194	0	0	0.0155039	0	0	0	0	0	0.124031	0	0.0542636	0	0	0	0	0	0.00775194	0	0	0.0697674	0	0	0.0387597	0	0	0	0	0.0465116	0	0.294574	0.0232558	0	0	0.0620155	0	0	0	0	0	0	0	0	0	0	0	0	1.65116	0	0	0	0	0	0	0	0	0.00775194	0	0.00775194	0	0.0930233	0	0	0	0	0.00775194	0	0	0.0232558	0	0	0.0387597	0	0	0	0.255814	0	0	0	0	0	0	0	0.0155039	0	0	0	0	0	0	0	0	0	0.00775194	0	0	0	0	0	0	0.0852713	0	0	0	0	0	0	0	0.372093	0	0	0	0	0	0	0	0	0.294574	0	0	0	0	0.124031	0	0	0	0	0	0.0155039	0	0	0	0	0	0	0	0	0	0	0	0	0.00775194	0	0	0	0	0.852713	0	0	0	0	0.0155039	0	0	0.0387597	0	0	0.0542636	0	0	0	0	0.0155039	0	0	0	0	0	0	0	0	0	0	0	0	0	0	0	0.00775194	0	0.108527	0	0	0	0	0.0387597	0	0	0	0	0	0.0310078	0	0	0	0.00775194	0.0155039	0	0	0	0	0	0.0155039	0	0.00775194	0	0	0	0.00775194	0	0	0	0	0	0	0.0697674	0	0	0	0	0	0	0	0	0	0.139535	0	0	0	0.0542636	0	0	0	0	0.573643	0.00775194	0.00775194	0	0.0232558	0	0.0310078	0	0	0	0	0	0	0	0	
0.775194	0	0.00775194	0	0	0	0	0.00775194	0	0	0	0	0.170543	0	0	0	0.00775194	0	0	0	0	0	0.0310078	0	0	0	0	0	0	0	0	0.0155039	0	0	0	0	0	0	0	0	0	0	0	0	0	0	0	0	0	0	0.00775194	0	0	0	0	0	0	0	0	0.00775194	0	0	0	0	0	0	0	0	0	0	0	0	0	0	0	0	0	0	0	0	0	0	0	0.0155039	0	0	0	0	0	0	0	0	0	0	0	0	0	0.00775194	0	0.00775194	0	0	0	0	0	0	0	0	0	0	0.00775194	0	0	0	0	0.00775194	0.0155039	0	0	0	0	0	0.0155039	0	0	0	0	0	0	0	0	0	0.0465116	0.00775194	0	0	0	0	0	0	0	0	0	0	0	0	0.00775194	0	0	0	0	0	0	0	0	0	0	0	0	0	0	0	0	0	0	0	0	0	0.0155039	0	0.00775194	0	0	0	0	0	0	0	0	0	0	0	0	0	0	0	0	0	0	0	0	0	0	0.00775194	0.00775194	0	0	0	0	0	0	0	0	0	0	0	0	0	0	0	0	0	0	0	0	0.00775194	0	0	0	0	0	0	0	0	0.0310078	0	0	0	0	0	0	0	0	0	0	0	0	0	0	0	0	0	0	0	0	0	0	0	0	0	0	0.00775194	0	0	0	0	0.0697674	0	0	0	0.00775194	0	0	0	0	0	0	0	0	0	0	
0.410853	0	0	0	0	0	0	0.0930233	0	0.0232558	0	0	0	0.0232558	0	0	0.0155039	0.00775194	0.0620155	0	0	0	0.00775194	0	0	0	0	0	0	0	0	0	0	0	0	0	0	0	0	0	0	0	0	0	0	0	0	0	0	0	0	0.00775194	0.0310078	0	0	0	0	0	0	0	0	0	0	0	0	0	0	0	0	0.372093	0	0	0	0	0	0	0	0	0	0	0	0	0	0	0	0	0	0	0	0	0	0	0	0.00775194	0.0155039	0	0	0	0	0	0	0	0	0	0	0	0	0	0	0	0	0	0	0	0	0.00775194	0	0	0	0	0	0	0	0	0	0	0	0	0	0	0.0542636	0	0	0	0	0	0	0	0	0.108527	0	0	0	0	0	0	0	0	0	0	0	0	0	0	0	0	0	0	0	0	0	0	0	0	0	0	0	0	0.0155039	0.0155039	0	0	0	0	0	0	0.0155039	0	0	0	0	0	0	0	0	0	0	0	0	0	0	0	0	0	0	0	0	0	0	0	0	0.0155039	0	0	0	0	0.00775194	0	0	0	0	0	0	0	0	0	0	0	0	0	0	0	0	0	0	0	0	0	0	0	0	0.0310078	0	0	0	0	0	0	0	0	0	0	0	0	0	0	0	0.0232558	0	0	0	0	0	0	0	0	0.00775194	0	0	0	0	0	0.0232558	0	0	0	0	0	0	0	0	
7.96899	0	0	0.906977	0	0	0.0697674	0.217054	0	0.0232558	0.0310078	0	0.0155039	0	0	0	0.186047	0	0	0	0.00775194	0.00775194	0	0.00775194	0	0	0	0.00775194	0	0	0	0	0.131783	0	0	0	0.00775194	0	0	0	0	0	0	0	0	0	0	0.0232558	0	0	0.0310078	0	0	0.0155039	0	0	0.0620155	0	0	0.302326	0	0	0	0	0	0.100775	0	0.00775194	0	0.0620155	0	0	0	0	0	0	0	0	0	0	0	0	0	0	0.00775194	0.00775194	0.00775194	0	0	0	0.0310078	0	0	0	0	0	0	0	0	0	0	0	0	0	0	0.0697674	0	0	0	0.00775194	0	0	0	0	0	0	0	0	0	0	0	0	0	0	0	0	0	0	0	0	0.00775194	0	0	0.0232558	0.0697674	0	0	0	0	0.00775194	0	0.00775194	0	0.0387597	0	0.00775194	0	0	0	0.00775194	0.00775194	0	0	0	0	0	0.00775194	0	0	0	0	0.00775194	0	0.0155039	0	0	0	0	0.124031	0.0155039	0	0	0	0	0	0	0.0620155	0	0	0.0387597	0	0	0	0	0	0	0.0232558	0	0	0.0930233	0	0	0	0	0	0	0	0	0	0	0	0	0.00775194	0	0.00775194	0.00775194	0.00775194	0.0232558	0	0	0	0	0.0155039	0.00775194	0	0	0	0.00775194	0	0	0	0	0	0	0	0	0	0	0	0	0	0.0232558	0.00775194	0	0	0.0310078	0	0.0775194	0	0	0	0	0	0	0	0	0	0.162791	0	0.00775194	0	0.00775194	0	0	0	0.00775194	0.294574	0	0.0310078	0	0	0	0.00775194	0	0	0	0	0	0	0	0	
5.84496	0.00775194	0	0.00775194	0	0	0.0852713	0	0	0.0387597	0	0	0.705426	0.00775194	0.0775194	0.0542636	0.0620155	0.0697674	0.00775194	0	0.0310078	0.0232558	0.0232558	0.00775194	0	0.00775194	0	0	0	0	0	0.00775194	0.00775194	0.00775194	0	0	0	0.00775194	0	0	0	0	0	0.00775194	0	0	0	0.00775194	0	0	0.0232558	0	0	0	0.00775194	0	0	0.0387597	0	0.255814	0.0155039	0.00775194	0	0	0.00775194	0	0	0.00775194	0.0542636	0.0387597	0.0232558	0	0	0	0	0.00775194	0	0	0	0	0	0.0155039	0	0	0	0.0155039	0.00775194	0	0.00775194	0	0.00775194	0.0852713	0	0	0	0	0	0	0	0	0	0.0542636	0	0	0	0.00775194	0	0	0	0.00775194	0	0	0.0620155	0	0	0.0775194	0.00775194	0	0.0620155	0	0	0.0155039	0.0542636	0	0	0	0	0	0	0.0387597	0	0.0155039	0	0	0	0	0	0	0	0	0	0	0	0	0.0155039	0	0	0.00775194	0	0.0232558	0	0	0.00775194	0	0	0	0	0	0	0	0	0	0	0.00775194	0.00775194	0	0.00775194	0	0.310078	0.00775194	0.0155039	0.00775194	0.147287	0.116279	0	0	0	0	0	0.0542636	0	0	0	0	0	0	0	0	0	0.00775194	0	0	0	0	0	0	0	0.131783	0	0.00775194	0	0.00775194	0	0.00775194	0.00775194	0	0.0155039	0	0	0	0	0	0.00775194	0	0	0.310078	0.0775194	0	0	0	0	0	0	0	0	0	0	0	0	0	0	0.00775194	0	0	0	0.00775194	0	0.0155039	0	0	0.00775194	0.0232558	0	0	0	0	0	0.294574	0	0	0	0.00775194	0	0	0	0.0232558	0.294574	0	0.00775194	0	0	0	0.302326	0	0	0	0	0	0	0	0	
17.8527	0.0465116	0.00775194	0	0.0620155	0.00775194	0.155039	0.0232558	0.00775194	0.0232558	0.0852713	0	0.0387597	0	0	0.488372	2.13178	0.00775194	0.00775194	0.00775194	1.11628	0.0387597	0.255814	0.0930233	0.0232558	0.00775194	0	0.131783	0	0.0155039	0.0310078	0	0.00775194	0.0852713	0	0	0	0.0155039	0	1.62791	0.00775194	0	0	0	0	0	0	0.124031	0.0465116	0	0.0155039	0	0	0	0.00775194	0.00775194	0.00775194	0	0	0	0	0.0232558	0	0	0.0232558	0	0	0.0310078	0.124031	0.155039	0	0	0	0	0	0	0	0.0155039	0.0155039	0	0	0.0852713	0	0	0	0.48062	0.0155039	0	0.0155039	0	0.0155039	0.0542636	0	0	0	0	0.0310078	0.131783	0	0.0775194	0	0.0387597	0.0155039	0	0.0465116	0.00775194	0	0	0	0.00775194	0	0.00775194	0	0.0155039	0	1.02326	0.0387597	0	0.0775194	0	0	0.0697674	0	0	0	0	0	0	0.0310078	0.162791	0.0232558	0.0310078	0	0	0.193798	0	0.0232558	0	0	0.0852713	0	0.00775194	0	0.100775	0.0155039	0	0	0	0.0310078	0.00775194	0.0155039	0.00775194	0.0232558	0	0.0310078	0	0	0	0	0.00775194	0	0	0	0.00775194	0	0	0	0	0	0.00775194	0.00775194	0.0155039	0.139535	0.00775194	0	0	0.0310078	0	0	1.37984	0	0	0	0	0	0	0	0.170543	0	0.0232558	0.0310078	0	0.162791	0	0	0.00775194	0	0.162791	0.0232558	0.0155039	0	0	0.0465116	0	0	0	0.0387597	0	0	0	0	0	0.00775194	0.00775194	0	0.0775194	0	0.00775194	0.0155039	0	0	0	0.0542636	0	0.217054	0	0	0	0	0	0	0.0155039	0	0.00775194	0.0387597	0.317829	0	0	0	0	0	0	0	0	0	0	0.0155039	0.124031	0	0.0310078	0	0.108527	0	0.0387597	0	0.0310078	1.44961	0.00775194	0.0697674	0	0	0.00775194	0.147287	0.0232558	0	0	0	0	0	0	0	
0	0	0	0	0	0	0	0	0	0	0	0	0	0	0	0	0	0	0	0	0	0	0	0	0	0	0	0	0	0	0	0	0	0	0	0	0	0	0	0	0	0	0	0	0	0	0	0	0	0	0	0	0	0	0	0	0	0	0	0	0	0	0	0	0	0	0	0	0	0	0	0	0	0	0	0	0	0	0	0	0	0	0	0	0	0	0	0	0	0	0	0	0	0	0	0	0	0	0	0	0	0	0	0	0	0	0	0	0	0	0	0	0	0	0	0	0	0	0	0	0	0	0	0	0	0	0	0	0	0	0	0	0	0	0	0	0	0	0	0	0	0	0	0	0	0	0	0	0	0	0	0	0	0	0	0	0	0	0	0	0	0	0	0	0	0	0	0	0	0	0	0	0	0	0	0	0	0	0	0	0	0	0	0	0	0	0	0	0	0	0	0	0	0	0	0	0	0	0	0	0	0	0	0	0	0	0	0	0	0	0	0	0	0	0	0	0	0	0	0	0	0	0	0	0	0	0	0	0	0	0	0	0	0	0	0	0	0	0	0	0	0	0	0	0	0	0	0	0	0	0	0	0	0	0	0	0	0	0	0	0	0	0	0	0	0	0	0	0	0	0	
6.76744	0.0387597	0.0155039	4.03876	0.0542636	0	0.271318	0.0387597	0.0465116	0.0387597	0.0852713	0	0	0.0232558	0.0155039	0.131783	1.13953	0	0	0.0620155	0.0697674	0.0465116	0.0620155	0.0387597	0	0.0232558	0.00775194	0.0387597	0	0	0	0	0.162791	0.0775194	0.0232558	0.00775194	0	0	0	0	0	0	0	0.131783	0.00775194	0.186047	0	0	0.0155039	0	0.224806	0	0	0.364341	0.0930233	0.00775194	0.348837	0	0.0387597	1.5969	0.0620155	0.0155039	0	0	0.193798	0.147287	0	0.0775194	0.0232558	0.108527	0	0	0	0.0155039	0	0	0	0.0232558	0.0155039	0	0	0.00775194	0	0	0.00775194	0.0387597	0.0697674	0	0	0	0.0465116	0.0930233	0	0	0	0	0.0465116	0	0	0.0775194	0	0.124031	0.0310078	0.0620155	0.217054	0.155039	0	0.0465116	0	0.00775194	0	0.0232558	0	0.00775194	0	0.0387597	0.0775194	0.124031	0	0.0310078	0.0310078	0.108527	0	0	0	0	0.00775194	0	0.116279	0.0232558	0.0155039	0	0	0.0232558	0.0697674	0.0232558	0.0465116	0	0	0.00775194	0	0.0232558	0	0.0232558	0.0620155	0.0310078	0	0	0.170543	0.0465116	0.0155039	0	0.255814	0	0.00775194	0	0.116279	0	0	0.286822	0	0	0	0.0620155	0	0	0	0.0620155	0.0155039	0.0775194	0	0.0155039	0.0310078	0	0	0	0.00775194	0	0	0.108527	0.108527	0	0	0	0.0232558	0	0	0.155039	0	0	0	0	0.0155039	0	0	0	0	0.162791	0.0155039	0.00775194	0.0232558	0	0.0155039	0	0.00775194	0	0.0542636	0.0620155	0.00775194	0.0155039	0	0	0.0620155	0	0.00775194	0.0232558	0.00775194	0.852713	0.00775194	0	0	0	0.00775194	0	0	0	0.00775194	0	0	0	0	0.00775194	0.00775194	0	0	0.0155039	0.0232558	0	0	0	0.00775194	0	0	0	0	0	0.0387597	0.170543	0	0	0	0.0310078	0	0.0155039	0.00775194	0.0620155	0.930233	0.00775194	0.0310078	0.0310078	0	0	0.387597	0	0	0	0	0	0	0	0	
1.50388	0	0	0	0	0	0	0.00775194	0	0	0.00775194	0	0	0	0	0.0310078	0.00775194	0	0	0	0.379845	0.0155039	0	0	0	0	0	0	0	0	0	0	0	0	0	0	0	0	0	0.0930233	0	0	0	0	0	0.00775194	0	0	0	0	0	0	0	0	0	0	0	0	0	0	0	0	0	0	0	0	0	0	0	0	0	0	0	0.00775194	0	0	0	0	0	0	0	0	0	0	0	0	0	0	0	0	0	0	0	0	0	0	0	0	0	0.00775194	0	0	0	0	0	0.00775194	0	0	0	0	0	0	0	0	0	0.193798	0	0	0	0.0310078	0	0	0	0	0	0	0	0	0	0.0232558	0	0	0	0	0	0	0	0	0	0	0	0	0	0.00775194	0	0.0232558	0	0	0	0	0	0	0.0232558	0	0.0232558	0	0	0	0	0	0	0	0	0	0	0	0	0	0	0	0	0	0.0310078	0	0	0	0	0	0	0.0155039	0	0	0	0	0	0	0	0	0	0	0	0	0.0232558	0	0	0	0	0.139535	0.00775194	0	0	0	0	0	0	0	0	0	0	0	0	0	0	0	0	0.0155039	0	0	0	0.00775194	0	0	0	0	0.0310078	0	0	0	0	0	0	0	0	0	0	0	0	0	0	0	0	0	0	0	0	0	0	0.0155039	0	0	0	0	0	0	0	0	0.155039	0	0	0	0	0	0.0232558	0	0	0	0	0	0	0	0	
1.5814	0	0	0.0697674	0	0	0	0	0	0.00775194	0	0	0.503876	0	0	0.00775194	0.0232558	0.186047	0	0	0.0465116	0.0155039	0.147287	0	0	0	0	0	0	0	0	0.00775194	0.00775194	0	0	0	0	0	0	0	0	0	0	0	0	0.00775194	0	0	0	0	0	0	0	0	0	0	0.0232558	0	0.0155039	0.0620155	0	0	0	0	0	0	0	0	0	0.00775194	0	0	0	0	0	0	0	0	0	0	0	0	0	0.139535	0	0	0	0	0	0	0.131783	0	0	0	0	0	0	0	0	0	0	0.0155039	0	0	0	0	0.00775194	0	0	0	0.0155039	0	0	0	0	0.00775194	0	0.00775194	0	0	0	0	0.24031	0	0	0	0	0	0	0	0	0	0	0	0.0310078	0	0	0	0	0	0.00775194	0	0.0930233	0	0	0	0.00775194	0.00775194	0	0	0	0	0	0	0	0	0	0	0	0	0	0	0	0	0	0	0	0	0	0	0	0	0	0	0	0	0	0	0	0	0	0	0	0	0	0	0	0	0	0	0	0	0	0.186047	0.0310078	0	0	0	0	0	0	0	0	0	0	0	0.00775194	0.0155039	0	0	0	0	0	0	0.0620155	0.953488	0	0	0	0	0	0	0.0155039	0	0	0	0	0	0	0.0232558	0	0	0	0	0	0	0	0	0	0	0	0	0	0	0	0	0	0.00775194	0	0	0	0	0	0	0	0	0.232558	0	0	0	0	0	0.00775194	0	0	0	0	0	0	0	0	
6.22481	0.0232558	0	0	0.00775194	0	0.0155039	0.666667	0.00775194	0.937984	0.0620155	0	0.00775194	0.0310078	0	0.00775194	0.891473	0.0155039	0	0.178295	0.0310078	0.0387597	0.0387597	0	0.0465116	0.0155039	0	0.0310078	0.193798	0	0	0.00775194	0.147287	0.248062	0	0.0310078	0	0	0	0.00775194	0	0	0	0	0	0.0387597	0	0.00775194	0	0	0	0	0.0310078	0	0	0.0155039	0.0155039	0	0.00775194	0	0	0.00775194	0	0	0	0	0	0	0.0155039	0.286822	0	0.00775194	0	0	0.00775194	0	0	0	0.00775194	0	0	0.00775194	0	0	0	0.0155039	0.0155039	0	0.00775194	0	0.0310078	0.00775194	0	0.0232558	0	0	0.00775194	0.0155039	0	0	0.00775194	0	0	0	0	0	0	0.00775194	0	0	0	0	0	0	0	0.0387597	0.0155039	0	0.0542636	0	0	0.00775194	0.00775194	0	0	0	0.0232558	0	0	0	0.00775194	0	0	0	0	0	0	0	0	0.0775194	0.0465116	0	0	0	0.0620155	0.0775194	0	0.0310078	0.00775194	0	0	0	0.0155039	0	0	0	0.00775194	0	0	0	0	0	0	0.00775194	0	0	0	0	0.0232558	0.0310078	0	0	0.0155039	0	0	0	0.0542636	0	0	0.0155039	0	0	0	0	0	0	0.0542636	0.0387597	0	0	0.472868	0	0	0	0	0.0232558	0	0	0	0	0.00775194	0	0	0	0	0	0.0232558	0.0775194	0	0	0	0	0.0310078	0.0155039	0	0	0	0	0.0387597	0	0	0	0.00775194	0	0	0	0	0	0	0	0	0	0	0	0	0	0	0.0155039	0	0	0	0	0	0	0	0	0	0.100775	0	0.0232558	0	0.0310078	0	0.379845	0.232558	0.488372	21.4186	0	0.0465116	0	0	0	0.248062	0.100775	0	0	0	0	0	0	0	
0	0	0	0	0	0	0.0155039	0	0	0	0	0	0	0	0	0.00775194	0	0	0.0387597	0	0	0	0	0	0	0.124031	0	0	0	0	0	0	0	0	0	0	0	0	0	0	0	0	0	0	0	0	0	0.0232558	0	0	0	0	0	0	0	0	0	0	0	0	0	0.00775194	0	0	0	0	0	0	0	0	0	0	0	0	0	0	0	0	0	0	0	0	0	0	0	0	0	0	0	0	0	0	0	0	0	0	0	0	0	0	0	0	0	0	0	0	0	0	0	0	0	0	0	0	0	0	0	0	0	0	0	0	0	0	0	0	0	0	0	0	0	0	0	0	0	0	0	0	0	0	0	0	0	0	0	0	0	0	0	0	0	0	0	0	0	0	0	0	0	0	0	0	0	0	0	0	0	0	0	0	0	0	0	0	0	0	0	0	0	0	0	0	0	0	0	0	0	0	0	0	0	0	0	0	0	0	0	0	0	0	0	0	0	0	0	0	0	0	0	0	0	0	0	0	0	0	0	0	0	0	0	0	0	0	0	0	0	0	0	0	0	0	0	0	0	0	0	0	0	0	0	0	0	0	0	0	0	0	0	0	0	0	0	0	0	0	0.00775194	0	0	0	0	0	0	0	0	0	0	0	0	0	0	
14.7674	1.1938	0.00775194	0.0232558	0.0232558	0	0.124031	0.627907	0	0.488372	0	0	0.00775194	0.51938	0	1.03101	1.63566	0.0775194	2.8062	0.0620155	1.10853	0.666667	0.0852713	0.689922	0.00775194	0.224806	0	0.0232558	0.00775194	0.00775194	0	0.0620155	0.209302	0.976744	0.0465116	0	0	0	0	1.10853	0.170543	0	0	0.00775194	0	0.00775194	0	0.0465116	0	0	0.550388	0	0	0.0155039	0	0.00775194	0.0232558	0	0.0310078	0.170543	0	0.0697674	0	0	0.00775194	0.0155039	0	0.0232558	0	1.06977	0	0.00775194	0	0	0.00775194	0	0.00775194	0.0155039	1.42636	0	0	0.0852713	0	0.0155039	0	0	0	0	0.0310078	0	0.00775194	0	0.00775194	0.0155039	0.0155039	0	0.00775194	0.0155039	0	0.00775194	0.0155039	0.00775194	0	0.00775194	0	0.100775	0	0.100775	0	0	0	0	0.00775194	0.00775194	0	0.782946	0	0.0232558	0.209302	0	0	0.00775194	0.0387597	0	0.00775194	0	0.00775194	0	0	0.0155039	1.29457	0	0	0.0155039	0	0	0.0155039	0	0	0.224806	0	0.0232558	0	0	1.10078	0	0	0	0	0.00775194	0.0232558	0	0.0387597	0	0	0	0	0	0	0.0852713	0	0	0	0	0.00775194	0	0	0	0.790698	0.124031	0.0310078	0	0	0	0	0	0.674419	0.0155039	0	0.0852713	0	0.139535	0	0	0.224806	0	0	0.00775194	0.00775194	0	0.0465116	0	0	0	0	0.0852713	0	0	0.00775194	0.00775194	0.00775194	0.891473	0.906977	0	0.0232558	0.0155039	0.0542636	0.00775194	0	0	0	0	0.00775194	0.434109	0	0	0.0697674	0	0.193798	0	0	0	0.0542636	0	0	0	0	0.0387597	0	0	1.13178	0.0155039	0.00775194	0	0.0387597	0.0232558	0	0.0387597	0	0	0	0.00775194	0	0	0	0	0.0155039	0.72093	0	0	0	0.170543	0	0	0.00775194	0	6.48062	0.0387597	0.0155039	0	0	0.0155039	0.0620155	0.0232558	0	0	0	0	0	0	0	
1.94574	0.0155039	0	0.108527	0	0	0.317829	0.100775	0.0155039	0.00775194	0	0	0.0232558	0.00775194	0	0.20155	0.534884	0	0	0.0155039	0.0930233	0	0.0232558	0	0.00775194	0.00775194	0	0.0852713	0	0	0	0	0	0	0.0697674	0	0.00775194	0	0	0	0	0	0	0.193798	0	0	0	0.116279	0.00775194	0.0465116	0.0465116	0	0	0	0	0	0.170543	0	0.0155039	1.39535	0.0310078	0	0	0	0.00775194	0.271318	0	0.00775194	0.00775194	0.0620155	0.00775194	0	0	0.0387597	0	0.0232558	0	0	0	0	0	0	0	0	0	0	0.162791	0	0	0	0.0387597	0	0	0	0	0	0	0	0	0.0155039	0.00775194	0	0	0	0	0.286822	0	0	0	0	0	0	0	0	0	0.0155039	0	0.00775194	0	0.00775194	0	0.186047	0.00775194	0	0	0.00775194	0.00775194	0	0	0.0697674	0.00775194	0.00775194	0	0.0155039	0.100775	0	0.0155039	0	0	0	0	0.00775194	0	0.0310078	0.286822	0	0	0	0.0232558	0.0465116	0	0	0	0	0.00775194	0	0.147287	0	0	0.0155039	0	0.0387597	0.0155039	0.0542636	0	0	0	0	0.0697674	0.0310078	0	0	0.0232558	0	0	0	0	0	0	0.0775194	0	0	0	0	0	0	0	0	0	0	0	0	0.0310078	0	0	0	0	0.0542636	0	0.0930233	0	0	0.00775194	0	0.00775194	0	0	0	0	0	0	0	0.217054	0.00775194	0	0.0155039	0	0.604651	0.00775194	0.00775194	0	0	0.0310078	0	0	0	0	0	0	0	0	0.0155039	0.00775194	0	0	0.0232558	0	0	0	0.0310078	0	0	0	0	0	0	0.00775194	0.162791	0	0	0	0	0	0.00775194	0	0	0.00775194	0	0.0310078	0	0	0	0.0930233	0	0	0	0	0	0	0	0	
12.2791	0.00775194	0	0.0697674	0.0697674	0.0465116	0.713178	0.0542636	0.465116	0.116279	0.24031	0	0.0465116	0	0.0232558	0.627907	0.736434	0.0155039	0	0	1.51938	0.286822	0.116279	0.0697674	0.186047	0.596899	0	0.0155039	0	0	0.0155039	0	0.232558	0.782946	0	0	0	0.0155039	0	0.782946	0	0	0	0.00775194	0.00775194	0.0465116	0	0.0852713	0	0	0.0542636	0	0	0	0	0.00775194	0.0387597	0	0.0155039	2.10853	0.0930233	0.651163	0	0.0232558	0.0542636	0.0310078	0	0	0.0155039	0.0697674	0.0155039	0	0.0155039	0	0	0	0	0.131783	0.0310078	0	0	0.0697674	0	0	0	0.0232558	0.0155039	0	0	0	0.20155	0.24031	0.0387597	0	0	0	0.0930233	0.0620155	0.00775194	0.0310078	0.116279	0.550388	0.0542636	0	0.0155039	0.108527	0.0155039	0.232558	0	0	0	0.0155039	0.100775	0	0	0.697674	0.286822	0	0.0232558	0	0	0.0155039	0	0	0	0	0.00775194	0	0	0	0	0.0155039	0	0.155039	0.178295	0	0.139535	0	0	0.0155039	0	0	0.00775194	0	0.100775	0	0	0.00775194	0.271318	0.0310078	0	0	0	0	0.00775194	0	0.00775194	0	0	0.689922	0	0	0.0775194	0.0232558	0.0465116	0	0	0.00775194	0.124031	0	0	0.310078	0.162791	0	0	0	0	0	0	0.0930233	0.0155039	0	0	0	0.00775194	0	0	0.333333	0.0155039	0	0.0155039	0	0	0.0775194	0.00775194	0	0	0.116279	0.0310078	0.286822	0.00775194	0	0.0465116	0	0	0	0.395349	0.00775194	0.0542636	0.0155039	0	0	0	0.0155039	0.0542636	0.0930233	0.0155039	0.0155039	0.0775194	0.00775194	0	0	0.0697674	0	0.147287	0	0.170543	0	0	0	0	0.00775194	0.0155039	0	0	0.100775	0	0.0465116	0	0.0155039	0	0.00775194	0	0	0	0	0.00775194	0.124031	0	0.00775194	0.00775194	0.0697674	0	0.00775194	0	0	12.3798	0.0465116	0.131783	0	0	0	0.170543	0	0	0	0	0	0	0	0	
0.379845	0.0310078	0	0	0	0	0.00775194	0.108527	0	0.00775194	0	0	0	0	0	0.00775194	0.0465116	0	0	0	0.00775194	0	0	0.0155039	0	0.162791	0	0	0	0	0	0	0.00775194	0.0155039	0.0387597	0	0	0	0	0	0	0	0	0.00775194	0	0.00775194	0	0	0	0	0	0	0	0	0	0	0	0	0	0	0	0.00775194	0	0	0	0	0	0.0155039	0	0.00775194	0	0	0	0	0	0	0	0	0	0	0	0	0	0	0	0	0	0	0	0	0	0.0310078	0	0	0	0	0	0.0232558	0	0	0	0	0	0	0	0	0	0	0	0	0	0	0	0.00775194	0	0.0155039	0	0	0	0	0	0	0	0.00775194	0	0	0	0	0.00775194	0	0	0	0	0	0.0155039	0	0	0.00775194	0	0	0	0.0232558	0	0.00775194	0	0.209302	0	0	0	0	0.0232558	0	0.00775194	0	0	0.124031	0	0	0	0.0155039	0	0	0	0	0.00775194	0	0	0	0	0	0	0	0	0	0	0	0	0	0	0	0	0	0	0	0	0.00775194	0	0	0	0	0	0	0.00775194	0	0	0	0	0	0	0	0	0	0	0	0	0.0697674	0	0	0	0	0	0	0	0	0	0	0	0	0.00775194	0	0	0	0	0	0	0	0	0.0155039	0	0.00775194	0.0155039	0	0	0	0	0	0	0	0	0	0	0	0	0	0	0	0	0.0697674	0	0	0	0.00775194	0	0.0155039	0	0	0	0	0	0	0	0	0.0155039	0	0	0	0	0	0	0	0	
10.8527	0.108527	0	0.0930233	0.00775194	0	0.209302	0	0	0.0155039	0.00775194	0	0.00775194	0.821705	0.0310078	0.0387597	0.00775194	0.0310078	0	0	0.155039	0.00775194	0.0620155	0.0310078	0.0542636	0.00775194	0	0.0232558	0	0	0	0	0.00775194	0	0.0155039	0	0	0	0	0.00775194	0	0.00775194	0	0.0155039	0.00775194	0	0	0.170543	0.0232558	0	0.0155039	0	0.00775194	0.0310078	0.0155039	0	0	0	0.00775194	1.33333	0.00775194	0.0232558	0	0	0.00775194	0.356589	0	0.0310078	0.00775194	0.0155039	0	0	0	0.457364	0	0	0	0.0387597	0.0930233	0.0232558	0	0.0310078	0	0	0	0	0.0232558	0	0.217054	0	0.294574	0	0	0	0	0	0	0	0	0.00775194	0.0387597	0.00775194	0	0.00775194	0.0155039	0.0620155	0	0.0155039	0	0	0	0.00775194	0.00775194	0.0232558	0	0.0697674	0.00775194	0.0542636	0.0232558	0.00775194	0	0.0775194	0.00775194	0	0	0	0	0	0.0387597	0.0310078	0	0.0387597	0.00775194	0	0.162791	0	0.00775194	0	0	0	0	0	0	0.0155039	0.48062	0	0	0	0	0.100775	0.0232558	0	0	0.0155039	0	0	0.0155039	0	0.00775194	0.00775194	0	0	0.00775194	0.00775194	0.00775194	0	0	0	0	0	0	0	0.00775194	0.0155039	0	0	0.00775194	0	0	0.00775194	0	0	0	0	0.0387597	0	0	0.116279	0	0	0.0310078	0	0.0310078	0	0	0	0.00775194	0	0.0310078	0.0387597	0	0	0.0155039	0	0	0	0.0465116	0.0155039	0	0	0	0	0.0542636	0	0.00775194	0.0232558	0.00775194	0.116279	0	0	0	0	0.00775194	0	0.0387597	0	0.0155039	0	0	0	0	0.209302	0	0	0.0155039	0.131783	0	0.0310078	0	0	0	0	0	0	0	0	0.0465116	0.186047	0	0.00775194	0	0	0	0	0	0	0.496124	0.0155039	0.0542636	0	0	0	0.155039	0	0	0	0	0	0	0	0	
1.06202	0	0	0.0155039	0	0	0.0155039	0	0.00775194	0.0310078	0.00775194	0	0.100775	0	0	0	0.00775194	0	0.0155039	0	0	0	0.0155039	0	0.00775194	0	0	0	0	0	0	0	0	0	0	0	0	0	0	0	0	0	0	0	0.00775194	0	0	0.00775194	0	0	0.0232558	0	0	0.00775194	0	0	0	0	0	0.0310078	0	0	0	0.00775194	0	0	0	0	0	0.00775194	0.0310078	0	0	0	0	0	0	0	0	0	0	0	0	0	0	0	0	0	0	0	0	0	0	0	0	0	0	0	0	0	0	0	0	0	0	0	0	0	0	0	0	0	0	0	0	0	0.00775194	0	0	0	0	0	0.0155039	0	0	0	0	0	0	0	0	0	0	0	0	0	0	0	0	0	0	0	0	0	0	0	0	0	0	0	0	0	0	0	0	0	0	0	0	0	0	0	0	0	0	0	0	0	0	0	0	0.00775194	0.0930233	0.0310078	0	0	0	0	0	0	0	0	0	0	0	0	0	0	0	0	0	0	0	0	0	0	0	0	0	0	0	0	0	0	0.00775194	0	0	0.00775194	0	0	0	0	0	0	0	0.124031	0	0	0.00775194	0	0	0	0	0	0	0	0	0	0	0	0	0.00775194	0	0	0	0.00775194	0	0	0	0	0	0	0	0	0	0	0	0.0620155	0	0	0	0.0232558	0	0	0	0	0.00775194	0	0	0	0	0	0.00775194	0	0	0	0	0	0	0	0	
6.30233	0.0155039	0	0	0	0	0.449612	0.0310078	0.00775194	0	0.0155039	0	0	0	0	0.00775194	0.124031	0	0	0.00775194	0.0232558	0	0.0310078	0.0465116	0	0	0	0.124031	0	0	0	0	0	0.0232558	0	0	0	0	0	0.0465116	0.00775194	0	0	0.00775194	0	0.00775194	0	0.0387597	0	0.00775194	0.217054	0	0.00775194	0.00775194	0.00775194	0	0.00775194	0	0	1.08527	0.00775194	0.0155039	0	0	0.0155039	0	0	0.0155039	0.0232558	0.00775194	0	0	0	0	0	0	0	0	0.00775194	0	0	0	0	0.0155039	0	0.00775194	0	0	0	0	0	0.0542636	0	0	0	0	0	0	0	0.00775194	0	0.0775194	0	0.00775194	0	0	0.00775194	0.0232558	0	0	0.00775194	0.00775194	0	0.00775194	0	0.0232558	0	0.00775194	0	0	0	0	0.0155039	0	0	0	0.0232558	0	0	0	0	0.00775194	0.0465116	0.0310078	0	0	0.0155039	0	0	0	0	0	0	0	0.24031	0.00775194	0	0	0.0775194	0	0	0	0	0	0	0	0	0	0	0.0465116	0	0	0	0.0155039	0	0	0	0	0.0542636	0.00775194	0	0.0232558	0.00775194	0	0	0	0	0	0	0.0387597	0	0	0	0	0	0.00775194	0.00775194	0.0155039	0	0	0.00775194	0	0	0	0.170543	0.0155039	0	0.0542636	0	0	0.0232558	0.0387597	0.00775194	0	0	0	0.0155039	0.00775194	0	0	0	0	0	0	0	0.00775194	0	0.147287	0	0	0	0.00775194	0.00775194	0	0.24031	0	0	0	0	0	0	0	0	0	0	0.00775194	0	0	0	0	0	0	0	0	0	0	0.00775194	0.100775	0	0	0	0.0232558	0	0.0155039	0.00775194	0.0155039	0.534884	0.00775194	0.00775194	0	0	0	0.0155039	0	0	0	0	0	0	0	0	
2.71318	0.00775194	0	0.403101	0.232558	0	1.49612	0	0	0.0310078	0.0155039	0	0.0310078	0.0155039	0.457364	0.00775194	0.0387597	0	0	0.00775194	0.0620155	0.0542636	2.68992	0.00775194	0	0.0155039	0	0	0	0	0	0.0155039	0.0465116	0.0310078	0	0	0	0.0310078	0.116279	0.0232558	0	0.00775194	0	0.139535	0.0387597	0.0155039	0	0.426357	0	0	0.0232558	0	0	0.217054	0.348837	0	0.178295	0	0.434109	0	0.0542636	0.0155039	0	0	0.387597	0.217054	0	0	0.00775194	0.0542636	0.0232558	0	0.0542636	0.00775194	0	0	0	0.00775194	0	0	0	0.0620155	0	0.0310078	0	0.0155039	0.387597	0	0	0	0.116279	1.03876	0	0	0	0	0.00775194	0.0232558	0.0155039	0	0.00775194	0.403101	0	0.116279	0.0620155	0.488372	0.124031	0.20155	0	0	0.00775194	0.170543	0.0542636	0	0	0.0232558	2.54264	0.0852713	0.449612	0.00775194	0	0.248062	0.0155039	0	0	0	0.00775194	0	0.0465116	0	0	0	0	0.217054	0.217054	0.0310078	0.00775194	0	0	0	0	0	0.116279	0.139535	0.00775194	0.00775194	0.0155039	0	0.75969	0.0542636	0.0310078	0.0387597	0.255814	0	0	0	0.131783	0.0155039	0.0310078	0.379845	0	0.0155039	0.116279	0.00775194	0.00775194	0.00775194	0.00775194	0.162791	0.0232558	0	0	0.0310078	0.217054	0.0542636	0	0	0	0	0	0	0.100775	0	0	0	0	0	0	0.527132	0	0	0	0	0	0.534884	0.147287	0	0.00775194	0	0	0.426357	0.286822	0	0.0232558	0	0	0	0	0	0.0620155	0.178295	0	0	0.139535	0	0.0775194	0.0620155	0.0155039	0.286822	0	0	0	0	0.00775194	0	0	0	0.147287	0	0.0155039	0.00775194	0	0.116279	0	0	0.0232558	0	0.00775194	0.00775194	0	0.0232558	0	0.00775194	0	0	0	0	0.0155039	0.0775194	0	0.00775194	0	0.0465116	0	0.0155039	0	0.00775194	1.71318	0	0.00775194	0	0.00775194	0.00775194	0.0232558	0	0	0	0	0	0	0	0	
5.68217	0.294574	0	2.74419	0	0	0.596899	0	0.286822	0.0542636	0.0232558	0	0.00775194	0.00775194	0.0155039	0.0310078	1.4186	0	0	0.0387597	0.116279	0	0.0465116	0.0620155	0.0310078	0	0	0	0	0	0	0.00775194	0.0697674	0	0	0.00775194	0.124031	0	0	0.186047	0	0	0	0.00775194	0	0.0387597	0	0.131783	0	0	0.217054	0	0	0.209302	0.0542636	0	0.217054	0	0.0387597	1.0155	0	0.0465116	0	0.00775194	0.0155039	0.0697674	0	0.00775194	0.0387597	0.0465116	0	0	0	0.00775194	0	0	0	0.341085	0.108527	0	0	0.0387597	0	0	0	0.0232558	0.0542636	0	0	0	0.186047	0.147287	0	0	0	0	0.0465116	0	0.00775194	0.0155039	0.124031	0.0852713	0.0155039	0.0155039	0	0.0465116	0	0.0852713	0	0	0	0.0310078	0.0155039	0	0	0.0310078	0.00775194	0	0	0	0	0.100775	0.0155039	0	0	0	0	0	0.0155039	0.00775194	0	0.00775194	0	0.0155039	0.0387597	0	0.178295	0	0	0	0	0	0	0.0387597	0.744186	0	0	0	0.100775	0.0542636	0	0	0.00775194	0	0	0	0.271318	0	0	0.155039	0	0.147287	0.0232558	0	0	0	0	0	0.310078	0	0	0	0.0697674	0	0	0	0	0	0	0.147287	0.0155039	0	0	0	0	0	0	0.426357	0	0.0232558	0	0	0.0542636	0.00775194	0	0	0	0.0775194	0	0.0620155	0.0155039	0.0930233	0.0155039	0	0	0	0.147287	0	0	0	0	0	0.00775194	0	0.00775194	0.0232558	0	0.100775	0.0155039	0.00775194	0	0	0	0	0	0	0.0155039	0	0	0	0	0.0155039	0.00775194	0	0	0.0930233	0	0.0232558	0	0.162791	0	0	0	0.00775194	0	0.00775194	0	0.286822	0	0	0	0	0	0	0	0	0.124031	0	0.0465116	0	0	0	0.0465116	0	0	0	0	0	0	0	0	
36.9147	0.565891	0	0.0310078	0.0387597	0.00775194	0.0232558	0.232558	0	0.0155039	1.31783	0	0.0155039	0.00775194	0.0232558	0.356589	0.24031	0.302326	0.100775	0.0387597	1.09302	0.248062	0.155039	0.395349	0	0.00775194	0	0.0155039	0.00775194	0	0.0155039	0	1.31008	1.5814	0.0232558	0	0.0155039	0	0	2.51938	0	0	0	0	0	0.0387597	0	0.00775194	0.00775194	0	0.209302	0	0.0775194	0	0.131783	0.0155039	0.0155039	0	0.0232558	0.147287	0	0	0	0.0155039	0.0387597	0.0697674	0	0.0232558	0.0310078	0.00775194	0.0542636	0	0	0	0	0.0620155	0	0	0.581395	0	0	0	0	0	0	0.0155039	0	0	0	0	0.00775194	0.00775194	0	0.00775194	0	0	0.0465116	0.00775194	0	0.0155039	0	0.0852713	0.00775194	0	0	0.0155039	0.00775194	0	0.00775194	0	0	0	0.0155039	0	0	2.07752	0.0155039	0	0.232558	0	0	0.0155039	0.00775194	0	0	0	0	0	0	0.00775194	0.131783	0	0.00775194	0.00775194	0	0	0	0	0	0	0	0	0	0	0.255814	0.0775194	0	0.00775194	0.00775194	0	0.0465116	0.00775194	0.00775194	0	0	0	0	0	0	0.0232558	0	0	0	0.224806	0	0	0.0155039	0.00775194	0.00775194	0.116279	0	0.00775194	0.0232558	0.00775194	0	0	0.100775	0	0	0.0155039	0	0	0	0	0	0	0	0	0	0	0	0	0	0.0310078	0	0.0310078	0.00775194	0.0387597	0.00775194	0.0465116	0.00775194	0.0310078	0.108527	0.00775194	0.0232558	0.0232558	0.00775194	0.302326	0	0	0	0	0	0.0310078	0	0	0	0	0.0852713	0.00775194	0	0	0.00775194	0	0.0232558	0	0.00775194	0	0	0	0	0.00775194	0.00775194	0	0	0	0	0	0.00775194	0	0	0	0	0	0	0.0232558	0.193798	1.30233	0	0.0155039	0	0.139535	0	0.0542636	0.0620155	0.116279	21.1938	0.387597	1.56589	0	0.55814	0	6.67442	0.248062	0	0	0	0	0	0	0	
0	0	0	0	0	0	0	0	0	0	0	0	0	0	0	0	0	0	0	0	0	0	0	0	0	0	0	0	0	0	0	0	0	0	0	0	0	0	0	0	0	0	0	0	0	0	0	0	0	0	0	0	0	0	0	0.0155039	0	0	0	0	0	0	0	0	0	0	0	0	0	0	0	0	0	0	0	0	0	0	0	0	0	0	0	0	0	0	0	0	0	0	0	0	0	0	0	0	0	0	0	0	0	0	0	0	0	0	0	0	0	0	0	0	0	0	0	0	0	0	0	0	0	0	0	0	0	0	0	0	0	0	0	0	0	0	0	0	0	0	0	0	0	0	0	0	0	0	0	0	0	0	0.0620155	0	0	0	0	0	0	0	0	0	0	0	0	0	0	0	0	0	0	0	0	0	0	0	0	0	0	0	0	0	0	0	0	0	0	0	0	0	0	0	0	0	0	0	0	0	0	0	0	0	0	0	0.00775194	0	0	0	0	0	0	0	0	0	0	0	0	0	0	0	0	0	0	0	0	0	0	0	0	0	0	0	0	0	0	0	0	0	0	0	0	0	0	0	0	0	0	0	0	0	0	0	0	0	0	0	0	0	0	0	0	0	0	0	0	0	0	0	0	0	0	0	0	
5.36434	0	0	0	0	0	0.0232558	0.0232558	0	0	0	0	0	0	0	0.0620155	0.333333	0	0	0	0.573643	0	0.00775194	0	0	0	0	0	0	0	0	0	0	0	0	0	0	0	0	0.186047	0	0	0	0	0	0.0465116	0	0.00775194	0	0	0.0697674	0	0	0	0	0	0	0	0	0	0	0.0155039	0	0	0	0	0	0	0.0310078	0	0	0	0	0	0	0	0	0	0.00775194	0.0155039	0	0	0	0	0	0.0620155	0	0	0	0	0	0	0	0	0	0	0	0	0	0	0	0	0.00775194	0	0	0	0	0	0	0	0	0	0	0	0	0.139535	0	0	0	0	0	0	0	0	0	0	0	0	0	0.0232558	0	0	0	0	0	0	0	0	0	0	0	0	0	0	0.0930233	0	0	0	0	0	0	0	0	0	0.00775194	0	0	0	0	0	0	0	0	0.0155039	0	0	0	0	0	0.0232558	0	0	0	0	0	0	0	0	0	0.147287	0	0	0	0	0	0	0	0.0620155	0	0.00775194	0.00775194	0	0.00775194	0	0	0	0	0.0465116	0	0	0	0	0	0	0	0	0	0	0	0	0	0	0	0	0	0	0	0	0	0	0	0	0	0	0	0	0	0	0	0	0	0	0	0	0	0.0155039	0	0	0	0	0	0	0	0	0	0	0	0.00775194	0	0.00775194	0	0	0	0	0	0.0620155	0.186047	0.00775194	0.0155039	0	0.00775194	0	0.0310078	0	0	0	0	0	0	0	0	
9.6124	0.147287	0	0.0465116	0.271318	0	0.542636	0.0155039	0.147287	0.0310078	0.0155039	0	0.0310078	0	0.00775194	0.224806	0.503876	0.0387597	0	0.0155039	0.782946	0.0852713	0.0542636	0.0465116	0.178295	0.75969	0	0	0	0	0	0	0.689922	0.581395	0.00775194	0.0155039	0	0.0465116	0	0.868217	0	0	0	0	0	0	0	0.108527	0	0	0.155039	0	0.00775194	0	0.131783	0.00775194	0.0232558	0	0.147287	1.24031	0.0310078	0.193798	0	0.209302	0	0.0465116	0.00775194	0.0155039	0.0155039	0.116279	0.00775194	0	0.100775	0	0	0	0	0.0387597	0.0465116	0	0	0.155039	0	0.00775194	0	0	0.0620155	0	0.0465116	0	0	0.263566	0	0	0	0	0.0465116	0	0	0	0.426357	0.139535	0.0387597	0.00775194	0.0155039	0.00775194	0	0.170543	0	0.0155039	0	0.0697674	0.00775194	0	0	0.457364	0.116279	0.0155039	0.0155039	0.00775194	0	0	0.0232558	0	0	0	0	0	0	0	0.0155039	0	0	0.0465116	0	0.0155039	0.20155	0	0	0	0	0.0465116	0	0	0.224806	0.0310078	0	0	0.108527	0	0	0	0	0	0	0	0	0	0	0.232558	0	0	0.0155039	0.139535	0.0465116	0	0.00775194	0	0.0697674	0.116279	0	0.178295	0.0465116	0	0	0	0	0	0	0.0852713	0.0155039	0.00775194	0	0	0	0	0	0.20155	0	0	0.00775194	0	0.0155039	0.116279	0	0	0	0.0930233	0	0.139535	0	0.0155039	0	0.00775194	0	0	0.488372	0.0310078	0.00775194	0.162791	0	0	0.0465116	0.0310078	0.0232558	0.0542636	0.108527	0	0	0	0.00775194	0	0	0.00775194	0.0232558	0	0.0232558	0	0.0232558	0	0	0	0	0.0310078	0	0.108527	0	0.00775194	0	0	0	0	0	0	0	0	0.0310078	0.139535	0	0.0852713	0	0.00775194	0	0	0	0.00775194	7.62016	0.0310078	0.0155039	0	0	0	0.108527	0.0310078	0	0	0	0	0	0	0	
11.2326	0.0387597	0.0465116	0.0852713	0	0	0.131783	0.108527	0.00775194	0	0.643411	0	0	0.627907	0.00775194	0.00775194	0	0	0	0.00775194	0.100775	0.0387597	0.00775194	0.0310078	0.00775194	0	0	0	0	0	0.00775194	0.0310078	0.51938	0.379845	0	0.00775194	0	0	0	0.00775194	0	0	0	0.0465116	0	0	0	0.116279	0	0	0.0232558	0	0.00775194	0.0310078	0.00775194	0.00775194	0.294574	0	0	0.527132	0	0.0155039	0	0	0	0	0	0.00775194	0	0.0232558	0	0	0	0.341085	0	0	0	0	0.0387597	0	0	0.100775	0	0	0	0	0.0232558	0.0310078	0	0	0.170543	0.00775194	0	0	0	0	0	0.0155039	0	0.00775194	0.00775194	0	0	0	0	0.139535	0.0155039	0.0155039	0	0	0.00775194	0	0	0	0	0.0465116	0.0155039	0	0	0	0	0.0310078	0	0	0	0	0	0	0.0542636	0.0155039	0	0	0	0	0.0232558	0.0232558	0.0155039	0	0	0	0	0	0.00775194	0.0542636	0.0852713	0	0	0	0	0.00775194	0.0155039	0	0	0	0	0	0	0	0	0	0	0	0	0	0	0	0	0	0	0	0.116279	0	0.00775194	0	0	0	0	0	0.00775194	0.0310078	0	0	0	0	0	0	0	0	0.0930233	0	0.00775194	0.00775194	0.0465116	0.00775194	0.0155039	0	0	0.00775194	0	0	0	0.00775194	0.00775194	0	0	0	0.0232558	0.0465116	0	0	0	0	0.0310078	0.0232558	0	0.00775194	0.00775194	0.116279	0.0155039	0	0	0	0	0	0.00775194	0	0	0	0	0	0	0.0465116	0	0.00775194	0	0	0	0	0	0	0	0	0	0	0	0	0.108527	0.581395	0	0.0387597	0	0.00775194	0	0	0.0155039	0.0155039	6.78295	0	0.00775194	0	0.131783	0.0155039	1.11628	0.0387597	0	0	0	0	0	0	0	
0.178295	0	0	0	0	0	0	0	0	0	0	0	0.0310078	0	0	0	0	0	0	0	0.00775194	0	0	0	0	0.0155039	0	0	0	0	0	0.0155039	0	0	0	0	0	0	0	0	0	0	0	0	0	0	0	0	0	0.00775194	0	0	0	0	0	0	0.00775194	0	0	0	0	0.00775194	0	0	0	0	0	0	0	0	0	0	0	0	0	0	0	0	0	0	0	0.00775194	0	0.0930233	0	0.00775194	0	0	0	0	0	0.0155039	0	0	0	0	0	0.00775194	0.00775194	0	0	0	0.00775194	0	0	0	0	0	0	0	0	0	0	0.00775194	0	0	0.0155039	0	0.00775194	0	0	0	0.0155039	0	0	0	0	0	0	0	0	0	0	0	0	0.00775194	0	0	0	0	0	0	0	0	0	0	0	0	0	0	0	0	0	0	0	0	0	0	0	0	0	0	0	0	0	0	0	0	0	0	0	0	0	0	0	0	0	0	0	0.0155039	0	0	0.0155039	0	0	0	0	0	0	0	0	0	0	0	0	0	0	0	0	0	0	0	0	0	0	0	0	0	0	0	0	0	0	0.00775194	0	0.0310078	0	0	0.00775194	0	0	0	0	0	0	0	0	0	0	0	0	0	0	0	0	0	0	0	0	0	0	0	0	0	0	0	0	0.00775194	0	0	0	0	0	0	0	0	0	0	0	0	0	0	0	0	0	0	0	0	0	0	0	
1.46512	0.100775	0	0.0697674	0.0930233	0	0.124031	0.0232558	0.108527	0	0	0	0	0	0.00775194	0.0232558	0.0155039	0.00775194	0	0.0542636	0.0232558	0.00775194	0.0465116	0.27907	0	0.937984	0	0	0	0	0	0	0.00775194	0	0	0	0.00775194	0	0	0	0	0	0	0	0	0.0232558	0	0.0775194	0	0	0.0155039	0	0.00775194	0.0465116	0.00775194	0.0155039	0.0155039	0.0155039	0	0.0542636	0	0.0155039	0	0	0.0232558	0	0	0	0	0.0310078	0	0.0155039	0	0	0	0	0	0	0.00775194	0	0	0	0	0	0.108527	0	0	0	0	0	0	0	0.00775194	0	0	0	0.00775194	0	0	0	0.00775194	0	0.00775194	0	0	0.0155039	0.00775194	0	0	0	0.0697674	0	0	0.0465116	0	0.0387597	0	0	0	0	0	0.00775194	0	0	0	0	0.0232558	0	0	0.00775194	0.00775194	0	0	0.00775194	0	0	0.00775194	0	0	0	0	0.341085	0	0.0155039	0.00775194	0	0	0	0.0232558	0	0.193798	0	0	0	0	0.302326	0.00775194	0	0	0.0465116	0	0	0	0	0	0	0	0	0.0232558	0	0.0155039	0.00775194	0.0155039	0	0	0	0	0	0	0.0155039	0	0	0.0387597	0	0	0.0930233	0	0	0	0	0	0	0	0	0	0	0	0.0155039	0	0.0465116	0	0	0.00775194	0.0387597	0.00775194	0.0620155	0	0	0	0	0	0	0	0.0232558	0	0.00775194	0	0.00775194	0.124031	0.0155039	0	0	0	0	0.00775194	0	0	0.0155039	0	0	0.0775194	0.0155039	0	0	0	0.00775194	0	0	0	0	0	0	0	0	0	0	0	0.953488	0	0	0	0.0852713	0	0.0387597	0	0	0.0775194	0	0	0	0	0	0.0310078	0	0	0	0	0	0	0	0	
7.44961	0.00775194	0	0.00775194	0	0.00775194	0.0465116	0	0	0.00775194	0.00775194	0	0.00775194	0	0	0.155039	0.217054	0.0155039	0	0	1	0.00775194	0.0232558	0.124031	0	0	0	0	0	0	0.0155039	0	0.0232558	0	0.00775194	0	0	0	0	0.612403	0	0	0	0.0155039	0.0155039	0.0465116	0	0	0.0155039	0	0	0	0	0.00775194	0	0	0	0	0.00775194	0	0.00775194	0.0232558	0	0	0	0	0	0.0232558	0	0.00775194	0.00775194	0	0	0	0	0	0	0	0.0387597	0	0	0.0310078	0	0	0	0.0155039	0	0	0	0	0.0620155	0	0	0	0	0	0	0	0	0.00775194	0.0155039	0.0620155	0	0	0	0.0852713	0	0	0	0	0	0	0	0	0	0.310078	0	0.00775194	0.00775194	0	0	0	0.00775194	0	0	0	0	0	0.0155039	0.0697674	0	0	0	0	0.00775194	0	0.0232558	0	0	0	0	0	0	0.0155039	0	0	0	0	0	0	0.0155039	0	0.00775194	0	0	0	0	0	0	0	0	0	0	0	0	0	0	0	0	0	0	0.00775194	0	0	0	0	0	0	0	0.0930233	0	0	0	0	0	0	0	0	0	0	0.00775194	0	0.139535	0	0	0	0	0.0620155	0	0	0	0	0.00775194	0	0	0.00775194	0.00775194	0	0	0	0	0	0	0	0	0.00775194	0.00775194	0.00775194	0	0	0	0	0	0	0.387597	0	0	0	0	0	0	0	0	0.0155039	0	0.0232558	0	0	0	0	0	0	0	0	0	0	0.0232558	0.263566	0	0.00775194	0	1.03876	0	0	0	0	0.170543	0	0.0465116	0	0	0	0.178295	0	0	0	0	0	0	0	0	
6.16279	0.00775194	0.00775194	0.0232558	0.0310078	0.255814	0.0697674	0.0465116	0	0.379845	0.0155039	0	0.434109	1.36434	0	0.837209	6.83721	0.00775194	0	0.465116	0.744186	0.0542636	0.178295	0.0155039	0.00775194	0.0387597	0	1.0155	0	0	0.00775194	0	1.0155	0.651163	0	0	0	0	0	0.852713	0	0	0	0.131783	0	0.0852713	0	0.0310078	0.00775194	0	3.5814	0	0	0.00775194	0	0.00775194	0.0387597	0	0	0.0465116	0	0.0232558	0	0.286822	0.00775194	0.0542636	0	0.00775194	0.0155039	0	0.00775194	0	0	0.0232558	0	0	0	0.0310078	0	0	0	0.255814	0	0.0310078	0	0.0465116	0.131783	0	0.341085	0	0.124031	0.193798	0	0	0	0	0	0.00775194	0.00775194	0	0	0.0310078	0.0310078	0	0	0	0.00775194	0.00775194	0	0.100775	0	0	0.00775194	0	0	0.728682	0.0620155	0	0.0620155	0	0	0	0.255814	0	0	0	0.96124	0	0.0232558	0.0155039	0	0.139535	0	0	0.27907	0	0	0	0	0.0852713	0.00775194	0	0	0.00775194	0.0852713	0	0	0	0.00775194	0.00775194	0.0155039	0	0.0465116	0	0.0387597	0	0.0310078	0	0	0.0155039	0.0310078	0	0	0	0	0	0	0	17.9767	0.255814	0	0	0.0155039	0	0	0	0	0	0	0.0775194	0	0	0	0	0.00775194	0	0	0.0387597	0.248062	0	0.00775194	0.00775194	0.0697674	0.00775194	0	0	0	0.0232558	0.0620155	0	0.00775194	0	0	0	0.116279	0.0232558	0.0232558	0.0310078	0	0	0	0	0.0852713	0	0.00775194	0	0.155039	0.0155039	0.0310078	0	0	0	0.00775194	0	0.00775194	0	0	0	0.0620155	0	0	0.0465116	0	0.0155039	0.147287	0.0387597	0	2.34109	0	0	0	0	0	0	0	0.00775194	0	0.0775194	0	0	0	0.0232558	0	0.0155039	0	0.209302	13.814	0.00775194	0.0542636	0	0	0	0.24031	0	0	0	0	0	0	0	0	
0.333333	0	0	0	0	0	0	0	0	0	0	0	0.100775	0	0	0	0.0620155	0	0	0	0	0	0.0465116	0	0	0	0	0	0	0	0	0	0	0	0	0	0	0	0	0.0232558	0	0	0	0	0	0.00775194	0	0	0	0	0	0	0	0	0	0	0	0.00775194	0	0.0465116	0	0	0	0	0	0	0	0	0	0.00775194	0	0	0	0	0	0	0	0	0	0	0	0	0	0	0	0.0155039	0	0	0	0	0	0	0	0	0	0	0	0	0	0	0	0.131783	0	0	0	0.00775194	0	0.00775194	0	0	0	0	0	0	0	0	0.0775194	0	0	0	0	0	0.00775194	0	0	0	0	0	0	0	0	0	0	0	0	0	0	0	0	0	0	0	0	0	0	0	0	0	0	0	0	0	0	0	0	0	0	0	0	0	0	0	0	0.00775194	0	0	0	0	0	0	0.0310078	0	0.162791	0.139535	0	0	0	0	0	0.00775194	0	0	0	0	0	0	0	0	0	0	0	0	0	0	0	0	0	0	0	0.0620155	0	0	0	0	0	0	0	0	0	0	0	0	0.00775194	0	0.00775194	0.0697674	0	0	0	0	0	0	0	0	0.0387597	0	0	0	0	0	0	0	0	0	0	0	0	0.00775194	0	0	0	0	0	0	0	0	0	0	0	0	0	0	0	0	0	0	0.00775194	0	0.00775194	0	0	0	0	0	0	0	0	0	0	0	0	
0.0155039	0	0	0	0	0	0	0.00775194	0	0	0	0	0	0	0	0	0.0387597	0	0	0	0	0	0	0	0	0.108527	0	0	0	0	0	0	0	0	0	0	0	0	0	0	0	0	0	0	0	0	0	0	0	0	0	0	0	0	0	0.00775194	0	0	0	0	0	0	0	0	0	0	0	0.0310078	0	0	0	0	0	0	0	0	0	0	0.00775194	0	0	0	0	0	0	0	0	0	0	0	0	0	0	0	0	0	0	0	0	0	0	0	0	0	0	0	0	0	0	0	0.0775194	0	0	0	0	0	0	0	0	0	0	0	0	0	0	0	0	0	0	0	0	0	0	0	0	0	0	0	0	0	0	0	0	0	0.00775194	0.0697674	0	0	0	0	0.255814	0	0	0.00775194	0	0	0	0	0	0	0.00775194	0	0	0	0	0	0	0	0	0.00775194	0.00775194	0	0	0	0	0	0	0	0	0.0310078	0	0	0.0155039	0	0	0	0	0	0	0	0	0	0	0	0	0	0	0	0	0	0	0	0	0	0	0.108527	0	0.0310078	0	0	0	0	0	0	0	0	0	0	0	0	0	0	0	0	0	0	0	0	0	0	0	0	0	0	0	0	0	0	0	0	0	0	0	0	0	0	0	0.0775194	0	0	0	0.00775194	0	0	0	0	0	0	0	0	0	0	0	0	0	0	0	0	0	0	0	
2.37984	0.00775194	0	0	0.00775194	0	0	0	0	0.139535	0.00775194	0	0.116279	0	0	0.0155039	0.224806	0	0	0	0.00775194	0.0930233	0.00775194	0.0155039	0	0.434109	0	0	0	0	0	0	0.24031	0.255814	0	0	0	0	0	0	0	0	0	0	0	0	0	0	0	0	0.0465116	0	0.00775194	0	0.0155039	0	0	0	0	0.813953	0	0.0232558	0	0	0.0465116	0	0	0.00775194	0	0	0	0	0	0	0	0	0	0	0	0	0	0.100775	0	0	0	0	0	0	0	0	0	0	0	0	0	0	0	0	0	0	0	0.170543	0	0	0	0	0	0.0697674	0	0.0155039	0	0	0.0465116	0	0	0	0.0387597	0	0	0	0	0	0	0	0	0	0	0	0	0	0.00775194	0	0	0.00775194	0	0	0	0	0	0	0	0	0	0	0	0	0	0	0	0	0	0.00775194	0	0	0	0	0	0	0	0	0	0	0.0155039	0	0.0232558	0	0	0	0.00775194	0.0542636	0	0.00775194	0	0	0	0	0	0	0	0	0	0	0	0	0	0	0	0	0	0	0.00775194	0	0.00775194	0.0155039	0.0232558	0	0	0.00775194	0	0.0387597	0	0	0	0	0	0	0	0.0620155	0	0.00775194	0	0	0	0	0.0155039	0.00775194	0	0	0.00775194	0	0	0	0.0232558	0	0	0	0	0	0	0	0	0	0.00775194	0.00775194	0	0.00775194	0	0	0	0	0	0	0	0	0	0	0	0.00775194	0	0	0	0	0	0	0	0	1.13953	0	0	0	0	0	0	0	0	0	0	0	0	0	0	
2.69767	0	0	0.0465116	0	0.00775194	0.0542636	0	0.00775194	0.0465116	0	0	0	0	0	0.0232558	0.0232558	0	0	0	0.0542636	0.00775194	0.00775194	0	0	0	0	0	0	0	0	0	0.00775194	0	0	0	0	0	0	0.00775194	0	0	0.00775194	0.0232558	0	0	0	0.00775194	0	0.0155039	0.00775194	0	0	0.00775194	0	0	0.0155039	0	0	0.209302	0	0.00775194	0	0	0	0	0	0	0	0.0232558	0	0	0	0	0	0	0	0	0	0	0	0.0232558	0	0	0	0	0.0465116	0	0.00775194	0	0	0.00775194	0	0	0	0	0	0	0	0	0	0.0155039	0	0	0	0.0542636	0	0	0	0.00775194	0	0	0.0232558	0	0	0	0	0	0	0	0	0.0155039	0	0	0	0	0	0	0	0	0	0	0	0	0	0	0	0	0	0	0	0	0	0.0542636	0.0465116	0	0	0	0	0.0310078	0.0155039	0	0	0	0.00775194	0	0.0155039	0	0	0	0	0	0	0	0	0	0	0	0.00775194	0.00775194	0	0	0.00775194	0	0	0	0	0	0	0.0852713	0	0	0	0	0	0	0	0	0	0.00775194	0	0	0.0155039	0	0	0	0	0.0155039	0	0	0	0	0	0	0	0.00775194	0.00775194	0	0	0	0	0	0.0465116	0.00775194	0.00775194	0	0	0.00775194	0	0	0	0	0.00775194	0	0	0	0.0310078	0.00775194	0	0	0	0	0.00775194	0	0	0.0155039	0	0	0	0	0	0	0	0	0	0	0	0.0232558	0	0	0	0	0	0	0	0	0.108527	0	0	0	0	0	0.0387597	0	0	0	0	0	0	0	0	
0.0232558	0	0	0	0	0	0	0.124031	0	0	0	0	0	0	0	0	0.00775194	0	0	0.00775194	0	0	0	0	0	0	0	0	0	0	0	0	0	0	0	0	0	0	0	0	0	0	0	0	0	0	0	0	0	0	0.0852713	0	0	0	0	0	0	0	0	0	0	0	0	0	0	0	0	0	0	0.00775194	0	0.0232558	0	0	0	0	0	0	0	0	0	0	0	0	0	0	0	0	0	0	0	0	0	0	0	0	0	0.00775194	0	0	0	0	0	0	0	0	0	0	0	0	0	0	0	0	0	0	0	0	0	0	0	0	0	0	0	0	0	0	0	0	0	0	0	0	0	0	0	0	0	0.00775194	0	0	0	0	0	0.00775194	0	0	0	0	0	0	0	0	0	0	0	0	0	0	0	0	0	0	0	0	0	0	0	0	0	0	0	0	0	0	0	0	0	0	0	0	0	0	0	0	0	0	0	0	0	0	0	0	0	0	0	0	0	0	0	0	0	0	0	0	0	0	0	0	0	0	0	0	0	0	0	0	0	0	0	0	0	0	0	0	0	0	0	0	0	0	0	0	0	0	0	0	0	0	0	0	0	0	0	0	0	0	0	0	0	0	0	0	0	0	0.232558	0	0	0	0	0	0	0	0	0	0	0	0	0	0	
4.42636	0	0	0	0	0	0	0.0310078	0	0	0.0697674	0	0	0	0	0.348837	0.00775194	0.0775194	0	0	0.550388	0.0852713	0	0.0232558	0	0.00775194	0	0.170543	0	0	0	0	0	0.00775194	0	0	0	0	0	0.00775194	0	0	0	0	0	0	0	0	0	0	0	0	0	0	0.0155039	0	0.00775194	0	0	0	0	0.0620155	0	0	0	0	0	0.0155039	0	0	0	0	0	0	0	0	0	0	0	0	0	0	0	0	0	0	0	0	0	0	0	0	0	0.00775194	0	0	0	0	0	0	0	0.00775194	0	0	0	0	0	0	0	0	0	0	0	0	0	0.511628	0	0	0	0	0	0	0	0	0	0	0	0	0	0	0	0	0	0	0	0	0	0	0	0	0	0	0	0	0	0	0	0	0	0	0	0	0	0	0	0	0	0	0	0	0	0	0	0	0	0	0	0	0	0.0232558	0	0	0	0	0	0	0	0	0	0	0	0	0	0	0	0	0	0	0	0	0	0	0	0	0	0	0	0.0155039	0	0	0	0	0.0155039	0	0	0	0	0.00775194	0	0	0	0	0	0	0	0	0	0	0	0	0	0	0	0	0	0	0	0	0	0	0	0.0232558	0	0	0	0	0	0	0	0	0	0	0	0	0	0	0	0.0232558	0	0	0	0.00775194	0	0.00775194	0	0	0.116279	0	0.379845	0	0	0	0	0	0	0	0	0	0	0	0	
0.170543	0.00775194	0	0.00775194	0	0	0	0.0310078	0	0	0	0	0	0	0	0.00775194	0.00775194	0	0.0465116	0	0	0	0.00775194	0	0	0	0	0	0.00775194	0	0	0	0	0.00775194	0	0	0.00775194	0	0	0	0	0	0.0155039	0	0	0	0	0	0	0	0	0.00775194	0.00775194	0	0	0	0	0	0	0	0	0	0	0	0	0	0	0	0	0.612403	0	0.00775194	0	0	0	0	0	0	0	0	0	0	0	0	0	0	0	0	0	0	0	0	0	0.00775194	0	0	0	0	0	0	0	0.0155039	0	0	0	0	0	0	0	0	0	0	0	0	0	0	0	0	0	0	0	0.00775194	0	0	0	0	0	0	0	0	0.108527	0	0	0	0	0	0	0	0	0.162791	0	0	0	0	0	0	0	0	0	0	0	0	0	0	0	0	0	0	0	0	0	0	0	0	0	0	0	0	0.310078	0	0	0	0	0	0	0	0	0	0	0	0	0	0	0	0	0	0	0	0	0	0	0	0	0	0	0.00775194	0	0	0	0	0	0	0	0	0	0	0	0	0	0	0	0	0.0232558	0	0	0	0	0	0	0	0	0	0	0	0	0	0	0	0	0	0	0	0	0	0	0	0	0	0	0	0	0	0	0	0	0	0	0	0	0	0	0	0	0	0	0	0.139535	0	0.00775194	0	0	0	0.00775194	0	0	0	0	0	0	0	0	
3.93798	0.0310078	0	0	0	0	0.0155039	0.00775194	0.0620155	0.00775194	0.0155039	0	0	0	0	0	0.186047	0.0620155	0	0.0232558	0.0620155	0.00775194	0	0.0155039	0.0465116	0	0	0	0	0	0	0	0.00775194	0.00775194	0	0	0	0	0	0.891473	0	0	0	0	0	0.0465116	0	0.00775194	0	0	0.0465116	0	0	0	0.0465116	0	0.00775194	0	0	0	0.0232558	0.00775194	0	0	0.0542636	0.00775194	0	0.00775194	0	0.0697674	0	0	0	0.00775194	0	0	0	0	0.00775194	0.0155039	0	0.0232558	0	0	0	0	0.00775194	0	0	0	0	0.00775194	0	0	0	0	0.0542636	0	0	0.00775194	0.0930233	0	0	0	0	0	0	0	0	0	0	0	0	0	0	0.0232558	0	0	0	0	0	0	0	0	0	0	0	0	0	0.0155039	0.00775194	0	0	0.0465116	0	0	0.0387597	0	0	0	0	0	0	0	0.0232558	0	0	0	0.00775194	0	0.0310078	0	0	0	0	0	0	0	0	0.00775194	0	0	0	0.00775194	0	0	0	0	0.0310078	0	0	0.0620155	0	0	0	0	0	0	0	0	0	0	0	0	0	0	0.00775194	0	0	0	0	0	0	0	0	0	0	0.0232558	0	0	0	0	0.0697674	0	0	0	0.0620155	0	0	0	0	0	0	0	0	0	0	0	0	0	0	0	0	0	0.00775194	0	0	0	0	0	0	0	0	0	0	0.0155039	0	0	0	0	0	0	0	0	0	0	0.0155039	0.0232558	0	0	0	0.00775194	0	0	0.00775194	0	0.333333	0	0	0	0	0	0	0	0	0	0	0	0	0	0	
7.00775	0.666667	0	0.00775194	0	0	0.108527	0.0930233	0	0.131783	0.00775194	0	0	0.0697674	0.00775194	0.147287	0.697674	0	3.10853	0.0310078	0.372093	0.0465116	0.0697674	0.511628	0.00775194	0.0465116	0	0.00775194	0	0	0	0	0.162791	0.534884	0	0	0	0	0	0.612403	0.0155039	0.0155039	0	0	0	0.00775194	0	0.0155039	0	0	0.100775	0	0.883721	0	0.0155039	0.0310078	0.0155039	0	0	0.0310078	0.0155039	0.263566	0	0	0.0387597	0.00775194	0	0.00775194	0	0.193798	0	0	0	0.00775194	0	0	0	0.0310078	0	0	0.00775194	0.155039	0	0	0	0	0	0	0	0	0	0.0155039	0.00775194	0.00775194	0	0	0	0.116279	0	0	0.00775194	0.0155039	0	0.00775194	0	0.0155039	0.0155039	0	0	0	0	0.0697674	0.00775194	0	0	0.589147	0.0232558	0.0155039	0	0	0	0	0.0155039	0	0	0	0	0	0.00775194	0	1.10078	0	0	0.0155039	0	0.00775194	0.00775194	0	0	0.302326	0	0.00775194	0.0232558	0.0155039	1.15504	0	0	0	0.0155039	0	0.0155039	0	0	0	0.00775194	0	0	0	0	0	0	0	0	0	0.00775194	0	0	0	0.0310078	0.0232558	0	0.0155039	0	0.0310078	0	0	0.837209	0	0	0.0155039	0.0155039	0.0232558	0.0232558	0	0.0542636	0	0	0.00775194	0	0	0	0	0	0.0232558	0.00775194	0.170543	0	0	0	0.00775194	0.0542636	0.302326	0.310078	0	0	0	0.0232558	0.00775194	0	0	0	0	0	0.457364	0.0155039	0.00775194	0	0	0.186047	0	0	0	0	0	0.0232558	0	0.0232558	0	0	0	0.255814	0.00775194	0	0.0155039	0.00775194	0.0387597	0	0.0387597	0	0	0	0	0	0	0	0	0.0387597	0.224806	0	0	0	0.00775194	0	0.0155039	0	0.00775194	3.52713	0	0.0310078	0	0	0	0.139535	0	0	0	0	0	0	0	0	
0.00775194	0	0	0	0	0	0	0	0	0	0	0	0	0	0	0.00775194	0.139535	0	0	0	0	0	0	0	0	0	0	0	0	0	0	0	0	0	0	0	0	0	0	0.00775194	0	0	0	0	0	0	0	0	0	0	0	0	0	0	0	0	0	0	0	0	0	0	0	0	0	0	0	0	0	0	0	0	0	0	0	0	0	0	0	0	0	0	0	0	0	0	0	0	0	0	0	0	0	0	0	0	0	0	0	0	0	0	0.00775194	0	0	0	0	0	0	0	0	0	0	0	0	0	0	0	0	0.00775194	0	0	0	0	0	0	0	0	0	0.0232558	0	0.00775194	0	0	0	0	0	0	0	0	0	0	0	0	0	0	0	0	0	0	0	0	0	0	0.00775194	0	0	0	0	0	0	0	0	0	0	0	0	0	0	0	0	0	0	0	0	0	0	0	0	0	0	0	0	0	0	0	0	0	0	0	0	0	0	0	0	0	0	0.0852713	0	0	0	0	0	0	0	0	0	0	0	0	0	0	0	0	0	0	0	0	0	0	0	0	0	0	0.0852713	0	0	0	0	0	0	0	0	0	0	0	0	0	0	0	0	0	0	0	0	0	0	0	0	0	0	0	0	0	0	0	0	0	0	0	0	0	0	0	0	0	0	0	0	0	0	
0.00775194	0	0	0	0	0	0	0	0.00775194	0	0	0	0	0	0	0	0	0	0.124031	0	0	0	0	0	0	0.372093	0	0.00775194	0	0	0	0	0	0	0	0	0	0	0	0.0465116	0	0	0	0	0	0	0	0	0	0	0	0	0	0	0	0	0	0	0	0	0	0	0	0	0	0	0	0.0155039	0	0	0	0	0	0	0	0	0	0	0	0	0	0	0	0	0	0	0	0	0	0	0	0	0	0.00775194	0	0	0	0	0	0	0	0	0	0	0	0	0	0	0	0	0	0	0	0	0	0	0	0	0	0	0	0	0	0	0	0	0	0	0	0	0	0	0	0	0	0	0	0	0	0	0	0	0	0	0	0	0	0	0	0	0	0	0	0	0	0	0	0	0	0	0	0	0	0	0.00775194	0	0	0	0.00775194	0	0.00775194	0	0	0	0	0	0	0	0	0	0	0	0	0	0	0	0	0	0	0	0	0	0	0	0	0	0	0	0	0	0	0.00775194	0.00775194	0	0	0	0	0	0	0	0	0	0	0	0	0	0	0	0.00775194	0	0	0	0	0	0	0	0	0	0	0	0	0	0	0	0	0	0	0	0	0	0	0	0	0	0	0	0	0	0	0	0	0.00775194	0	0	0	0	0.0697674	0	0	0	0	0	0.00775194	0	0	0	0	0	0	0	0	
4.72868	0.0852713	0	0.00775194	0	0	0.00775194	0.0310078	0	0.00775194	0.0465116	0	0.0620155	0	0.0465116	0.24031	0.116279	0	0.00775194	0	0.170543	0	0.0155039	0.00775194	0.00775194	0	0	0.0697674	0	0.00775194	0	0	0.0232558	0.0232558	0.0155039	0.0620155	0	0	0	0.418605	0	0	0	0	0	0.00775194	0	0	0	0	0	0	0	0	0.0387597	0	0	0	0	0.00775194	0	0	0	0	0.0155039	0	0	0	0	0.0465116	0	0	0	0	0	0	0	0	0.0155039	0	0	0	0	0	0	0	0	0	0	0	0	0	0	0	0	0	0	0	0.0232558	0	0.00775194	0	0	0	0	0	0	0	0	0	0	0	0	0	0	0.627907	0.00775194	0	0	0.00775194	0	0	0.0232558	0	0	0	0	0	0	0	0.00775194	0.0387597	0	0	0	0	0	0	0	0	0	0.00775194	0	0	0	0	0	0	0	0	0.00775194	0	0	0	0	0	0	0	0	0	0	0	0	0.0155039	0	0	0	0	0.0775194	0.00775194	0	0	0	0	0	0	0	0	0	0.0232558	0	0	0.00775194	0	0	0	0	0	0	0	0	0	0.0232558	0	0	0	0	0.0387597	0.00775194	0	0	0	0	0	0	0.0620155	0.00775194	0.00775194	0	0	0	0	0	0	0	0	0.0852713	0	0	0.0155039	0	0.0155039	0.0775194	0	0.00775194	0	0	0	0.0155039	0	0	0	0	0.0155039	0.310078	0.0232558	0	0.0542636	0	0	0	0.0155039	0	0	0	0	0.0310078	0.0620155	0	0.0387597	0	0	0	0.0387597	0.00775194	0.00775194	0.604651	0	0.0155039	0	0.0155039	0	0.131783	0	0	0	0	0	0	0	0	
0	0	0	0	0	0	0	0	0	0	0	0	0	0	0	0	0	0	0	0	0	0	0	0	0	0	0	0	0	0	0	0	0	0	0	0	0	0	0	0	0	0	0	0	0	0	0	0	0	0	0	0	0	0	0	0	0	0	0	0	0	0	0	0	0	0	0	0	0	0	0	0	0	0	0	0	0	0	0	0	0	0	0	0	0	0	0	0	0	0	0	0	0	0	0	0	0	0	0	0	0	0	0	0	0	0	0	0	0	0	0	0	0	0	0	0	0	0	0	0	0	0	0	0	0	0	0	0	0	0	0	0	0	0	0	0	0	0	0	0	0	0	0	0	0	0	0	0	0	0	0	0	0	0	0	0	0	0	0	0	0	0	0	0	0	0	0	0	0	0	0	0	0	0	0	0	0.00775194	0	0	0	0	0	0	0	0	0	0	0	0	0	0	0	0	0	0	0	0	0	0	0	0	0	0	0	0	0	0	0	0	0	0	0	0	0	0	0	0	0	0	0	0	0	0	0	0	0	0	0	0	0	0	0	0	0	0	0	0	0	0	0	0	0	0	0	0	0	0	0	0	0	0	0	0	0	0	0	0	0	0	0	0	0	0	0	0	0	0	0	0	0	0	
5.14729	0.00775194	0	0	0.0155039	0	0.0310078	0	0	0.0155039	0	0	0.472868	0	0	0.0232558	0.325581	0.0155039	0	0.0155039	0.0465116	0.00775194	0.224806	0	0	0	0	0	0	0	0	0.0232558	0.108527	0.0232558	0	0	0	0	0.829457	0	0	0.0542636	0	0	0	0.0155039	0	0	0	0.00775194	0.271318	0	0	0	0	0	0.00775194	0	0	0.155039	0	0.0155039	0	0.155039	0	0	0	0	0	0.0232558	0	0	0	0	0	0	0	0	0	0	0	0.00775194	0	0	0	0	0	0	0	0	0	0.0232558	0	0	0	0	0	0	0.0852713	0	0	0.0310078	0	0	0	0.00775194	0	0.00775194	0	0	0.0775194	0.00775194	0	0.00775194	0	0.00775194	0.100775	0	0.139535	0	0	0.00775194	0.325581	0	0	0.0387597	0	0	0	0.0620155	0	0.00775194	0.0852713	0	0	0.0232558	0	0	0	0	0	0	0.124031	0.00775194	0.00775194	0	0.224806	0	0.0155039	0	0	0	0	0	0	0	0	0	0	0	0	0	0	0.0155039	0	0.317829	0	0	0.0310078	0.00775194	0	0.0155039	0	0	0	0	0	0	0	0	0	0	0	0	0	0	0.00775194	0.00775194	0	0	0.0155039	0	0.0232558	0	0.457364	0	0.0775194	0.0310078	0	0	0	0	0	0	0.0155039	0	0.00775194	0.0155039	0	0	0	0	0	0	0.0155039	2.1938	0.00775194	0	0.00775194	0	0	0	0.00775194	0	0	0	0.20155	0	0	0.100775	0	0	0	0	0.0155039	0.00775194	0	0	0	0	0	0	0	0	0	0	0	0.0852713	0	0	0	0.0155039	0	0	0	0.00775194	0.341085	0.00775194	0.0155039	0	0	0	0.0155039	0	0	0	0	0	0	0	0	
0	0.00775194	0	0.0387597	0	0	0.0310078	0	0	0	0	0	0	0	0	0.00775194	0	0	0	0	0	0	0	0	0	0	0	0	0	0	0	0	0	0	0	0	0	0	0	0	0	0	0	0	0	0	0	0.178295	0	0	0	0	0	0	0	0	0	0	0	0	0	0	0	0	0	0	0	0.0232558	0	0	0	0	0	0	0	0	0	0	0	0	0	0	0	0	0	0	0	0	0	0	0	0	0	0	0	0	0	0	0	0	0	0	0	0	0	0	0	0	0	0	0	0	0	0	0	0	0	0	0	0	0	0	0	0	0	0	0	0	0	0	0.00775194	0	0	0	0	0	0	0	0	0	0	0	0	0	0.00775194	0	0	0	0	0	0	0	0	0	0	0	0	0	0	0	0	0	0	0	0	0	0	0	0	0	0	0.00775194	0	0	0	0	0	0	0	0	0	0	0	0	0	0	0	0	0	0	0	0	0	0	0	0	0	0	0	0	0	0	0	0.0232558	0	0	0	0	0	0	0	0	0	0	0	0	0	0	0	0	0	0	0	0	0	0	0	0	0	0	0	0	0	0	0	0	0	0	0	0	0	0	0	0	0	0.00775194	0	0.00775194	0	0	0	0	0	0	0	0	0	0	0	0	0	0	0	0	0	0	0	0	0	0	0	
17.814	0	0.0930233	0.0310078	0.0387597	0	0.124031	0.0465116	0.0155039	0.0232558	0.00775194	0	0.00775194	0	0.00775194	0.271318	3.04651	0.0387597	0	0.00775194	1.15504	0.0155039	0.20155	0.0310078	0.589147	0.0155039	0	0.0620155	0.0465116	0	0	0	0.0542636	0.0387597	0.00775194	0	0	0	0	0.883721	0	0.248062	0	0.00775194	0.00775194	0.403101	0	0	0.00775194	0	0.0387597	0	0	0	0.0387597	0.0232558	0.0155039	0.0155039	0	0.0232558	0	0	0	0.0155039	0.00775194	0.00775194	0	0.0387597	0.348837	0.108527	0.00775194	0	0	0.0155039	0	0	0	0	0.00775194	0.0155039	0	0.0232558	0	0	0	0	0.0387597	0	0	0	0.0697674	0.348837	0	0	0	0	0	0	0.00775194	0	0.00775194	0.0775194	0.00775194	0	0	0.100775	0	0	0.0232558	0	0.00775194	0	0.00775194	0	0	0.666667	0.0310078	0	0.0465116	0.0155039	0	0.0155039	0.0775194	0	0	0	0	0	0	0.124031	0.00775194	0.0465116	0	0	0	0	0.0155039	0	0	0.0465116	0	0.162791	0.00775194	0	0.170543	0.00775194	0	0	0.0542636	0	0.0155039	0	0.0232558	0	0.00775194	0	0.00775194	0	0	0.217054	0	0	0	0.00775194	0	0	0	0	0.00775194	0.00775194	0.0697674	0.0232558	0.209302	0.0387597	0	0	0.00775194	0	0	0.217054	0	0	0	0	0	0.00775194	0	0.0232558	0	0.0232558	0.0155039	0	0.0620155	0.0310078	0	0.00775194	0	0.325581	0.0155039	0.0232558	0	0	0.0155039	0	0	0	0.0310078	0.27907	0	0	0	0	0	0	0.0775194	0.100775	0.00775194	0.0155039	0.403101	0	0	0	0.00775194	0	0.0542636	0	0.00775194	0	0	0	0	0	0.00775194	0	0.0155039	0.155039	0	0.0155039	0	0	0	0	0	0	0	0	0.0155039	0.418605	0	0	0	0.00775194	0	0.0155039	0	0	1.14729	0.0542636	0.0775194	0	0.0155039	0	0.224806	0.0155039	0	0	0	0	0	0	0	
10.814	0.0232558	0	0.829457	0.0155039	0	0.139535	0.100775	0	0.00775194	0.0155039	0	0.0155039	0	0.00775194	0.0232558	0.124031	0	0.186047	0	0.00775194	0	0	0.0155039	0	0.00775194	0	0	0	0	0	0	0	0	0.00775194	0	0	0	0	0	0.00775194	0.0387597	0	0.0697674	0	0.0387597	0	0.0930233	0	0	0.00775194	0	0	0.0465116	0.00775194	0.0155039	0.0542636	0	0	1.51938	0.00775194	0	0	0	0	0.0775194	0	0.00775194	0.0542636	0.0620155	0	0	0.00775194	0	0	0.00775194	0	0	0.00775194	0	0	0.0155039	0	0.0155039	0	0	0	0	0	0	0.0387597	0	0	0.00775194	0.0232558	0	0	0.0232558	0	0	0	0	0.0232558	0	0	0.170543	0.00775194	0	0	0	0	0	0	0	0	0	0	0	0	0	0	0.00775194	0.00775194	0	0	0	0	0	0.0387597	0	0.00775194	0.00775194	0.00775194	0.0155039	0.147287	0	0	0	0	0.0155039	0	0.00775194	0	0.232558	0.00775194	0	0	0	0	0.0387597	0	0	0.00775194	0	0.00775194	0	0.0155039	0	0.00775194	0.00775194	0	0	0	0.0155039	0	0	0	0.0155039	0.0155039	0.00775194	0	0	0.193798	0	0	0	0	0	0	0.00775194	0	0.0155039	0	0	0	0	0	0	0	0	0.00775194	0	0	0.00775194	0.0155039	0	0	0.00775194	0	0.00775194	0	0	0.00775194	0	0	0.0387597	0.00775194	0.0465116	0	0	0	0	0.0697674	0	0	0.0155039	0	0.0852713	0.0542636	0	0	0	0.00775194	0	0.0697674	0	0	0	0	0	0	0.0465116	0.0155039	0	0	0.0387597	0	0.00775194	0	0	0.00775194	0	0	0	0	0.0310078	0	0.155039	0	0.131783	0.00775194	0.0232558	0	0.0155039	0.00775194	0	0.0775194	0	0.0232558	0	0	0	0.0387597	0	0	0	0	0	0	0	0	
0.0310078	0.00775194	0.0232558	0	0	0	0	0.178295	0	0	0.0155039	0	0	0	0	0.00775194	0	0	0	0	0	0	0	0	0	0.0155039	0	0	0	0	0	0	0	0	0	0	0	0	0	0	0	0	0	0	0	0	0	0	0	0	0	0	0	0	0	0	0	0	0	0	0	0	0	0	0	0	0	0.0155039	0	0.100775	0	0	0	0	0	0	0	0	0	0	0	0	0	0	0	0.0310078	0	0	0	0	0	0	0	0	0	0	0	0.00775194	0	0	0	0	0	0	0	0	0	0	0	0	0	0	0	0	0	0	0	0	0	0	0	0	0	0	0	0	0.00775194	0	0	0	0	0	0	0	0	0	0	0	0	0	0	0.00775194	0	0	0	0	0	0	0	0	0	0	0	0	0	0.0155039	0	0	0	0	0	0	0	0	0	0	0	0	0.108527	0	0	0	0	0	0	0	0	0	0	0	0	0	0	0	0	0	0	0	0	0	0	0.00775194	0	0	0	0	0	0	0	0	0	0	0	0	0	0.155039	0	0.00775194	0	0	0	0	0	0	0	0	0	0	0	0	0	0	0	0	0	0	0	0	0	0	0	0	0	0	0	0	0	0.00775194	0	0	0	0	0	0	0	0	0.0930233	0.116279	0	0	0	0.0232558	0	0	0	0	0	0	0	0	0	0	0	0	0	0	0	0	0	0	0	
0.124031	0	0	0	0	0	0	0	0	0	0	0	0	0	0	0	0	0	0	0	0.00775194	0	0.0155039	0	0	0	0	0	0	0	0	0	0.0232558	0	0	0	0	0	0	0.0232558	0	0	0	0	0	0	0	0	0	0	0	0	0	0	0	0	0	0	0	0	0	0	0	0	0	0	0	0	0	0	0	0	0	0	0	0	0	0	0	0	0	0	0	0	0	0	0	0	0	0	0	0	0	0	0	0	0	0	0	0	0	0	0	0	0	0	0	0	0	0	0	0	0	0	0	0.0387597	0.00775194	0	0	0	0	0	0	0	0	0	0	0	0	0	0	0	0	0	0	0	0	0	0	0	0	0	0	0	0	0	0	0	0	0	0	0	0	0	0	0	0	0	0	0	0	0	0	0	0	0	0	0	0	0	0	0	0	0	0	0	0	0	0	0	0	0	0	0	0	0	0	0	0	0	0	0	0	0	0	0	0	0	0	0	0	0	0	0	0	0	0	0	0	0	0	0	0	0	0	0	0	0	0	0	0	0	0	0	0	0	0	0	0	0	0	0	0	0	0	0.00775194	0	0	0	0	0	0.0387597	0	0	0	0	0	0	0	0	0	0	0	0	0	0	0	0	0	0	0	0	0.00775194	0	0	0	0	0	0	0	0	
0	0	0	0	0	0	0	0	0	0	0	0	0	0	0	0	0	0	0	0	0	0	0	0	0	0	0	0	0	0	0	0	0	0	0	0	0	0	0	0.00775194	0	0	0	0	0	0	0	0	0	0	0	0	0	0	0	0	0	0	0	0	0	0	0	0	0	0	0	0	0	0	0	0	0	0	0	0	0	0	0	0	0	0	0	0	0	0	0	0	0	0	0	0	0	0	0	0	0	0	0	0	0	0	0	0	0	0	0	0	0	0	0	0	0.00775194	0	0	0	0	0	0	0	0	0	0	0	0	0	0.00775194	0	0	0	0	0	0	0	0	0	0	0	0	0	0	0	0	0	0	0	0	0	0	0	0	0	0	0	0	0	0	0	0	0	0	0	0	0	0	0	0	0	0	0	0	0	0	0	0	0	0	0	0	0	0	0	0	0	0	0	0	0	0	0	0	0	0	0	0	0	0	0	0	0	0	0	0	0	0	0.00775194	0	0	0	0	0	0	0	0	0	0	0	0	0	0	0	0	0	0	0	0	0	0	0	0	0	0	0	0	0	0	0	0	0	0	0	0.00775194	0	0	0	0	0	0	0	0	0	0	0	0	0	0	0	0	0	0	0	0	0	0	0	0	0	0	0	0	0	
15.4884	0.0465116	0.403101	0.108527	0.0155039	0.224806	0.209302	0.24031	0.00775194	0.0465116	2.79845	0	0.00775194	0.534884	0	0.178295	1.68217	0.131783	0.00775194	0.0232558	0.356589	0.116279	0.248062	0.0465116	0.116279	0.0232558	0	0.0232558	0	0	0.0232558	0.0232558	1.75969	0.620155	0.00775194	0.0155039	0	0	0	0.0232558	0.00775194	0	0	0.116279	0	0.00775194	0	0.0620155	0	0	0.124031	0	0.0155039	0.0620155	0	0.00775194	0.217054	0	0.0155039	0.643411	0.00775194	0.0542636	0	0	0.0465116	0.0775194	0	0	0.0542636	0.0620155	0	0	0	0.271318	0	0	0	0.00775194	0.0620155	0	0	0.0775194	0	0	0	0.0155039	0.0930233	0.0155039	0.51938	0	0	0.20155	0.0232558	0	0	0	0.00775194	0	0.0542636	0	0.00775194	0.0465116	0	0.00775194	0	0.0542636	0	0	0	0.00775194	0.0232558	0	0	0.0155039	0	0.209302	0	0	0.131783	0	0	0.0620155	0.0542636	0	0	0	0	0	0.0387597	0.0232558	0.00775194	0.0310078	0.00775194	0.00775194	0.372093	0.0387597	0.00775194	0	0	0	0	0.0542636	0	0.0465116	0.224806	0	0	0	0	0.0387597	0.00775194	0	0.00775194	0	0	0	0.00775194	0	0	0.0232558	0	0	0	0.0310078	0	0	0.00775194	0	0.00775194	0.0620155	0.131783	0	0.0620155	0	0	0	0	0	0.0310078	0.0620155	0.00775194	0	0	0	0.00775194	0	0	0.0465116	0.00775194	0	0	0	0.0232558	0	0.0387597	0	0	0.0620155	0.0387597	0.00775194	0	0.0155039	0.0387597	0	0	0.00775194	0.00775194	0.573643	0	0	0	0	0.155039	0.00775194	0	0.0155039	0.364341	0.0542636	0.0155039	0	0	0	0.0155039	0.0310078	0.0620155	0	0	0	0.00775194	0	0	0.302326	0.00775194	0	0.0232558	0.00775194	0	0	0	0	0.00775194	0	0	0	0	0	0.55814	1.91473	0	0.0697674	0.00775194	3.62016	0	0.0232558	0	0.108527	16.6357	0.0232558	0.00775194	0	0.131783	0.147287	2.71318	0.209302	0	0	0	0	0	0	0	
9.11628	0	0	0.0155039	0	0	0.124031	0.0620155	0.0310078	0.0155039	0.00775194	0	0	0.00775194	0.139535	0.00775194	1.16279	0.00775194	0.0155039	0	0.0465116	0.00775194	0.0387597	0.0697674	0.0155039	0.0465116	0	0.0542636	0	0	0.0310078	0.0232558	0.00775194	0.0310078	0.00775194	0	0	0	0	0.00775194	0	0.0155039	0	0	0.00775194	0.0852713	0	0.0232558	0	0.00775194	0.294574	0	0.0310078	0.00775194	0.0620155	0	0.00775194	0	0.0465116	1.31008	0.0310078	0.0697674	0	0.0155039	0.155039	0	0	0.00775194	0.00775194	0.0232558	0	0	0	0	0	0	0	0	0.00775194	0	0	0	0	0.0232558	0	0.0387597	0.00775194	0	0	0	0.00775194	0	0	0	0	0	0.0232558	0.0155039	0	0	0	0.139535	0.0387597	0.0232558	0.00775194	0	0	0.0232558	0	0	0	0.186047	0	0	0	0	0.232558	0.0465116	0.0155039	0	0	0.0155039	0.0232558	0	0	0	0.00775194	0	0	0.0465116	0	0	0	0.0542636	0	0	0.0310078	0	0	0	0	0.0155039	0	0	0.0155039	0.0232558	0	0.00775194	0.0697674	0	0.0310078	0	0.100775	0	0.00775194	0	0	0	0	0.193798	0	0	0	0.0620155	0	0	0	0	0.0232558	0.0697674	0	0.0232558	0.124031	0	0	0	0.0310078	0	0	0.209302	0.0155039	0	0	0	0	0	0	0.0697674	0	0.00775194	0.00775194	0	0.00775194	0.0155039	0.00775194	0	0	0.0697674	0	0	0.0542636	0	0.0465116	0	0	0.0155039	0.0775194	0.0155039	0.00775194	0.00775194	0	0	0.00775194	0.0775194	0	0.0232558	0	0.00775194	0.0310078	0	0	0	0.0387597	0	0.0155039	0	0.0697674	0	0	0	0	0.0155039	0.0310078	0.00775194	0	0.310078	0	0.0155039	0	0	0	0	0	0	0	0	0.0387597	0.27907	0	0.00775194	0	0	0	0	0	0.0387597	0.224806	0	0.00775194	0	0	0	0.0387597	0.0155039	0	0	0	0	0	0	0	
0.620155	0.0542636	0	0	0	0	0	0	0	0	0.00775194	0	0	0	0	0	0.0387597	0	0	0	0	0.0155039	0	0.0620155	0	0.131783	0	0	0	0	0	0	0	0	0	0	0	0	0	0	0	0	0	0	0	0	0	0	0	0	0	0	0	0	0	0.00775194	0.0155039	0	0	0	0	0	0	0	0	0	0	0.0542636	0	0	0	0	0	0	0	0	0	0	0	0	0	0	0	0	0	0	0	0	0	0	0	0	0	0	0	0	0	0	0	0	0	0	0	0	0	0	0	0	0	0	0	0	0	0	0	0	0	0	0	0	0	0	0	0	0	0	0	0	0	0	0	0	0	0	0	0	0	0	0	0	0	0	0	0	0.00775194	0	0	0	0	0	0.0155039	0	0.0155039	0	0	0	0	0	0	0	0	0	0	0	0	0	0	0	0	0	0	0	0	0	0	0	0	0	0	0	0	0	0	0	0	0	0	0	0	0	0	0	0	0	0	0	0	0	0	0	0	0	0.0232558	0	0	0	0	0	0	0	0	0	0	0	0	0	0	0	0.0155039	0	0	0	0	0	0.0387597	0	0	0	0	0	0.0387597	0	0	0	0	0	0	0	0	0	0	0	0	0	0	0	0	0.00775194	0	0	0	0	0	0	0	0	0.100775	0	0	0	0	0	0	0	0	0	0	0	0	0	0	
0.116279	0	0	0	0	0	0	0.0232558	0	0.20155	0	0	0	0.0775194	0	0	0.0930233	0	0	0	0	0	0	0.00775194	0	0	0	0	0	0	0	0	0.0310078	0.0697674	0	0	0	0	0	0.0155039	0.00775194	0	0	0	0	0	0	0	0	0	0.0310078	0	0.00775194	0	0	0	0	0	0	0	0	0	0	0	0	0	0	0	0	0.116279	0	0	0	0	0	0	0	0	0.00775194	0	0	0	0.0930233	0	0	0	0	0	0	0	0	0	0	0	0	0	0	0.00775194	0	0	0	0	0	0	0	0	0	0	0	0	0	0	0	0	0	0	0	0	0	0	0	0	0	0	0	0	0.0155039	0	0	0	0	0	0	0	0	0	0	0	0	0.0155039	0	0	0	0	0	0.108527	0	0	0	0	0	0	0	0	0	0	0	0	0	0	0	0	0	0	0	0	0	0	0	0.0155039	0	0	0	0	0	0	0	0	0	0	0	0	0	0	0	0	0	0	0	0	0	0	0	0	0	0	0	0	0	0	0	0	0	0	0	0	0	0	0	0	0	0	0	0	0	0	0	0	0	0	0	0	0	0.00775194	0	0	0	0	0	0	0	0	0	0	0	0	0	0	0	0	0	0	0	0	0	0	0	0.0155039	0	0	0	0	0	0	0	0	0.79845	0	0	0	0	0	0	0	0	0	0	0	0	0	0	
0.0232558	0	0	0	0	0	0	0.00775194	0	0	0	0	0	0	0	0	0	0	0	0	0	0	0	0	0	0	0	0	0	0	0	0	0	0	0	0	0	0	0	0	0	0	0	0	0	0	0	0	0	0	0	0	0	0	0	0	0	0	0	0	0	0	0	0	0	0	0	0	0	0.00775194	0	0	0	0	0	0	0.00775194	0	0.00775194	0	0	0	0	0	0	0	0	0	0	0	0	0	0	0	0	0	0	0.00775194	0	0	0	0	0	0	0	0	0.00775194	0	0	0	0	0	0	0	0	0	0	0	0	0	0	0	0	0	0	0	0	0	0	0	0	0	0	0	0	0	0	0	0	0.0232558	0	0	0	0	0	0	0	0	0	0	0	0	0	0	0	0	0	0	0	0	0	0	0	0	0	0	0	0	0	0	0	0	0	0	0	0	0	0	0	0	0	0	0	0	0	0	0	0	0	0	0	0	0	0	0	0	0	0	0	0	0	0	0	0	0	0	0	0	0	0	0	0	0	0.0155039	0	0	0	0	0	0	0	0	0	0	0	0	0	0	0	0	0	0	0	0	0	0	0	0	0	0	0	0	0	0	0	0	0	0	0	0	0	0	0	0	0	0	0	0	0	0	0	0	0	0	0	0	0	0	0	0	0	
0	0	0	0.0775194	0	0	0	0	0	0	0	0	0	0	0	0	0	0	0	0	0	0	0	0	0	0	0	0	0	0	0	0	0	0	0	0	0	0	0	0	0	0	0	0	0	0	0	0	0	0	0	0	0	0	0	0	0	0	0	0	0	0	0	0	0	0	0	0	0	0	0	0	0	0	0	0	0	0	0	0	0	0	0	0	0	0	0	0	0	0	0	0	0	0	0	0	0	0	0	0	0	0	0	0	0	0	0	0	0	0	0	0	0	0	0	0	0	0	0	0	0	0	0	0	0	0	0	0	0	0	0	0	0	0	0	0	0	0	0	0	0	0	0	0	0	0	0	0	0	0	0	0	0	0	0	0	0	0	0	0	0	0.00775194	0	0	0	0	0	0	0	0	0	0	0	0	0	0	0	0	0	0	0	0	0	0	0	0	0	0	0	0	0	0	0	0	0	0	0	0	0	0	0	0	0	0	0	0	0	0	0	0	0	0	0	0	0	0	0	0	0	0	0	0	0	0	0	0	0	0	0	0	0	0	0	0	0	0	0	0	0	0	0	0	0	0	0	0	0	0	0	0	0	0	0	0	0	0	0	0	0	0	0	0	0	0	0	0	0	0	0	0	0	
9.55814	0	0	0.00775194	0	0	0.0542636	0.0620155	0.0465116	0.0232558	0.00775194	0	0	0	0	0.0310078	0.379845	0.0697674	0.0697674	0.00775194	0.116279	0.00775194	0.00775194	0.0232558	0.131783	0.0697674	0	0	0	0	0	0	0.0697674	0.00775194	0.0232558	0	0	0	0	1.44961	0	0	0	0	0	0.0155039	0	0.0155039	0	0	0.0465116	0	0	0	0.147287	0.00775194	0.0387597	0	0	0.00775194	0.00775194	0.0155039	0	0	0.0387597	0.00775194	0	0.00775194	0.124031	0	0	0	0	0	0	0	0	0.0620155	0	0	0	0.0310078	0.0232558	0	0	0.0155039	0	0	0	0	0	0.209302	0	0.0155039	0	0	0	0	0	0	0.488372	0	0.00775194	0	0	0	0	0.0155039	0	0	0	0.00775194	0	0	0.0155039	0.0232558	0	0	0	0.00775194	0	0	0	0	0	0	0	0	0	0.00775194	0	0	0	0.0310078	0	0	0.0232558	0	0	0	0	0	0	0	0.0465116	0.00775194	0	0.00775194	0.0697674	0	0	0	0	0	0.0155039	0	0	0	0	0.0232558	0	0	0	0.00775194	0	0	0	0	0.00775194	0.0232558	0	0.0620155	0	0	0	0	0	0	0	0.0155039	0	0	0	0	0	0	0	0	0	0	0.00775194	0	0.0310078	0.00775194	0	0	0	0.0387597	0	0	0	0.0155039	0	0	0	0	0.224806	0.00775194	0	0	0	0	0	0.0155039	0	0	0.0387597	0	0	0	0	0	0.0697674	0	0.0232558	0	0	0	0	0	0	0	0.00775194	0	0.00775194	0.0155039	0	0	0	0.00775194	0	0	0	0	0	0	0.0232558	0.162791	0	0	0.0387597	0.0387597	0	0.0155039	0	0	0.465116	0.0852713	0.0155039	0	0	0	0.0310078	0	0	0	0	0	0	0	0	
0.209302	0.108527	0	0	0	0	0	0.00775194	0	0.00775194	0.00775194	0	0	0.0232558	0	0	0.271318	0	0	0	0	0	0	0	0	0.310078	0	0	0	0	0	0.00775194	0.209302	0	0	0	0	0	0	0	0	0	0.00775194	0	0	0	0	0	0	0	0	0	0	0	0	0.00775194	0	0	0	0	0	0	0	0	0	0	0	0.178295	0	0.0155039	0	0.00775194	0	0	0	0	0.00775194	0	0	0	0	0	0	0	0	0	0	0	0	0	0	0	0	0.00775194	0	0	0	0	0	0	0	0	0	0	0	0	0	0	0	0	0.00775194	0	0	0.0542636	0	0	0	0	0	0	0	0	0	0	0	0	0	0	0	0	0	0	0	0	0	0	0	0	0	0.00775194	0	0	0	0	0	0	0	0	0	0	0.271318	0	0	0	0	0	0	0	0	0	0	0	0	0	0	0	0	0	0.00775194	0.00775194	0.0310078	0	0	0	0	0	0	0	0	0	0	0	0	0	0	0	0	0	0	0	0	0	0	0	0	0	0	0	0	0	0	0	0.00775194	0	0	0.217054	0	0	0	0	0	0	0	0	0	0	0	0	0	0	0	0	0	0	0	0	0	0	0	0	0	0	0	0	0	0	0	0	0	0	0	0	0	0	0	0	0	0.387597	0	0	0	0.00775194	0	0	0	0	0.186047	0	0	0	0	0	0.00775194	0	0	0	0	0	0	0	0	
2.45736	0	0	0	0	0	0	0.00775194	0	0	0.0620155	0	0.705426	0	0	0	0.0387597	0	0	0	0.0232558	0.100775	0.124031	0	0	0	0	0	0	0	0	0.0155039	0.139535	0.00775194	0	0	0	0	0	0.0232558	0	0	0	0	0	0	0	0	0	0.00775194	0.0232558	0	0	0	0	0	0.00775194	0	0.00775194	0.116279	0	0	0	0	0	0	0	0	0	0.124031	0	0	0	0	0	0	0	0.0155039	0	0	0	0.162791	0	0.0930233	0	0	0	0	0	0	0.00775194	0.00775194	0	0	0	0	0	0	0	0	0	0.00775194	0	0	0	0	0	0	0	0	0.0155039	0.00775194	0	0	0	0.00775194	0.0310078	0	0.00775194	0	0	0	0.108527	0	0	0	0.0155039	0	0	0.00775194	0	0.0155039	0.0232558	0	0.0387597	0	0.00775194	0	0	0	0	0	0.0232558	0	0	0	0.0387597	0	0.00775194	0	0	0	0	0	0	0	0	0	0	0	0	0	0	0.00775194	0	0.0387597	0.00775194	0	0.0310078	0	0	0	0	0	0	0	0	0	0	0.0310078	0	0	0	0	0	0	0	0	0	0.0155039	0	0	0	0.0155039	0.0542636	0	0	0	0.00775194	0	0	0.00775194	0	0	0	0	0	0	0	0	0	0	0	0	0	1.39535	0	0	0	0.00775194	0	0	0.0310078	0	0.0232558	0	0.00775194	0	0	0	0	0	0	0	0	0	0	0	0	0	0	0	0	0	0	0	0	0.410853	0	0.00775194	0	0	0	0	0	0	0.527132	0	0.0930233	0	0	0	0.0542636	0	0	0	0	0	0	0	0	
5.55814	0.00775194	0	0	0	0	0	0.0620155	0	0	0.0232558	0	0	0	0	0.100775	0.0232558	0	0	0	0.72093	0.131783	0.00775194	0.00775194	0	0	0	0.0387597	0	0	0	0	0	0	0	0	0	0	0	0.604651	0	0.0232558	0	0	0	0.0232558	0	0.0155039	0	0	0.00775194	0	0	0	0	0	0	0.00775194	0	0	0	0	0	0.00775194	0.00775194	0	0	0	0.0155039	0.0232558	0	0	0	0	0	0	0	0.00775194	0	0.0387597	0	0	0	0	0	0	0	0	0	0	0	0	0	0	0	0	0	0.0310078	0	0	0	0.0930233	0	0	0	0.0155039	0	0	0	0	0	0	0	0	0	0.333333	0.0155039	0	0.00775194	0.0852713	0	0	0	0	0	0	0	0	0	0.0930233	0	0	0	0	0.00775194	0	0	0	0	0	0	0	0	0.00775194	0	0.00775194	0	0	0	0	0.0155039	0	0	0	0.0387597	0	0	0	0	0	0	0	0	0.0155039	0	0	0	0	0	0.0155039	0	0.00775194	0.0465116	0.0155039	0	0	0	0	0	0.0310078	0	0	0	0	0	0	0	0	0	0	0	0	0.0310078	0	0	0	0.00775194	0.0620155	0.00775194	0.00775194	0.00775194	0	0.0775194	0	0	0	0.0232558	0	0	0	0	0	0.0232558	0.00775194	0	0.0775194	0	0.00775194	0	0	0	0	0	0	0	0	0	0	0	0	0	0	0	0	0	0.0155039	0	0.00775194	0	0	0	0	0	0	0	0	0	0	0	0.00775194	0	0.0155039	0	0	0	0	0.0387597	0.00775194	0.0465116	0	0.0697674	0	0.0930233	0.0155039	0	0	0	0	0	0	0	
1.78295	0	0	0	0	0.00775194	0.0310078	0.0387597	0.147287	0.0542636	0.00775194	0	0	0	0	0.0542636	0.302326	0.00775194	0	0	0.100775	0.0155039	0	0.0155039	0.418605	0	0	0.0155039	0	0	0	0	0	0.00775194	0	0	0	0	0	0.131783	0	0	0	0	0.00775194	0.00775194	0	0	0	0	0.0155039	0	0	0	0.108527	0	0	0	0	0	0	0	0	0	0.0620155	0.0155039	0	0.00775194	0.00775194	0.0155039	0	0	0	0	0	0	0	0.0465116	0	0	0	0	0	0	0	0	0	0	0	0	0.0387597	0.0155039	0	0	0	0	0.131783	0.0155039	0	0	0	0.00775194	0	0	0	0	0	0.0852713	0	0	0	0	0	0	0	0.00775194	0	0	0	0	0	0	0.0155039	0	0	0	0.00775194	0	0	0	0	0	0	0.0542636	0.00775194	0	0.550388	0	0	0	0	0	0	0	0	0	0	0	0.0232558	0	0	0.00775194	0	0	0	0	0	0	0	0.0310078	0	0	0	0	0	0	0	0	0.0155039	0	0	0.356589	0	0	0	0	0.0232558	0	0	0.00775194	0	0	0	0	0	0	0.00775194	0	0	0	0	0	0	0	0	0	0	0.0155039	0	0	0	0	0	0	0.00775194	0	0.449612	0.00775194	0	0	0	0	0	0	0	0.0155039	0	0	0	0.00775194	0	0	0	0	0	0	0	0	0	0	0.00775194	0	0	0	0	0	0	0	0	0	0	0	0	0	0	0	0	0.0775194	0	0	0.00775194	0.00775194	0	0	0	0	0.116279	0	0.00775194	0	0	0	0	0	0	0	0	0	0	0	0	
10.6977	0.232558	0	0.00775194	0.0852713	0	0.0930233	0.0465116	0.00775194	0	0.0775194	0	0.0775194	0	0.124031	0.0697674	0.139535	0	0.00775194	0.00775194	0.263566	0.147287	0.100775	0.0775194	0	0.00775194	0	0.0155039	0	0	0	0.0232558	0.317829	0.403101	0.0387597	0	0	0	0.0232558	0.00775194	0	0	0	0	0.00775194	0.0387597	0	0.124031	0	0.0232558	0.0697674	0	0	0	0.0775194	0.116279	0.00775194	0	0.0310078	0.550388	0.0155039	0.124031	0	0	0.0620155	0.00775194	0	0.0465116	0	0.0310078	0.0465116	0	0	0.00775194	0	0	0	0	0.00775194	0	0	0.0775194	0	0.00775194	0	0.0465116	0	0	0	0	0	0.100775	0	0.00775194	0	0	0	0.0232558	0.00775194	0	0	0	0	0.0232558	0.0155039	0	0.0155039	0.0620155	0	0.00775194	0.00775194	0.0232558	0.0310078	0.00775194	0	0.0930233	0.209302	0.0232558	0.511628	0	0	0	0.0155039	0	0	0	0	0	0.00775194	0	0.00775194	0	0.00775194	0.0310078	0	0	0	0	0	0	0	0	0.0930233	0	0	0.0775194	0	0	0.0465116	0	0.108527	0	0.170543	0	0	0	0	0.00775194	0	0.0465116	0	0.00775194	0.00775194	0.0232558	0.00775194	0	0.00775194	0.0155039	0	0.0155039	0	0.00775194	0.0387597	0.00775194	0	0	0	0	0	0	0.0155039	0	0	0	0	0	0	0.0542636	0	0	0.00775194	0	0.0232558	0.0620155	0.0232558	0	0.0310078	0.0155039	0.00775194	0.232558	0.00775194	0.0155039	0.0387597	0	0	0	0	0.0930233	0.0155039	0	0	0	0.00775194	0	0.0310078	0.27907	0	0	0	0	0	0	0.00775194	0	0.00775194	0	0.0697674	0	0.00775194	0.00775194	0	0	0	0	0.0155039	0	0	0	0	0	0	0	0	0	0	0	0.0155039	0.27907	0	0.0620155	0	0.00775194	0	0	0	0	8.09302	0	0.00775194	0	0	0.0155039	0.0387597	0	0	0	0	0	0	0	0	
4.4031	0	0	0	0	0	0.00775194	0.0155039	0	0.00775194	0.00775194	0	0	0	0	0.232558	0.356589	0.00775194	0.00775194	0	0.325581	0.0620155	0.0465116	0.0155039	0	0	0	0.0232558	0	0	0	0	0	0	0	0	0	0	0	0.51938	0	0	0	0	0	0.0155039	0	0	0	0	0	0	0	0	0.0155039	0	0.00775194	0	0	0.00775194	0	0	0	0	0.00775194	0	0	0.0155039	0	0.0310078	0	0	0	0	0	0	0	0	0.00775194	0.0387597	0	0	0	0	0	0	0.0310078	0	0	0	0	0	0	0	0	0	0.00775194	0	0	0	0	0	0	0	0	0	0	0	0	0	0	0	0	0.00775194	0	0.333333	0	0.0387597	0	0.00775194	0	0	0	0	0	0	0	0	0	0.0465116	0	0	0	0	0	0	0	0	0	0	0	0	0	0	0.0465116	0	0	0	0	0	0	0	0	0	0.0310078	0	0	0	0	0	0	0	0	0	0	0	0	0	0.00775194	0.00775194	0	0	0	0.0155039	0	0	0	0	0	0.00775194	0	0	0	0	0	0	0	0	0	0.00775194	0	0	0.0542636	0	0	0	0	0.00775194	0.0155039	0	0.00775194	0	0.0155039	0	0	0	0	0.00775194	0	0	0	0	0.00775194	0.00775194	0.00775194	0	0.00775194	0	0	0	0	0	0	0	0.0155039	0	0	0	0	0	0	0	0	0	0.0232558	0	0	0	0	0	0	0	0	0	0	0	0.00775194	0.0930233	0	0	0	0.0155039	0	0.0155039	0	0	0.147287	0.00775194	0.302326	0	0	0	0.0155039	0	0	0	0	0	0	0	0	
3.77519	0	0	0.27907	0	0	0.449612	0	0	0.0310078	0.0387597	0	0	0.00775194	0.0465116	0.0387597	0.310078	0.0310078	0	0.0387597	0	0.0155039	0	0.00775194	0	0	0	0	0	0	0	0.0542636	0.0465116	0.00775194	0	0.0310078	0	0	0	0.00775194	0	0	0	0	0.00775194	0	0	0.0542636	0	0	0	0	0	0.00775194	0.0387597	0	0.00775194	0	0	0.674419	0.00775194	0.00775194	0	0	0.0387597	0	0	0.00775194	0	0.0155039	0	0	0	0.116279	0	0	0	0	0	0	0	0	0	0	0.0155039	0	0	0	0	0	0	0.0310078	0	0	0	0	0.0155039	0	0	0	0	0.0775194	0.00775194	0	0	0.00775194	0	0	0	0	0	0.0155039	0	0	0	0	0.0465116	0.00775194	0	0	0	0	0	0	0	0	0	0	0.00775194	0	0	0	0	0.00775194	0	0	0.0155039	0	0	0	0	0	0	0	0.0852713	0	0	0	0.00775194	0	0	0	0.0155039	0	0	0	0	0	0	0	0	0	0	0	0	0	0	0	0.0542636	0	0	0	0.00775194	0	0	0	0	0	0	0	0.0542636	0	0	0	0	0	0	0.108527	0	0	0.00775194	0	0.00775194	0	0	0	0	0.00775194	0	0	0	0	0	0	0	0	0	0	0	0	0	0	0	0	0	0	0	0.0310078	0	0	0	0	0	0	0	0	0	0	0	0	0	0	0.00775194	0	0	0.0620155	0	0.00775194	0	0	0	0	0	0	0	0	0	0.255814	0	0	0	0.0155039	0	0	0	0	0.263566	0	0	0	0.00775194	0	0.0387597	0	0	0	0	0	0	0	0	
1.33333	0	0	0	0	0	0	0	0	0.0852713	0.00775194	0	0.0155039	0	0.0465116	0.00775194	0.0697674	0.317829	0	0.00775194	0.00775194	0.0465116	0.00775194	0	0	0.0155039	0	0.131783	0	0	0	0	0.100775	0.0155039	0	0	0	0	0	0	0	0.0232558	0	0	0	0	0	0	0	0	0.00775194	0	0	0	0.0852713	0	0.00775194	0	0.00775194	0.542636	0	0.0620155	0	0	0.0155039	0	0	0	0.0155039	0	0	0	0	0	0	0	0	0	0	0	0	0	0	0	0	0	0	0	0	0	0	0	0	0	0	0	0	0	0	0	0	0.139535	0.00775194	0	0	0	0	0	0	0	0	0	0.193798	0	0	0	0.0697674	0	0	0	0	0	0	0	0	0	0	0	0	0.0232558	0	0	0	0	0	0	0	0	0	0	0	0	0	0	0	0	0	0	0	0	0	0	0	0	0	0	0	0	0	0	0	0	0	0.0155039	0.00775194	0	0	0	0	0	0	0	0	0	0	0	0.00775194	0	0	0	0	0.0155039	0	0	0	0	0	0	0	0	0	0	0	0.00775194	0	0	0	0	0	0.0465116	0	0	0	0	0	0	0.00775194	0	0	0.0387597	0	0	0	0	0	0.0155039	0	0	0	0	0	0	0.0465116	0	0	0	0	0	0	0	0	0	0.0155039	0	0	0	0	0	0	0	0	0	0	0	0	0	0.00775194	0	0	0.00775194	0	0	0	0	0	0	0.387597	0	0	0	0	0	0	0	0	0	0	0	0	0	0	
1.17054	0	0	1.43411	0	0	0.217054	0	0	0	0.0232558	0	0.00775194	0	0	0	0.0465116	0	0	0	0	0	0	0	0	0	0	0	0	0	0	0.00775194	0	0	0	0	0.00775194	0	0	0.00775194	0	0.00775194	0	0.0775194	0	0.0310078	0	0.0775194	0	0	0	0	0	0.0697674	0.00775194	0	0	0	0.00775194	0.426357	0	0.00775194	0	0	0	0.00775194	0	0.00775194	0.0155039	0.00775194	0	0	0	0.0155039	0	0	0	0	0	0	0	0	0	0	0	0	0.108527	0	0	0	0.0155039	0	0	0	0	0	0	0	0	0	0	0	0	0	0.00775194	0	0	0	0	0.00775194	0	0	0	0	0	0	0	0	0	0	0	0.0310078	0	0	0	0	0.00775194	0	0	0	0.00775194	0	0	0	0.0465116	0	0	0	0	0	0	0	0	0.131783	0.00775194	0	0	0	0.00775194	0.0232558	0	0	0	0	0	0	0.0155039	0	0	0	0	0	0	0.00775194	0	0.00775194	0	0.0155039	0.00775194	0.00775194	0	0	0	0	0	0	0	0	0	0.00775194	0.0155039	0	0	0	0	0	0	0.00775194	0	0	0	0	0.0155039	0	0	0.00775194	0	0	0	0	0	0	0	0	0	0	0	0	0	0	0	0	0.0697674	0.00775194	0	0	0.00775194	0.100775	0.00775194	0	0	0	0.0155039	0	0	0	0	0	0.00775194	0	0	0.0232558	0	0	0.00775194	0	0	0.00775194	0	0	0	0	0	0	0	0	0	0.0465116	0	0.00775194	0	0.00775194	0	0.00775194	0.00775194	0	0.0542636	0	0.00775194	0	0	0	0.0697674	0	0	0	0	0	0	0	0	
9.6124	0.0620155	0	0.00775194	0.232558	0	0.0155039	0	0	0.0697674	0.178295	0	0.0387597	0	0.108527	0.0775194	1.99225	0	0.00775194	0	0.0775194	0.00775194	0.0155039	0.00775194	0	0	0	0.0697674	0	0	0	0.0465116	0.00775194	0	0.00775194	0	0	0	0	0	0.0155039	0.0155039	0	0.00775194	0	0.0620155	0	0.00775194	0	0.0155039	0.108527	0	0	0.00775194	0.0155039	0.00775194	0.0387597	0	0.00775194	2.04651	0	0.00775194	0	0.0310078	0	0.0232558	0	0.00775194	0.0387597	0.496124	0	0	0	0	0	0	0	0	0	0	0	0.0155039	0	0.0155039	0	0.0155039	0	0	0.0465116	0	0	0.0232558	0	0	0	0	0	0	0.00775194	0	0	0.131783	0	0.00775194	0	0	0	0	0	0.00775194	0	0.00775194	0	0	0	0.116279	0.100775	0.00775194	0.0310078	0	0	0.00775194	0	0	0	0	0	0	0	0.0930233	0	0	0.0465116	0.00775194	0	0	0	0	0	0.00775194	0	0	0.00775194	0	0.271318	0	0.0465116	0.0155039	0	0	0	0	0.0310078	0	0	0	0	0	0	0	0	0	0	0.0310078	0	0	0	0.0387597	0.27907	0.0232558	0	0.00775194	0	0	0	0	0	0	0	0.0930233	0	0	0	0	0	0	0	0.20155	0	0	0	0	0.0697674	0.0232558	0.0232558	0	0	0.0465116	0.0155039	0	0.0387597	0.00775194	0	0	0	0	0.00775194	0.0775194	0	0	0	0	0	0.00775194	0	0.217054	0.0775194	0	0.0930233	0.0387597	0	0	0.0387597	0	0.0310078	0	0.209302	0	0.0697674	0	0	0.0155039	0	0.116279	0	0.0620155	0	0.0155039	0	0	0	0.0155039	0	0	0	0	0.0155039	0.255814	0	0	0.0697674	0.00775194	0	0	0	0.00775194	0.224806	0.00775194	0.186047	0	0.0232558	0	0.0465116	0	0	0	0	0	0	0	0	
1.81395	0	0	0	0	0	0.193798	0	0.0232558	0.0620155	0.00775194	0	0	0	0	0	0.0852713	0	0	0	0.0155039	0.00775194	0.0310078	0	0.0232558	0.0232558	0	0	0	0	0	0	0.00775194	0	0	0	0	0	0	0	0	0	0	0	0	0	0	0.0465116	0	0	0	0	0.00775194	0	0.0155039	0	0	0	0.0232558	1.12403	0.0232558	0	0	0	0.0542636	0	0	0	0	0	0	0	0	0	0	0	0	0	0	0	0	0	0	0	0	0	0	0	0	0	0	0.00775194	0	0	0	0	0	0	0	0.0387597	0.00775194	0.0930233	0	0	0	0	0	0	0	0	0	0.0155039	0	0	0	0	0	0	0	0	0	0.0155039	0	0	0	0	0	0	0	0	0	0	0	0.100775	0	0	0.0232558	0	0	0	0	0	0	0	0.0930233	0	0	0	0.0387597	0	0.00775194	0	0	0	0	0	0.0232558	0	0	0.325581	0	0	0	0.00775194	0	0	0	0	0	0	0	0.0387597	0.00775194	0	0	0	0	0	0	0	0	0	0	0	0	0	0	0.00775194	0	0	0	0	0.00775194	0.00775194	0	0	0	0.0155039	0	0.00775194	0.0232558	0	0	0	0	0	0.0155039	0.00775194	0	0	0	0	0	0	0	0.0930233	0	0.00775194	0	0	0	0	0	0	0.0310078	0	0.116279	0	0	0	0	0	0.00775194	0	0	0.0155039	0	0	0.00775194	0	0	0	0	0	0	0	0	0.0387597	0	0	0	0.0310078	0	0	0	0.00775194	0.0542636	0	0.00775194	0	0	0	0.0387597	0	0	0	0	0	0	0	0	
0.0542636	0	0	0	0	0	0	0	0	0	0	0	0	0	0	0.00775194	0	0	0	0	0	0	0	0	0	0	0	0	0	0.00775194	0	0	0	0	0	0	0	0	0	0	0	0	0	0	0	0	0	0	0	0	0	0	0	0	0	0	0	0	0	0	0	0	0	0	0	0	0	0	0	0	0	0	0	0	0	0	0	0	0	0	0	0	0	0	0	0	0	0	0	0	0	0	0	0	0	0	0	0	0	0	0	0	0	0	0	0	0	0	0	0	0	0	0	0	0	0	0	0	0	0	0	0	0	0	0	0	0	0	0	0	0	0	0	0	0	0	0	0	0	0	0	0	0	0	0	0	0	0	0	0	0.00775194	0	0	0	0	0	0	0	0	0	0	0	0	0	0	0	0	0	0	0	0	0	0	0	0	0	0	0	0	0	0	0	0	0	0	0	0	0	0	0	0	0	0	0	0	0	0	0	0	0	0	0	0	0	0	0	0	0	0	0	0	0	0	0	0	0	0	0	0	0	0	0	0	0	0	0	0	0	0	0	0	0	0	0	0	0	0	0	0	0	0	0	0	0	0	0	0	0	0	0	0	0	0	0	0	0	0	0	0	0	0	0	0	0	0	0	0	0	0	0	0	
7.72093	0.00775194	0	0.0232558	0.00775194	0	0.0155039	0	0	0.0155039	0	0	0.162791	0	0	1.03101	0.736434	0	0	0.0542636	0.449612	0.0155039	0.248062	0	0	0.00775194	0	0.0465116	0	0	0	0	0.0620155	0	0.0155039	0	0	0	0	0.596899	0	0	0	0	0	0.0155039	0	0.0310078	0.0465116	0.00775194	0.51938	0	0	0	0	0	0.0155039	0	0.0232558	0.0232558	0	0.0155039	0	0	0.00775194	0	0	0.00775194	0.00775194	0.255814	0.0310078	0	0.00775194	0	0	0	0	0.0697674	0.00775194	0	0	0.170543	0	0	0	0	0.0155039	0	0	0	0.0310078	0.00775194	0	0	0	0	0	0	0	0.0542636	0	0.0465116	0	0	0	0	0	0.0310078	0	0	0	0	0	0.00775194	0	0.263566	0.00775194	0	0.0155039	0.00775194	0	0	0.217054	0	0	0	0.0387597	0	0	0.0232558	0	0.178295	0.00775194	0	0.248062	0	0.00775194	0	0	0	0.0155039	0.0232558	0	0.0852713	0.0542636	0	0	0	0.0465116	0	0	0.00775194	0.0465116	0	0	0	0	0	0	0.00775194	0	0	0	0	0	0	0	0	1.44961	0	0	0.00775194	0	0	0	0	0	0	0	0.0387597	0	0	0	0	0	0	0	0.108527	0	0	0.0620155	0	0.0465116	0	0.0155039	0	0	0.0542636	0	0.0232558	0.00775194	0	0	0	0.0542636	0	0.108527	0	0	0	0	0	0.20155	0	0	0	0.0232558	0	0	0	0	0	0	0	0.0620155	0	0.0232558	0	0.0232558	0	0	0.00775194	0.0155039	0	0.0232558	0.108527	0	0.147287	0.0310078	0	0	0	0	0	0	0	0	0.0155039	0	0	0	0	0	0.00775194	0	0.0155039	0.325581	0.0155039	0.00775194	0	0.00775194	0	0.0465116	0.0232558	0	0	0	0	0	0	0	
3.34109	0	0	0	0	0	0.00775194	0.294574	0	0.0232558	0	0	0.232558	0	0	0.0155039	0.0155039	0	0	0.0542636	0.00775194	0	0.00775194	0	0	0.108527	0	0	0	0	0	0.0155039	0.0697674	0	0	0	0	0	0	0	0	0	0	0	0.00775194	0	0	0	0	0	0.0232558	0	0	0	0	0.0155039	0	0	0	0.209302	0	0.0465116	0	0	0	0.00775194	0	0.0155039	0	0.0775194	0	0.00775194	0	0	0	0	0	0	0	0	0	0	0	0.0232558	0	0	0	0	0.00775194	0	0.00775194	0	0	0	0	0	0	0.00775194	0	0	0	0	0.00775194	0	0	0.00775194	0	0	0	0	0	0	0	0.00775194	0	0	0	0	0	0	0	0	0.0775194	0.00775194	0	0	0	0	0	0	0	0	0	0	0	0.00775194	0	0	0	0	0	0.0155039	0	0	0	0	0.0465116	0	0	0	0.0310078	0	0	0	0	0.232558	0	0	0	0	0	0	0	0.0155039	0	0	0.0155039	0	0.0620155	0.0232558	0.00775194	0	0	0	0	0	0	0	0	0	0	0	0	0	0	0	0	0	0.0387597	0	0	0.00775194	0	0.00775194	0.0310078	0	0	0	0	0	0	0	0	0	0	0.00775194	0	0.0155039	0	0	0	0	0	0	0.0775194	0.0852713	0	0	0	0	0	0	0.0232558	0	0	0	0	0	0	0	0	0	0.00775194	0	0	0	0	0.00775194	0	0	0	0	0	0	0	0	0	0.232558	0	0	0	0.0232558	0	0	0	0	0.0697674	0	0	0	0.00775194	0	0.0542636	0	0	0	0	0	0	0	0	
4.81395	0.0155039	0	0.0155039	0.00775194	0	0.131783	0	0.0775194	0.00775194	0	0	0.0232558	0.00775194	0	0	0.736434	0	0	0.00775194	0	0.0387597	0	0	0.224806	0	0	0	0	0	0	0	0	0	0	0	0	0	0	0.255814	0.0155039	0	0	0	0	0	0	0.0542636	0	0	0.0465116	0	0	0.00775194	0.0155039	0	0	0	0	0.713178	0.00775194	0	0	0	0.00775194	0	0	0.00775194	0.00775194	0	0	0	0	0	0	0	0	0.0310078	0.00775194	0	0	0	0	0.00775194	0	0	0	0	0	0	0	0.0310078	0	0	0	0	0.0155039	0	0.100775	0	0.0232558	0.0155039	0	0	0	0	0.0155039	0.0775194	0	0	0.00775194	0	0	0	0	0.00775194	0.0155039	0.0232558	0.0155039	0	0	0	0.00775194	0	0	0	0	0	0	0	0	0	0	0	0	0	0.0620155	0	0	0	0	0	0.0232558	0	0	0	0	0	0.0155039	0	0	0	0	0	0	0	0	0	0	0.0387597	0	0	0	0	0	0	0.00775194	0	0	0	0	0	0	0	0	0	0	0	0	0	0	0	0	0	0.00775194	0	0	0.0310078	0	0	0	0	0	0	0.0232558	0	0	0.0310078	0	0	0	0	0	0	0	0	0.124031	0	0.00775194	0	0	0	0	0.00775194	0.00775194	0	0	0	0	0	0	0	0.0155039	0	0	0	0.0387597	0	0.0155039	0	0	0	0	0	0	0	0	0	0	0	0	0	0	0	0	0	0.0465116	0.0697674	0	0	0	0.0387597	0	0	0	0	0.0232558	0	0.00775194	0	0	0	0.0620155	0.00775194	0	0	0	0	0	0	0	
1.46512	0	0	0.0465116	0.0310078	0	0.0232558	0	0	0	0.0232558	0	0.0310078	0	0	0	0.178295	0	0	0	0	0	0.00775194	0	0.0155039	0.162791	0	0.0155039	0	0	0	0	0	0	0.0620155	0	0	0.00775194	0	0	0	0	0	0	0.00775194	0	0	0	0	0	0.0387597	0	0	0	0.0542636	0	0.00775194	0	0	0.472868	0	0	0	0	0.0232558	0	0	0	0.0310078	0.0310078	0	0	0.00775194	0	0	0	0	0	0	0	0	0.0155039	0	0	0	0	0	0	0	0	0	0	0	0	0	0	0	0	0	0	0	0.0232558	0	0	0	0	0	0	0.00775194	0	0	0	0	0	0	0	0.0697674	0	0.00775194	0.0155039	0	0	0.0232558	0	0	0	0	0	0	0	0	0	0	0	0	0	0.00775194	0	0	0	0	0	0	0	0.0232558	0	0	0	0	0	0.00775194	0	0	0	0	0	0	0.0310078	0	0	0	0	0	0	0.0542636	0	0	0	0.0542636	0	0	0	0	0	0	0	0	0	0	0	0	0	0	0	0	0	0	0	0	0	0	0	0	0.0155039	0	0	0	0	0	0.162791	0	0	0	0	0	0	0	0	0.0387597	0.108527	0	0	0	0	0.00775194	0.124031	0	0	0	0	0	0	0	0	0	0	0.00775194	0	0	0	0	0	0	0	0	0.0155039	0	0	0	0	0	0	0	0	0	0	0.0387597	0.0542636	0	0	0	0.00775194	0	0	0	0	0.0542636	0.0310078	0	0	0	0	0.0310078	0	0	0	0	0	0	0	0	
0.457364	0.0155039	0	0.00775194	0.00775194	0	0.00775194	0.0542636	0.0155039	0	0.00775194	0	0	0	0	0	0.0155039	0	0	0	0.0155039	0	0	0.0465116	0	0.186047	0	0	0	0	0	0.0232558	0	0	0	0	0	0	0	0.00775194	0	0	0	0	0	0	0	0	0	0	0.00775194	0	0	0	0	0	0	0	0	0	0	0	0	0	0	0	0	0.00775194	0	0.0155039	0	0	0	0	0	0	0	0	0	0	0	0	0	0	0.0232558	0	0	0	0	0	0.0155039	0	0.0155039	0	0	0	0	0.0232558	0	0	0	0.00775194	0	0	0	0	0	0	0	0	0	0	0	0	0	0	0	0	0	0	0	0	0	0	0	0	0	0	0	0	0	0	0	0	0	0	0	0	0	0	0	0.0155039	0	0	0	0	0	0	0	0	0.0310078	0	0	0	0	0.0775194	0	0	0	0	0	0	0	0	0	0	0	0	0.00775194	0.00775194	0	0	0.00775194	0	0	0	0	0	0	0	0	0	0.0232558	0	0	0.00775194	0	0	0	0	0	0	0	0	0	0	0	0	0	0	0	0	0	0	0	0	0	0.0232558	0	0	0	0	0	0	0	0.00775194	0	0	0.0155039	0	0	0	0	0	0	0	0	0	0	0	0.0155039	0	0	0	0	0	0	0	0	0	0	0	0	0	0	0	0.0155039	0.0852713	0	0.0155039	0	0.00775194	0	0	0	0.00775194	0.0465116	0	0.00775194	0	0	0	0.00775194	0	0	0	0	0	0	0	0	
0	0	0	0	0	0	0	0	0	0	0	0	0	0	0	0	0	0	0	0	0.00775194	0	0	0	0	0.139535	0	0	0	0	0	0	0	0	0	0	0	0	0	0	0	0	0	0	0	0	0	0	0	0	0	0	0	0	0	0	0	0	0	0	0	0	0	0	0	0	0	0	0	0	0	0	0	0	0	0	0	0	0	0	0	0	0	0	0	0	0	0	0	0	0	0	0	0	0	0	0	0	0	0	0	0	0	0	0	0	0	0	0	0	0	0	0	0	0	0	0	0	0	0	0	0	0	0	0	0	0	0	0	0	0	0	0	0	0	0	0	0	0	0	0	0	0	0	0	0	0	0	0	0	0	0	0	0	0	0	0	0	0	0	0	0	0	0	0.0155039	0	0	0	0	0	0	0	0	0	0	0	0	0	0	0	0	0	0	0	0	0	0	0	0	0	0	0	0	0	0	0	0	0	0	0	0	0	0	0	0	0	0	0	0	0	0	0	0	0	0	0	0	0	0	0	0	0	0	0	0	0	0	0	0	0	0	0	0	0	0	0	0	0	0	0	0	0	0	0	0	0	0	0	0	0	0	0	0	0	0	0	0	0	0	0	0	0	0	0	0	0	0	0	0	0	0	
14.0775	0.829457	0	0.00775194	0.0310078	0.0155039	0.0155039	0.20155	0.00775194	0.0620155	1.06202	0	0.0232558	0	0.0232558	1.0155	1.37209	0.573643	0.0155039	0.0155039	0.96124	1.13178	0.155039	1.4186	0.00775194	0.0155039	0	0.379845	0	0	0	0	2.82171	2.03876	0.0155039	0	0	0	0	0.317829	0	0	0	0	0.0232558	0.170543	0	0	0.0232558	0	0.0465116	0	0.0697674	0	0.0852713	0	0.00775194	0	0.0155039	0.162791	0	0.829457	0	0.00775194	0.0387597	0	0	0.0310078	0.209302	0.550388	0	0	0	0	0	0.0930233	0	0	0.263566	0	0	0.635659	0	0	0	0.131783	0	0	0.0310078	0.00775194	0.0155039	0.00775194	0.0232558	0	0	0	0.00775194	0.0465116	0	0.170543	0	0.0387597	0.0542636	0	0	0.0155039	0.00775194	0	0	0.0542636	0	0.00775194	0	0.00775194	0	0	0.108527	0	0.0310078	0.20155	0	0.00775194	0.100775	0	0	0	0.0620155	0	0	0.604651	0.0697674	0.193798	0	0	0.00775194	0.00775194	0	0	0	0	0.0232558	0.00775194	0	0	0.224806	0.0232558	0	0.00775194	0.00775194	0	0.0542636	0	0	0	0.131783	0	0	0	0	0	0	0	0	0.410853	0	0	0.108527	0	0.395349	0.131783	0	0.00775194	0	0	0	0	0.0620155	0	0	0.542636	0	0	0	0	0.0387597	0	0	0	0	0.0387597	0.0232558	0	0.589147	0.0620155	0	0.0155039	0	1.87597	0.0697674	0	0.0232558	0	0.248062	0	0.0155039	0.0155039	0.00775194	0.728682	0	0	0	0	0.0542636	0.209302	0.0232558	0.0387597	0.263566	0	0.0775194	0.325581	0	0	0.542636	0	0.713178	0	0.00775194	0	0.0852713	0	0	0	0.379845	0.0155039	0.356589	0.837209	0	0.162791	0	0	0	0.0465116	0	0	0	0.0155039	0.976744	1.71318	0	0.0465116	0.0775194	0.178295	0	0.348837	0.0930233	0.271318	28.2016	1.5969	1.41085	0	0.310078	0	12.3798	0.542636	0	0	0	0	0	0	0	
11.5116	0.0310078	0	0.0387597	0.0620155	0	0.550388	0.0232558	0	0.255814	0.0310078	0	0.116279	0	0.0542636	0.51938	0.612403	0	0	0.00775194	0.922481	0.255814	0.131783	0.0310078	0.00775194	0.178295	0	0.0155039	0	0	0	0	0.457364	1.11628	0	0	0	0	0	0.0155039	0.00775194	0	0	0	0.0155039	0.0232558	0	0.178295	0	0	0.124031	0	0	0	0.0697674	0.00775194	0.0310078	0	0.0310078	7.73643	0	0.0930233	0	0.0310078	0.124031	0.0155039	0	0.00775194	0.0930233	0.108527	0.00775194	0	0.147287	0	0	0	0.0232558	0.0155039	0.0620155	0	0	0	0	0.0310078	0	0.0232558	0	0	0	0	0.00775194	0.139535	0	0	0	0	0	0	0.0155039	0	0.00775194	0.821705	0.0155039	0.0232558	0	0.0232558	0.0155039	0	0	0.00775194	0	0.0310078	0.00775194	0	0	0.775194	0	0	0.0232558	0.0155039	0	0	0.00775194	0	0	0	0	0	0.0310078	0.0465116	0	0.0310078	0.00775194	0.00775194	0	0	0	0	0	0.00775194	0	0.0155039	0.170543	0	0.27907	0	0	0	0.00775194	0.00775194	0	0	0.0542636	0	0.00775194	0	0	0	0.0465116	0.0232558	0	0	0.0387597	0.178295	0.0542636	0.0387597	0.00775194	0.0310078	0.348837	0.124031	0	0	0.0232558	0	0	0	0.0387597	0	0	0.0775194	0.0697674	0	0	0	0.00775194	0	0	0.100775	0	0.00775194	0.00775194	0	0.0465116	0.0465116	0.131783	0	0.0155039	0.186047	0.0155039	0.131783	0	0	0	0.00775194	0.0232558	0	0.0232558	0.108527	0	0.0232558	0	0	0	0.00775194	0.0620155	0.0310078	0.00775194	0.0852713	0.00775194	0.0465116	0	0	0.0310078	0.0155039	0.100775	0	0.0852713	0	0.00775194	0.00775194	0	0.0232558	0.0232558	0	0.00775194	0.0697674	0	0.0232558	0	0.00775194	0	0	0	0	0	0	0.00775194	0.728682	0	0.0310078	0	0.00775194	0	0.00775194	0.00775194	0.0387597	12.093	0.0155039	0.0387597	0	0.00775194	0	0.162791	0.00775194	0	0	0	0	0	0	0	
3.22481	0.0155039	0	0.488372	0	0	0.232558	0	0.0387597	0.286822	0	0	0	0	0.0232558	0.00775194	0.79845	0	0	0.0465116	0	0.00775194	0.108527	0.00775194	0.0155039	0.0155039	0	0	0	0	0	0	0.131783	0	0	0.0232558	0	0	0.0465116	0	0	0	0	0	0	0.0155039	0	0.0465116	0	0	0.131783	0	0.00775194	0	0	0	0.0155039	0	0	0.713178	0	0.0465116	0	0.0232558	0	0	0	0.00775194	0	0.0852713	0.0155039	0	0	0	0	0	0	0.00775194	0	0	0	0.00775194	0	0.0155039	0.00775194	0	0	0	0	0	0	0.0310078	0	0	0	0	0	0	0	0	0	0.0697674	0.0155039	0.0465116	0	0	0.0155039	0	0	0	0	0.00775194	0	0	0	0	0.232558	0	0	0	0	0.00775194	0	0	0	0.00775194	0.00775194	0	0	0.00775194	0	0	0	0	0.00775194	0	0.0155039	0	0	0.00775194	0	0	0	0.00775194	0	0	0	0.0155039	0.00775194	0	0	0	0.0465116	0	0	0	0.00775194	0	0	0.0387597	0	0	0	0.0232558	0	0.0620155	0	0.00775194	0.00775194	0.0387597	0	0	0	0	0	0	0	0	0	0.0232558	0.00775194	0	0	0	0	0	0.0232558	0.00775194	0	0.00775194	0	0	0.00775194	0	0	0	0	0.00775194	0	0.00775194	0.00775194	0	0.0155039	0	0	0	0.0155039	0	0	0	0	0	0	0	0	0	0	0.0465116	0	0	0	0	0	0	0	0	0	0	0	0	0	0	0	0	0.0155039	0.116279	0.0155039	0	0	0	0	0	0	0	0	0	0	0.0310078	0	0	0	0	0	0	0	0	0.348837	0.00775194	0	0	0	0	0.00775194	0	0	0	0	0	0	0	0	
8.24806	0.0232558	0	0.00775194	0.0232558	0	0.0310078	0.0697674	0	0.00775194	0.0697674	0	0.0310078	0	0.0387597	0.488372	0.395349	0	0.0155039	0.0232558	0.604651	0.124031	0.108527	0.0387597	0	0.0465116	0	0.108527	0	0	0	0.186047	0.139535	0.317829	0	0	0	0	0	0	0	0	0	0	0.0232558	0.0542636	0	0.00775194	0	0.00775194	0.170543	0	0.00775194	0	0.0697674	0	0.0387597	0	0.0310078	2.07752	0	0.271318	0	0.00775194	0.0232558	0.00775194	0	0.00775194	0.0155039	0.0620155	0.00775194	0	0	0	0	0	0	0	0.0310078	0	0	0.00775194	0	0.147287	0	0.0775194	0	0	0	0	0.0310078	0.00775194	0	0	0	0	0	0	0	0	0.0155039	0.48062	0	0	0	0	0.0775194	0.0155039	0	0.0387597	0	0.00775194	0.139535	0	0	0.457364	0.147287	0.00775194	0	0	0	0	0.0155039	0	0	0	0.0387597	0	0	0.0232558	0	0	0.209302	0.00775194	0.0542636	0	0.00775194	0	0	0	0.131783	0	0.0930233	0	0.0852713	0.0852713	0.0232558	0.00775194	0.00775194	0	0	0.0232558	0.00775194	0	0	0	0	0	0	0.00775194	0	0	0.0232558	0.0387597	0	0	0	0	0.0465116	0	0	0.0155039	0.348837	0	0	0	0	0	0	0.0155039	0	0	0	0	0	0	0	0	0	0	0	0	0.00775194	0.108527	0.0155039	0	0	0.0465116	0.00775194	0.116279	0.00775194	0	0	0	0.00775194	0	0.100775	0.0542636	0.0232558	0.00775194	0	0	0.0155039	0.0310078	0.0930233	0.0930233	0.20155	0.00775194	0.0387597	0.0155039	0	0	0.0232558	0	0	0	0.248062	0	0.0232558	0.0155039	0	0.0775194	0.0155039	0.0155039	0.0155039	0.0620155	0	0.0620155	0	0	0	0	0	0	0	0	0	0.0387597	0	0.0155039	0	0.0232558	0	0.0155039	0	0.0310078	6.21705	0	0	0	0	0	0.178295	0.0155039	0	0	0	0	0	0	0	
5.48837	0.0232558	0	0	0.00775194	0	0.0155039	0.00775194	0.0155039	0	0.0232558	0	0	0	0	0.186047	0.0155039	0.0155039	0	0	0.449612	0.0620155	0.00775194	0.00775194	0	0	0	0	0	0.00775194	0	0	0.00775194	0	0	0	0	0	0	0.868217	0	0	0	0	0	0.0465116	0	0	0	0	0	0	0	0	0	0.0542636	0	0	0.00775194	0.00775194	0	0.0387597	0	0	0	0	0	0	0.00775194	0.0155039	0	0	0	0	0	0	0	0	0	0	0	0	0	0	0	0	0	0	0	0	0	0	0	0	0	0	0	0.0155039	0	0	0	0	0.00775194	0	0	0	0	0	0	0	0	0	0	0	0	0.310078	0.00775194	0	0	0	0	0	0	0	0	0	0	0	0	0.0542636	0	0.00775194	0	0	0	0	0	0	0	0	0	0	0	0	0	0	0	0	0	0	0	0	0	0	0.0155039	0	0	0	0	0	0	0	0	0	0	0.00775194	0	0	0	0.00775194	0	0	0	0	0	0	0	0	0	0.0310078	0	0	0	0	0	0	0	0	0	0	0	0	0.0310078	0	0	0	0	0.0310078	0.00775194	0.00775194	0	0	0	0	0.00775194	0	0.0155039	0.00775194	0	0	0	0	0	0	0	0	0	0	0	0.00775194	0	0	0	0	0.0387597	0	0	0	0	0	0	0	0	0	0	0	0	0	0	0	0	0	0	0	0	0	0.00775194	0.0542636	0	0	0	0.00775194	0	0	0	0	0.155039	0.0310078	0.00775194	0	0	0	0.0232558	0	0	0	0	0	0	0	0	
0	0	0	0.0232558	0	0	0.00775194	0	0	0	0	0	0	0	0	0	0	0.0232558	0	0	0.00775194	0	0	0	0	0	0	0	0	0	0	0	0.186047	0.116279	0	0	0	0	0	0	0	0	0	0	0	0	0	0	0	0	0	0	0	0	0	0	0	0	0	0	0	0	0	0	0	0	0	0	0	0	0	0	0	0	0	0	0	0	0	0	0	0	0	0	0	0	0	0	0	0	0	0	0	0	0	0	0	0	0	0	0	0	0	0	0	0	0	0	0	0	0	0	0	0	0	0	0.00775194	0	0	0	0	0	0	0	0	0	0	0	0	0	0	0	0	0	0	0	0	0	0	0	0	0	0	0	0	0	0	0	0	0	0	0	0	0	0	0	0	0	0	0	0	0	0	0	0	0	0	0.00775194	0	0	0	0	0	0	0	0	0	0	0	0	0.0155039	0	0	0	0	0	0	0	0	0	0	0	0	0	0	0	0	0	0	0	0	0	0	0	0	0	0	0	0	0	0	0	0	0	0	0	0	0.0155039	0	0	0	0	0	0	0	0	0	0	0	0	0	0	0	0	0	0	0	0	0	0	0	0	0	0	0	0	0.00775194	0	0	0	0	0	0	0	0	0	2.66667	0	0	0	0	0	0.00775194	0	0	0	0	0	0	0	0	
4.23256	0	0	3.81395	0	0.00775194	0.24031	0	0	0.0310078	0	0	0	0.0310078	0	0.0465116	0.914729	0.00775194	0	0.0465116	0.100775	0.00775194	0	0.0232558	0	0	0	0.0155039	0	0	0	0.00775194	0	0.0232558	0.00775194	0.0155039	0	0	0	0	0	0	0	0.139535	0	0.0542636	0	0.170543	0.00775194	0	0.0232558	0	0	0.341085	0	0.0155039	0.124031	0	0	0.906977	0.0852713	0.0852713	0	0	0	0.0387597	0	0	0	0.0930233	0	0	0	0.00775194	0	0	0	0	0.0310078	0	0	0	0	0.0697674	0	0.00775194	0.0155039	0	0	0	0.0930233	0.00775194	0	0	0	0	0	0	0	0.00775194	0	0	0	0.0155039	0	0.131783	0	0.00775194	0	0	0	0	0	0	0	0.0232558	0	0.0155039	0	0	0	0	0	0	0	0.0155039	0	0	0.00775194	0.0387597	0	0	0.00775194	0	0.0930233	0	0	0	0	0	0	0.00775194	0	0.0620155	0	0	0	0	0	0.108527	0	0	0.0232558	0	0	0	0.0232558	0	0	0.0620155	0	0	0	0.139535	0	0	0.0155039	0.00775194	0.00775194	0.0775194	0	0	0.0232558	0	0	0	0	0	0	0.255814	0.00775194	0	0	0	0	0	0.00775194	0.00775194	0	0	0	0	0.0155039	0	0	0	0	0.0465116	0.0542636	0	0	0	0	0	0	0	0	0	0	0	0	0	0.0620155	0	0	0.00775194	0	0.0620155	0.00775194	0.0232558	0	0	0.0387597	0	0	0	0	0	0.00775194	0.00775194	0	0.0542636	0	0	0	0.0310078	0	0.00775194	0	0.0155039	0	0	0	0	0	0.00775194	0.0697674	0.0465116	0	0.00775194	0	0.0387597	0	0.00775194	0	0.108527	0.116279	0	0.00775194	0	0.0465116	0	0.217054	0	0	0	0	0	0	0	0	
4.32558	0	0	0	0	0.356589	0	0	0	0.0465116	0.00775194	0	0.193798	0	0.00775194	0.116279	0.0155039	0	0	0.00775194	0.364341	0	0.0620155	0	0	0	0	0.0930233	0	0	0	0	0.0232558	0	0	0	0	0	0	0.139535	0	0	0	0	0	0	0	0	0.00775194	0	0.286822	0	0	0	0	0	0.00775194	0	0	0.0852713	0	0.0155039	0	0	0	0	0	0.0155039	0.100775	0.271318	0	0	0	0	0	0	0	0	0	0	0	0.00775194	0	0	0	0.00775194	0.00775194	0	0	0	0	0	0	0	0	0	0	0	0	0.00775194	0	0.00775194	0	0	0.0155039	0.00775194	0	0	0	0.0387597	0	0	0	0	0	0.0697674	0.108527	0	0	0	0	0.0155039	0	0	0	0	0.00775194	0	0.00775194	0.00775194	0	0	0	0	0	0	0	0	0	0.00775194	0	0	0.0155039	0.00775194	0	0	0	0	0	0	0	0	0	0	0	0	0	0	0	0.00775194	0	0	0	0	0	0	0	0	0.0930233	0	0	0	0	0	0	0	0	0	0	0	0	0	0	0	0	0	0	0.00775194	0	0	0.00775194	0	0.00775194	0	0	0	0	0.0232558	0	0.0542636	0	0	0.0232558	0	0	0.00775194	0	0	0	0	0	0	0	0	0	0.00775194	0.0542636	0	0	0.00775194	0	0	0	0	0.0310078	0	0	0	0	0	0	0	0	0.00775194	0	0	0	0.0310078	0	0	0	0	0	0	0	0	0.00775194	0	0	0	0	0	0	0	0	0	2.10078	0.0155039	0.00775194	0	0	0	0.0232558	0	0	0	0	0	0	0	0	
0	0	0	0	0	0	0	0	0	0	0	0	0	0	0	0	0	0	0	0	0	0	0	0	0	0.00775194	0	0	0	0	0	0	0	0	0	0	0	0	0	0	0	0	0	0	0	0	0	0	0	0	0	0	0	0	0	0	0	0	0	0	0	0	0	0	0	0	0	0	0	0.00775194	0	0	0	0	0	0	0	0	0	0	0	0	0	0	0	0	0	0	0	0	0	0	0	0	0	0	0	0	0	0	0	0	0	0	0	0	0	0	0	0	0	0	0	0	0	0.00775194	0	0	0	0	0	0	0	0	0	0	0	0	0	0	0	0	0	0	0	0	0	0	0	0	0	0	0	0	0	0	0	0	0	0	0	0	0	0	0	0	0	0	0	0	0	0	0	0	0	0	0	0	0	0	0	0	0	0	0	0	0	0	0	0	0	0	0	0	0	0	0	0	0	0	0	0	0	0	0	0	0	0	0	0	0	0	0	0	0	0	0	0	0	0	0	0	0	0	0	0	0	0	0	0	0	0	0	0	0	0	0	0	0	0	0	0	0	0	0	0	0	0	0	0	0	0	0	0	0	0	0	0.0387597	0	0	0	0.00775194	0	0	0	0	0	0	0	0	0	0	0	0	0	0	0	0	0	0	0	
0	0.0310078	0	0	0	0	0	0	0	0	0	0	0	0	0	0	0	0	0	0	0	0	0	0	0	0	0	0	0	0	0	0.0930233	0	0	0	0	0	0	0	0	0	0	0	0	0	0	0	0	0	0	0	0	0	0	0	0.00775194	0	0	0	0	0	0	0	0	0	0.00775194	0	0	0	0	0.0232558	0	0	0	0	0	0	0	0	0	0	0	0	0	0	0	0	0	0	0	0	0	0	0	0	0	0	0	0	0	0	0	0	0	0	0	0	0	0	0	0	0	0	0.0232558	0	0	0	0	0	0	0	0	0	0	0	0	0	0	0	0	0	0	0.00775194	0	0	0	0	0	0	0	0	0.0310078	0	0	0	0	0.00775194	0	0	0	0	0	0	0	0	0	0	0	0	0	0	0	0	0	0	0	0	0	0	0	0.0155039	0	0.00775194	0	0	0	0	0	0	0	0	0	0	0	0	0	0	0	0	0	0	0	0	0	0	0	0	0	0	0	0	0	0.00775194	0	0	0	0	0	0	0	0	0	0	0	0	0	0	0	0	0	0	0	0	0	0	0	0	0	0	0	0	0	0	0	0	0	0	0	0	0	0	0	0	0	0	0	0	0	0	0	0	0.00775194	0	0	0	0	0.0155039	0	0	0	0	0	0	0	0	0	0	0	0	0	0	
0.0310078	0	0	0	0	0	0	0	0	0	0	0	0	0	0	0	0	0	0	0	0	0	0.0232558	0	0	0	0	0	0	0	0	0	0	0	0	0	0	0	0	0	0	0	0	0	0	0	0	0	0	0	0	0	0	0	0	0	0	0	0	0	0	0	0	0	0	0	0	0	0	0	0	0	0	0	0	0	0	0	0	0	0	0	0	0.00775194	0	0	0	0	0	0	0	0	0	0	0	0	0	0	0	0	0	0	0	0	0	0	0	0	0	0	0	0	0	0	0	0.00775194	0	0	0	0	0	0	0	0	0	0	0	0	0	0	0	0	0	0	0	0	0	0	0	0	0	0	0	0	0	0	0	0	0	0	0	0	0	0	0	0	0	0	0	0	0	0	0	0	0	0	0	0	0	0	0	0	0	0	0	0	0	0	0	0	0	0	0.00775194	0	0	0	0	0	0	0	0	0	0	0	0	0	0	0	0	0	0	0	0	0	0	0	0	0	0	0	0	0	0	0	0	0.00775194	0	0	0	0	0	0	0	0	0.00775194	0	0	0	0	0	0	0	0	0	0	0	0	0	0	0	0	0	0	0	0	0	0	0	0	0	0	0	0	0	0	0	0	0	0	0	0	0	0	0	0	0	0	0	0	0	0	
11.4961	0.0155039	0	0.0232558	0	0.0310078	0.186047	0.0155039	0	0.0697674	0	0	0.434109	0.0155039	0.0310078	1.18605	3.35659	0.20155	0	0.139535	0.581395	0.0232558	0.232558	0.147287	0.108527	0.0155039	0	0.364341	0	0	0	0.0155039	0.209302	0.0542636	0	0	0	0	0	0.604651	0	0	0	0.0387597	0.00775194	0.209302	0	0.00775194	0	0	0.891473	0	0	0	0.00775194	0	0.0387597	0	0.0310078	0.116279	0	0.0852713	0	0.0775194	0.00775194	0	0	0.0465116	0.0465116	2.51938	0.00775194	0	0	0.0155039	0	0	0	0.0155039	0.131783	0	0	0.271318	0	0.0310078	0	0.00775194	0.387597	0	0.155039	0	0	0.372093	0	0.0155039	0	0	0.00775194	0	0.0310078	0.0387597	0.0310078	0.0310078	0	0.00775194	0	0.0387597	0.00775194	0.0542636	0	0.302326	0	0	0	0.0232558	0	1.51938	0.0620155	0	0.333333	0	0	0.0542636	0.395349	0	0	0	0	0	0	0.0542636	0	0.0232558	0	0	0.488372	0	0.0155039	0	0	0	0	0	0.0232558	0.00775194	0	0	0	0	0.0232558	0.00775194	0	0	0.0852713	0	0	0	0	0	0.00775194	0.0155039	0	0	0	0	0	0	0.00775194	0	2.77519	0.0387597	0	0.131783	0.0387597	0.0232558	0	0	0	0	0	0.658915	0	0	0	0	0.00775194	0.00775194	0	0.186047	0	0	0.0465116	0	0.0930233	0	0	0	0	0.116279	0.0155039	0	0	0	0.0232558	0	0.0310078	0.0775194	0.0155039	0	0	0	0	0	0	0	0.0465116	0	0.186047	0	0.0542636	0.00775194	0	0	0.116279	0	0.0232558	0	0	0	0.0620155	0	0	0.0155039	0.0465116	0	0.0155039	0.0852713	0	1.91473	0	0	0	0	0	0	0	0	0.0155039	0.0310078	0	0	0	0.00775194	0	0.00775194	0	0.0310078	1.96124	0	0.0310078	0	0.0155039	0	0.0465116	0.00775194	0	0	0	0	0	0	0	
0	0	0	0	0	0	0	0	0	0	0	0	0	0	0	0	0	0.00775194	0	0	0	0	0	0	0	0	0	0	0	0	0	0	0.108527	0.0620155	0	0	0	0	0	0	0	0	0	0	0	0	0	0	0	0	0	0	0	0	0	0	0	0	0	0	0	0	0	0	0	0	0	0	0	0	0	0	0	0	0	0	0	0	0	0	0	0.00775194	0	0	0	0	0	0	0	0	0	0	0	0	0	0	0	0	0	0	0	0	0	0	0	0	0	0	0	0	0	0	0	0	0	0	0	0	0	0	0	0	0	0	0	0	0	0	0	0	0	0	0	0	0.00775194	0	0	0	0	0	0	0	0	0	0	0	0	0	0	0	0	0	0	0	0	0	0	0	0	0	0	0	0	0	0	0	0	0	0	0	0	0	0	0	0	0	0	0	0	0	0	0	0	0	0	0	0	0	0	0	0	0	0	0	0	0	0	0	0	0	0	0	0	0	0	0	0	0	0	0	0	0	0	0	0	0	0	0	0	0	0	0	0	0.00775194	0	0	0	0	0	0	0	0	0	0	0	0	0	0	0	0	0	0	0	0	0	0	0	0	0	0	0	0	0	0	0	0	1.96899	0	0.0155039	0	0	0	0	0	0	0	0	0	0	0	0	
9.05426	0.0155039	0	0.0697674	0.0232558	0	0.124031	0	0	0.170543	0.0155039	0	0.0232558	0.689922	0.00775194	0.0155039	0.116279	0	0.0155039	0.0775194	0.232558	0.0387597	0.0387597	0.0387597	0	0.0155039	0	0.0310078	0	0	0	0	0	0.00775194	0.0155039	0	0	0	0	0	0.00775194	0	0.00775194	0.0852713	0	0.0387597	0	0.139535	0	0	0.0387597	0	0	0.0232558	0.0155039	0	0.147287	0.00775194	0.00775194	1.11628	0	0.0387597	0	0	0	0.0310078	0	0	0	0.0697674	0	0	0	0.302326	0	0	0	0.0620155	0.0155039	0	0	0.0155039	0	0	0	0	0	0	0.248062	0	0.100775	0.00775194	0.0155039	0	0	0	0.0155039	0	0.0155039	0	0.00775194	0.116279	0.00775194	0	0.0310078	0.100775	0	0	0	0	0.00775194	0	0.0232558	0	0	0.0387597	0.147287	0	0.0155039	0	0	0.116279	0	0	0.00775194	0	0	0	0	0.0155039	0.139535	0	0.0775194	0	0.217054	0	0	0	0	0	0	0.00775194	0	0.0775194	0.341085	0	0	0.0155039	0	0	0.0387597	0	0	0	0	0	0.0155039	0	0.0232558	0.00775194	0	0	0	0	0	0	0.00775194	0	0.0155039	0	0	0.00775194	0.0542636	0.00775194	0	0	0	0	0	0.0155039	0	0	0	0	0	0	0	0.170543	0	0	0	0	0.0155039	0	0.0155039	0.0155039	0	0.0155039	0	0.00775194	0	0.00775194	0.0155039	0	0.00775194	0	0.0930233	0	0.00775194	0	0	0	0.178295	0.00775194	0.0155039	0.0232558	0.0775194	0	0.0232558	0	0	0	0.0232558	0	0	0	0.0542636	0	0	0	0	0.20155	0	0	0.00775194	0.0310078	0	0	0	0	0	0	0	0	0.00775194	0	0	0.271318	0	0	0.00775194	0.0232558	0	0	0	0	0.434109	0	0	0	0	0	0.0465116	0	0	0	0	0	0	0	0	
6.82171	0.00775194	0	0	0	0	0.0155039	0.0155039	0	0	0	0	0	0	0	0.0387597	0.248062	0	0	0	0.348837	0.00775194	0	0	0.155039	0	0	0.0775194	0	0	0	0	0	0	0	0	0	0	0	0.829457	0	0	0	0	0	0.0387597	0	0	0.0697674	0	0	0	0.0155039	0.00775194	0	0	0	0	0	0	0	0	0	0	0	0.00775194	0	0	0.0310078	0.00775194	0	0	0	0	0	0	0	0	0.00775194	0	0	0	0	0	0	0.0232558	0	0	0	0	0	0	0	0	0	0	0.0155039	0	0	0.0387597	0	0	0.00775194	0	0	0	0	0	0	0	0	0	0	0	0	0.395349	0	0	0	0.0232558	0	0.00775194	0.00775194	0	0	0	0.0465116	0	0	0	0	0.00775194	0	0	0	0	0	0	0	0	0	0	0	0	0.00775194	0	0	0	0	0	0	0	0.00775194	0	0.0155039	0	0.0155039	0	0.0155039	0	0	0	0	0	0	0	0	0	0	0.0155039	0	0.00775194	0	0	0	0	0	0	0	0.0852713	0	0	0	0	0	0	0	0	0	0	0	0	0.0155039	0	0	0	0	0.418605	0.0775194	0	0.00775194	0	0.00775194	0	0	0	0.0232558	0.0155039	0	0	0	0	0	0	0	0	0.00775194	0	0	0.00775194	0	0	0	0	0.232558	0	0	0	0	0	0	0	0	0	0	0.155039	0	0.00775194	0	0	0	0	0	0	0	0	0.00775194	0.0852713	0	0	0	0.00775194	0	0.0155039	0.0310078	0	0.108527	0	0	0	0	0	0.00775194	0	0	0	0	0	0	0	0	
9.5814	0.922481	0	0.00775194	0	0	0	0.116279	0	0.131783	0.00775194	0	0	0.0775194	0	0.0852713	0.387597	0.0387597	0.744186	0.0155039	0.488372	0.24031	0.131783	1.10853	0.0232558	0.00775194	0	0	0	0	0	0	0.209302	0.217054	0	0	0	0	0	0.782946	0.0232558	0	0	0.00775194	0	0	0	0.0930233	0	0	0.0852713	0	0.232558	0	0	0.00775194	0	0.00775194	0.0155039	0	0	0.108527	0	0.0232558	0.0155039	0	0	0.00775194	0.00775194	0.372093	0	0	0	0	0	0	0	0.0232558	2.24031	0	0	0.0697674	0	0	0.0155039	0.0155039	0.00775194	0	0	0	0	0.00775194	0	0	0.00775194	0	0	0.00775194	0	0	0	0.193798	0	0	0	0	0	0.00775194	0	0	0	0	0.0155039	0	0	0.837209	0.00775194	0	0	0	0	0	0.00775194	0	0	0	0	0	0	0	0	0	0	0	0	0	0.00775194	0	0	0.178295	0	0.0542636	0.00775194	0	0.596899	0	0	0	0	0.00775194	0.00775194	0	0.248062	0	0	0	0	0	0	0	0	0	0	0	0	0	0	0	0.193798	0.0155039	0.0155039	0	0.0155039	0	0	0	0.131783	0	0	0.00775194	0	0	0	0	0.131783	0	0	0.00775194	0	0	0	0	0	0	0	0.193798	0	0.00775194	0	0	0.0775194	0.155039	0.186047	0	0	0	0.0387597	0.0930233	0	0	0	0	0.00775194	0.790698	0	0.0232558	0	0	0.0775194	0	0	0	0.0697674	0	0.00775194	0	0.0232558	0	0	0	0.255814	0	0	0	0.00775194	0.00775194	0	0.00775194	0.147287	0	0	0	0	0	0	0	0.00775194	0.310078	0	0	0	0	0	0.0232558	0	0.0232558	4.00775	0	0.0387597	0	0	0	0.0465116	0.00775194	0	0	0	0	0	0	0	
6.79845	0.00775194	0	0	0	0	0	0.0155039	0	0.0155039	0.0387597	0	0.0697674	0	0	0.0542636	0.0387597	0	0	0	0.178295	0	0	0.00775194	0.00775194	0	0	0.263566	0	0	0	0	0	0	0.00775194	0	0	0	0	0.899225	0	0	0	0.0155039	0	0	0	0	0	0	0	0	0	0	0.00775194	0	0.0155039	0	0	0	0	0.0155039	0	0	0	0	0	0	0.00775194	0.0387597	0	0	0	0	0	0	0	0	0	0.00775194	0	0.0620155	0	0	0	0.0232558	0	0	0.00775194	0	0	0.00775194	0	0	0	0	0	0	0	0	0	0.0310078	0.00775194	0	0	0	0	0	0	0.00775194	0	0	0	0	0	0.534884	0.00775194	0	0.00775194	0	0	0	0.0542636	0	0	0	0	0	0	0	0	0	0	0	0	0	0.00775194	0	0	0	0	0	0	0	0.00775194	0.0310078	0	0	0	0	0.0310078	0	0	0	0	0	0	0	0	0.00775194	0	0	0	0.0387597	0	0	0	0	0.0542636	0.0232558	0	0	0	0.00775194	0	0.00775194	0	0	0	0	0	0	0	0	0	0	0	0	0	0	0	0	0.0232558	0	0	0	0	0.00775194	0	0	0	0	0	0	0.0620155	0	0.00775194	0.0155039	0	0	0	0	0	0	0	0	0.0930233	0	0	0.0155039	0	0	0.00775194	0	0	0	0	0	0.0232558	0	0	0	0	0	0.0387597	0.0310078	0	0.0542636	0	0	0.0232558	0.0465116	0	0	0	0	0	0.0465116	0	0.0155039	0	0	0	0	0	0.0620155	0.00775194	0	0	0	0	0	0	0	0	0	0	0	0	0	0	
6.24806	0	0	0	0	0	0.0155039	0	0	0.0310078	0.0155039	0	0.72093	0	0.0155039	0.0155039	0.0310078	0.00775194	0	0	0.0387597	0.00775194	0.0930233	0	0	0.00775194	0	0	0	0	0	0.0155039	0.263566	0	0	0	0	0	0	0	0	0.0155039	0	0	0.00775194	0	0	0	0	0.00775194	0.0387597	0	0	0	0	0	0.00775194	0	0	0.0542636	0	0	0	0.00775194	0	0.00775194	0	0	0	0	0	0	0	0	0	0	0	0	0	0	0	0.0155039	0	0.147287	0	0.100775	0	0	0	0	0	0	0	0	0	0	0	0	0.0232558	0	0	0.0155039	0	0	0	0.0155039	0	0	0	0	0.00775194	0.00775194	0	0	0	0.00775194	0.00775194	0	0.488372	0	0	0	0.147287	0	0	0	0	0	0	0.00775194	0	0	0	0	0	0	0	0	0	0.0155039	0	0	0	0	0.0155039	0	0	0	0	0	0.0155039	0	0	0	0	0	0	0	0	0	0	0	0	0	0	0.0232558	0	0	0.170543	0	0	0.00775194	0.00775194	0	0	0	0	0	0	0.0697674	0	0	0	0	0	0	0.00775194	0	0	0	0.00775194	0	0	0.00775194	0	0	0	0.0155039	0	0	0.00775194	0	0	0	0.00775194	0	0	0	0.00775194	0	0	0	0	0	0	0.271318	0	0	0	0	0	0	0.0310078	0	0	0	0	0	0	0.00775194	0	0	0.0155039	0	0.00775194	0	0	0.0930233	0	0	0	0	0	0	0	0	0.00775194	0.0465116	0	0	0	0.178295	0	0.0232558	0	0.0232558	0.488372	0.0155039	0	0	0	0	0.0155039	0	0	0	0	0	0	0	0	
5.17054	0.0310078	0	2.91473	0	0	0.914729	0.0155039	0.124031	0.0775194	0.00775194	0	0	0.00775194	0	0	1.0155	0	0	0.0310078	0.0387597	0.0155039	0.0232558	0.0155039	0.0542636	0.00775194	0	0	0	0	0	0	0	0	0	0	0	0	0	0.0775194	0	0	0	0.0775194	0	0	0	0.209302	0.0155039	0	0.0852713	0	0	0.387597	0.124031	0	0.0620155	0	0.0542636	1.64341	0.0620155	0.0155039	0	0	0.0387597	0.0310078	0	0.0232558	0	0.0310078	0	0	0	0.0155039	0	0	0	0.0542636	0.0310078	0.00775194	0	0	0	0	0	0.00775194	0.0155039	0	0	0	0.00775194	0.0930233	0	0	0	0	0.0930233	0	0	0	0.0542636	0.0930233	0	0.0310078	0	0.0465116	0	0.248062	0	0	0	0.00775194	0	0	0	0.0232558	0	0.0310078	0	0.00775194	0	0.0930233	0	0	0	0	0	0	0.00775194	0.00775194	0	0	0	0	0.0620155	0	0.0775194	0	0	0	0	0.0232558	0	0.0155039	0.0620155	0	0	0	0.0542636	0.0465116	0	0	0.00775194	0	0	0	0.108527	0	0	0.170543	0	0	0.00775194	0.0155039	0	0	0	0.00775194	0.0387597	0.0465116	0	0.00775194	0	0.170543	0	0	0	0	0	0.0542636	0	0	0	0	0	0.00775194	0	0.27907	0	0	0	0	0.0232558	0	0.00775194	0	0	0	0.00775194	0.0387597	0	0	0	0	0	0	0.0930233	0	0	0	0	0	0.0465116	0.00775194	0.00775194	0	0	0.124031	0	0	0	0	0	0	0.0542636	0	0	0	0	0	0	0.0155039	0	0	0	0.0310078	0	0.00775194	0	0.0232558	0	0	0	0	0	0	0.0620155	0.333333	0	0	0	0.0310078	0	0.0310078	0	0	0.372093	0	0.0232558	0	0	0	0.131783	0	0	0	0	0	0	0	0	
1.15504	0.0155039	0	0.0697674	0	0	0.0930233	0	0	0.131783	0.0465116	0	0.00775194	0	0	0.0232558	0.0155039	0.0155039	0	0	0.0155039	0	0	0	0.00775194	0	0	0	0	0	0	0	0.0387597	0.108527	0	0.00775194	0	0	0	0.00775194	0.0155039	0	0	0.0310078	0	0	0	0.0310078	0	0	0.0155039	0	0	0.00775194	0	0	0.0775194	0	0.00775194	0.806202	0.0620155	0.0310078	0	0	0	0.0697674	0	0	0.0155039	0	0	0	0	0.0232558	0	0	0	0	0.0310078	0	0	0	0	0	0	0	0.0697674	0	0	0	0.0310078	0	0	0	0	0	0	0.00775194	0	0.00775194	0	0.00775194	0.00775194	0	0	0.0310078	0	0	0	0.00775194	0	0	0	0	0	0.0465116	0	0	0	0	0	0.0155039	0	0	0	0.00775194	0	0	0.00775194	0	0.00775194	0	0	0.00775194	0	0	0	0	0	0	0	0	0	0.0542636	0.24031	0.00775194	0	0	0.0155039	0.00775194	0	0	0	0	0	0	0.0155039	0	0	0.0310078	0	0	0	0	0	0	0	0.00775194	0.0465116	0.00775194	0	0	0.00775194	0	0	0	0	0	0	0.00775194	0	0	0	0	0	0	0.0232558	0	0	0	0	0	0	0	0.0155039	0	0	0.00775194	0	0	0	0	0.00775194	0	0.00775194	0	0	0.00775194	0	0	0	0	0.0620155	0.00775194	0	0.00775194	0	0.0232558	0	0	0	0	0	0	0.0310078	0	0	0	0	0	0	0.0155039	0	0	0	0.00775194	0	0.0232558	0	0	0	0	0	0	0	0	0.00775194	0.0775194	0	0	0	0.0310078	0	0	0	0	2.7907	0	0.0387597	0	0	0	0.0465116	0	0	0	0	0	0	0	0	
1.46512	0	0	0	0	0	0	0.0155039	0	0	0.0155039	0	0.209302	0	0	0	0.139535	0	0	0.0155039	0	0	0.0232558	0	0	0.155039	0	0	0	0	0	0.0387597	0.0232558	0	0	0	0	0	0.00775194	0	0	0.0155039	0	0	0	0	0	0	0	0	0.0232558	0	0.00775194	0	0	0	0.0155039	0	0	0.108527	0	0	0	0	0	0.00775194	0	0	0	0.116279	0	0	0	0	0	0	0	0	0.00775194	0	0	0	0	0.00775194	0	0	0.00775194	0	0	0	0	0	0	0	0	0	0	0	0.00775194	0	0	0.0155039	0	0	0	0	0	0	0	0	0	0	0	0	0	0	0	0	0	0	0	0	0.00775194	0	0	0	0	0	0	0	0	0	0	0	0	0	0	0	0	0.100775	0	0	0	0	0	0	0.00775194	0	0	0	0	0	0.0155039	0	0	0	0	0	0	0	0	0	0	0.00775194	0	0.0387597	0	0	0	0	0.0155039	0	0	0	0	0	0	0	0	0.0155039	0	0	0	0	0	0	0	0.00775194	0.0155039	0	0	0	0	0	0.0155039	0	0	0	0	0.00775194	0	0	0	0	0	0	0	0	0	0	0	0	0	0	0	0.868217	0	0	0	0	0	0	0.00775194	0	0.00775194	0	0	0	0	0	0	0	0	0	0	0	0	0	0	0	0	0.00775194	0	0	0	0	0	0.0232558	0	0	0	0	0	0	0	0	0.302326	0	0.0155039	0	0	0	0.00775194	0	0	0	0	0	0	0	0	
8.95349	0.0310078	0	0.0387597	0	0.00775194	0.0852713	0.0155039	0.178295	0.0775194	0.0542636	0	0	0	0	0.0155039	0.294574	0.131783	0	0	0.0930233	0.00775194	0	0	0.286822	0.00775194	0	0	0	0	0	0	0	0	0.00775194	0	0	0	0	0.992248	0	0	0	0	0.00775194	0.00775194	0	0.162791	0	0	0.0775194	0	0	0	0.232558	0.00775194	0.0387597	0	0.155039	0.00775194	0.0310078	0	0	0	0.139535	0.0232558	0	0	0.131783	0.0155039	0	0	0	0	0	0	0	0.155039	0	0	0	0	0	0	0	0.00775194	0	0	0	0	0	0.0232558	0	0	0	0	0.0310078	0.00775194	0	0.00775194	0.294574	0	0	0.00775194	0	0.00775194	0	0.527132	0	0	0	0.0465116	0.00775194	0	0	0.0852713	0	0.0155039	0	0.00775194	0	0.0155039	0	0	0	0	0	0.00775194	0.00775194	0	0.0155039	0	0	0.162791	0	0	0	0	0	0	0	0.00775194	0	0	0.0620155	0.0232558	0.00775194	0	0.0852713	0	0	0	0	0	0	0	0.00775194	0	0	0.108527	0	0	0	0	0	0	0.00775194	0	0.00775194	0.0232558	0	0.356589	0.00775194	0	0	0	0	0	0	0.0620155	0.0310078	0	0	0	0	0	0.00775194	0	0	0	0	0	0.0155039	0	0	0	0	0.00775194	0	0	0	0	0.0310078	0	0	0	0.44186	0.116279	0	0	0	0	0	0	0.0310078	0.00775194	0	0.00775194	0	0.00775194	0	0	0.0620155	0	0.0155039	0	0.0387597	0	0	0	0	0	0.0310078	0	0	0.0310078	0	0	0	0	0	0	0	0	0	0	0.0310078	0.263566	0	0	0.00775194	0.00775194	0	0.0387597	0.00775194	0	0.325581	0	0.0232558	0	0	0	0.0232558	0	0	0	0	0	0	0	0	
0	0	0	0	0	0	0	0	0	0	0	0	0	0	0	0	0	0	0	0	0	0	0	0	0.00775194	0	0	0	0	0	0	0	0	0	0	0	0	0	0	0	0	0	0	0	0	0	0	0	0	0	0	0	0	0	0	0	0	0	0	0	0	0	0	0	0	0	0	0	0	0	0	0	0	0	0	0	0	0	0	0	0	0	0	0	0	0	0	0	0	0	0	0	0	0	0	0	0	0	0	0	0	0	0	0	0	0	0	0	0	0	0	0	0	0	0	0	0	0	0	0	0	0	0	0	0	0	0	0	0	0	0	0	0	0	0	0	0	0	0	0	0	0	0	0	0	0	0	0	0	0	0	0	0	0	0	0	0	0	0	0	0	0	0	0	0	0	0	0	0	0	0	0	0	0	0	0	0	0	0	0	0	0	0	0	0	0	0	0	0	0	0	0	0	0	0	0	0	0	0	0	0	0	0	0	0	0	0	0	0	0	0	0	0	0	0	0	0	0	0	0	0	0	0	0	0	0	0	0	0	0	0	0	0	0	0	0	0	0	0	0	0	0	0	0	0	0	0	0	0	0	0	0	0	0	0	0	0	0	0	0	0	0	0	0	0	0	0	0	0	0	0	
0	0	0	0	0	0	0	0	0	0	0	0	0	0	0	0	0	0	0	0	0	0	0	0	0	0	0	0	0	0	0	0	0	0	0	0	0	0	0	0	0	0	0	0	0	0	0	0	0	0	0	0	0	0	0	0	0	0	0	0	0	0	0	0	0	0	0	0	0	0	0	0	0	0	0	0	0	0	0	0	0	0	0	0	0	0	0	0	0	0	0	0	0	0	0	0	0	0	0	0	0	0	0	0	0	0	0	0	0	0	0	0	0	0	0	0	0	0	0	0	0	0	0	0	0	0	0	0	0	0	0	0	0	0	0	0	0	0	0	0	0	0	0	0	0	0	0	0	0	0	0	0	0	0	0	0	0	0	0	0	0	0	0	0	0	0	0	0	0	0	0	0	0	0	0	0	0	0	0	0	0	0	0	0	0	0	0	0	0	0	0	0	0	0	0	0	0	0	0	0	0	0	0	0	0	0	0	0	0	0	0	0	0	0	0	0	0	0	0	0	0	0	0	0	0	0	0	0	0	0	0	0	0	0	0	0	0	0	0.0155039	0	0	0	0	0	0	0	0	0	0	0	0	0	0	0	0	0	0	0	0	0	0	0	0	0	0	0	0	0	0	0	0	
0.751938	0.0387597	0	0.0155039	0	0	0	1.34109	0	0.100775	0	0	0	0.310078	0	0	1.04651	0	0.147287	0.0387597	0.0155039	0	0.00775194	0.00775194	0	0.0542636	0.0155039	0	0.286822	0	0	0.0155039	0.837209	0.170543	0	0	0	0	0	0.00775194	0.24031	0	0	0	0	0	0	0	0.00775194	0	0.395349	0	0.0775194	0	0	0.0852713	0	0	0	0.00775194	0	0.00775194	0	0	0	0	0	0.0775194	0	0.0852713	0	0	0	0	0	0	0.116279	0	0.511628	0	0	0	0.0155039	0	0	0.00775194	0	0.00775194	0	0	0.00775194	0	0	0.55814	0.0542636	0	0	0.0697674	0	0	0	0	0	0	0	0	0	0	0	0	0	0	0	0.0155039	0	0.0232558	0	0	0	0	0	0.00775194	0	0	0	0	0	0	0	0	0.100775	0	0	0	0	0	0	0.0387597	0	0	0	0.0387597	0	0	0.155039	1.28682	0	0	0	0	0.186047	0	0	0	0	0	0	0	0	0.00775194	0	0	0	0	0	0	0	0	0	0.0310078	0.0542636	0	0	0	0	0	0.263566	0	0	0	0	0	0	0	0.0310078	0	0	0	0	0	0.00775194	0	0	0	0	0.0387597	0	0	0	0	0	0	0.0542636	0	0	0.0232558	0	0	0	0	0	0	0	0.193798	0	0	0	0	0	0	0	0	0	0	0	0	0	0.0387597	0	0	0	0	0	0	0	0	0	0	0.0155039	0	0	0	0	0	0	0	0	0.0155039	0	0	0	0	0	0.0465116	0	0.00775194	5.89147	0.00775194	0.0155039	0	0	0	0	0	0	0	0	0	0	0	0	
0.232558	0	0	0	0	0	0	0	0	0.00775194	0	0	0	0	0	0	0	0	0	0	0	0	0	0	0	0	0	0	0	0	0	0	0	0	0	0	0	0	0	0	0	0	0	0	0	0	0	0	0	0	0.0232558	0	0	0	0	0	0	0	0	0	0	0	0	0	0	0	0	0	0	0	0	0	0	0	0	0	0	0	0	0	0	0	0	0	0	0	0	0	0	0	0	0	0	0	0	0	0	0	0	0	0	0	0	0	0	0	0	0	0	0	0	0	0	0	0	0	0	0	0	0	0	0	0	0	0	0	0	0	0	0	0	0	0	0	0	0	0	0	0	0	0	0	0	0	0.00775194	0	0	0	0	0	0	0	0	0	0	0	0	0	0	0	0	0	0	0	0	0	0	0	0	0	0	0	0.00775194	0	0	0	0	0	0	0	0	0	0	0	0	0	0	0	0	0	0	0	0	0	0	0	0	0	0	0	0	0	0	0	0	0	0	0	0	0	0	0	0	0	0	0	0	0	0	0	0	0	0	0	0.00775194	0	0	0	0	0	0	0	0	0	0	0	0	0	0	0	0	0	0	0	0	0	0	0	0	0	0	0	0	0.395349	0.224806	0.0620155	0.0232558	0	0	0	0	0	0.00775194	0	0	0	0	0	0	0	0	
0.356589	0	0	0	0	0	0.0155039	0	0	0	0	0	0	0	0	0	0	0	0	0.00775194	0	0	0	0.0155039	0.00775194	0.0620155	0	0	0	0	0	0	0	0	0.00775194	0	0	0.00775194	0	0	0	0	0	0	0	0.0155039	0	0	0	0	0	0	0	0	0	0	0	0	0	0	0	0	0	0	0	0	0	0.00775194	0	0.00775194	0	0	0	0	0	0	0	0	0	0	0	0	0	0.00775194	0	0.0310078	0	0	0	0	0	0.0465116	0	0	0	0	0	0	0	0	0	0	0	0	0	0	0.00775194	0	0	0	0	0	0	0.00775194	0	0	0	0.0155039	0	0	0	0	0	0	0	0	0	0	0	0	0	0	0	0	0.0232558	0	0	0	0	0	0	0	0	0	0	0	0	0	0	0	0	0	0	0	0	0.00775194	0	0.0852713	0	0.00775194	0	0	0	0	0	0	0	0	0	0	0	0	0	0	0	0	0.00775194	0	0	0	0	0	0	0	0	0	0	0	0	0.00775194	0	0	0.00775194	0	0	0	0	0	0	0	0	0	0	0	0	0.00775194	0	0	0	0	0	0	0	0	0	0	0	0	0.00775194	0.00775194	0	0	0	0	0	0	0	0	0	0	0.0155039	0	0	0	0	0	0	0.0155039	0	0	0	0	0	0	0	0	0	0.00775194	0	0	0	0.0155039	0	0	0	0	0.0155039	0	0	0	0	0	0	0.00775194	0	0	0	0	0	0	0	
6.11628	0	0	0	0.00775194	0.0232558	0.0155039	0.0387597	0	0.00775194	0.0775194	0	0.0542636	0	0.00775194	0	0.922481	0	0.00775194	0	0.0620155	0.00775194	0.0232558	0.0232558	0	0	0	0.0232558	0	0	0	0	0	0	0.0155039	0	0	0	0	0	0	0	0	0	0	0.0387597	0	0	0	0.00775194	0.0232558	0	0	0	0.0155039	0.00775194	0	0	0.0155039	1.30233	0	0	0	0	0	0.0775194	0	0	0	0.131783	0	0	0	0	0	0	0	0	0	0	0	0.0232558	0	0.0155039	0	0	0.0155039	0	0	0	0	0	0	0	0	0	0	0.0155039	0.0232558	0	0	0.0465116	0	0.00775194	0	0	0	0	0	0	0	0.00775194	0	0	0	0	0.00775194	0	0.00775194	0	0	0	0	0	0	0	0.0232558	0	0	0	0	0	0.00775194	0.00775194	0	0	0	0	0	0.0155039	0	0	0	0	0.0155039	0	0.0155039	0	0	0	0	0	0	0	0	0	0	0	0	0	0	0	0	0.0775194	0	0	0	0	0.418605	0.124031	0	0	0	0	0	0	0	0	0	0.00775194	0.0155039	0	0	0	0	0	0	0	0	0	0	0	0	0	0.00775194	0.00775194	0.0310078	0.0310078	0	0	0	0.00775194	0.00775194	0	0	0	0	0.00775194	0	0	0	0	0	0.00775194	0.0155039	0.139535	0.00775194	0.00775194	0.00775194	0	0	0	0.0465116	0	0	0	0.108527	0	0	0	0	0	0	0	0.0310078	0.00775194	0	0	0	0	0	0	0	0	0	0	0.0155039	0.0775194	0	0.00775194	0	0.0542636	0	0	0	0	0.0155039	0	0	0	0	0	0.0542636	0	0	0	0	0	0	0	0	
1.02326	0.0155039	0	1.10853	0	0.00775194	0.00775194	0	0.0155039	0.00775194	0	0	0.0155039	0	0	0.0620155	0.0930233	0	0	0.0232558	0	0.00775194	0	0	0	0	0	0.00775194	0	0	0	0	0	0	0	0	0	0	0	0	0	0	0	0.0232558	0	0.00775194	0	0.0232558	0	0	0.0930233	0	0	0.139535	0	0	0.0465116	0.00775194	0	0.542636	0	0.0852713	0	0	0	0.0155039	0	0.00775194	0.00775194	0	0	0	0	0.0310078	0	0	0	0	0	0	0	0	0	0	0.0155039	0	0.255814	0	0	0	0.0697674	0	0	0.00775194	0	0	0	0	0	0	0	0	0.0155039	0	0	0.124031	0	0	0	0	0	0	0	0.00775194	0	0	0	0	0	0.00775194	0	0.0155039	0	0	0	0	0	0	0.00775194	0	0.00775194	0	0	0.0387597	0.124031	0	0	0	0.0155039	0	0	0	0	0	0.0155039	0.0542636	0	0	0	0.0232558	0	0	0	0	0	0	0.0155039	0	0	0	0	0	0	0	0	0	0	0	0.0155039	0.00775194	0	0	0	0	0	0	0	0	0	0	0	0	0	0	0	0	0	0	0	0	0	0	0.00775194	0	0.0155039	0	0	0.00775194	0	0	0	0	0	0	0	0	0	0	0	0	0	0	0.0387597	0	0	0	0	0.0155039	0	0	0	0	0	0	0	0	0	0	0	0	0	0.0620155	0.0155039	0	0.0155039	0	0	0	0	0	0	0	0	0	0	0	0.0232558	0.131783	0	0.0542636	0	0	0	0	0	0.0155039	0.0852713	0	0.00775194	0	0	0	0	0	0	0	0	0	0	0	0	
33.6899	1.31008	0	0	0.00775194	0.0155039	0.116279	0.0620155	0.00775194	0.534884	0.100775	0	0	0.0155039	0	0.534884	2.73643	0.263566	0.20155	0.0542636	1.48062	0.310078	0.178295	1.11628	0.116279	0.00775194	0	0.139535	0	0.00775194	0	0	1.39535	1.41085	0.0232558	0	0.00775194	0.0310078	0	1.32558	0.00775194	0	0	0	0.00775194	0.0155039	0	0.0387597	0	0	0.534884	0	0.108527	0.0155039	0.0232558	0	0.0542636	0	0.139535	0.0232558	0.0310078	0.310078	0	0.0232558	0.0310078	0.108527	0	0.0310078	0.116279	0.782946	0	0.00775194	0	0	0	0	0	0.348837	1.93798	0	0.0620155	0	0	0	0.00775194	0.0232558	0.00775194	0	0.0697674	0	0.0620155	0.0465116	0	0.0155039	0	0	0.0232558	0.00775194	0	0	0	0.0387597	0.0155039	0.00775194	0.0232558	0	0	0.0775194	0	0.0155039	0	0	0	0	0	1.73643	0.00775194	0.00775194	0.00775194	0	0	0.0232558	0.0465116	0	0	0	0.00775194	0	0.00775194	0.00775194	0.488372	0	0	0.00775194	0.0697674	0	0.0155039	0	0	0.0232558	0.0155039	0.00775194	0	0	0	0.00775194	0	0	0	0.0155039	0.0387597	0	0.0542636	0	0	0	0.00775194	0	0	0.0387597	0	0	0	0.0155039	0	0	0	0.00775194	0.255814	0.496124	0.0232558	0.0465116	0	0.170543	0	0	2.03876	0	0	0.286822	0	0.0310078	0	0	0.147287	0	0	0.0232558	0	0.0387597	0.0387597	0	0.00775194	0.00775194	0.00775194	0.108527	0	0.0155039	0	0.0542636	0.00775194	0.186047	0.852713	0	0	0.00775194	0.0387597	0.139535	0	0	0	0	0	0.550388	0.00775194	0	0.116279	0.0620155	0.728682	0.00775194	0	0	0.0620155	0	0.0310078	0	0	0	0	0	0.968992	0.00775194	0.00775194	0	0.0387597	0.0155039	0	0.0232558	0.00775194	0.00775194	0	0.00775194	0	0	0	0	0.271318	1.18605	0	0.0155039	0	0.0387597	0	0	0.00775194	0.0775194	12.5116	0.00775194	0.178295	0	0	0	0.193798	0.0155039	0	0	0	0	0	0	0	
0.0232558	0	0	0	0	0	0	0	0	0	0	0	0	0	0	0	0.00775194	0	0	0	0	0	0	0.00775194	0	0	0	0	0	0	0	0	0	0	0	0	0	0	0	0	0	0	0	0	0	0	0	0	0	0	0	0	0	0	0	0	0	0	0	0	0	0	0	0	0	0	0	0	0	0	0	0	0	0	0	0	0	0	0	0	0	0	0	0	0	0	0	0	0	0	0	0	0	0	0	0	0	0	0	0	0	0	0	0.00775194	0	0	0	0	0	0	0	0	0	0	0	0	0	0	0	0	0	0	0	0	0	0	0	0	0	0	0	0	0	0	0	0	0	0	0	0	0	0	0	0	0	0	0	0	0.00775194	0	0	0	0	0	0	0	0	0	0	0	0	0	0	0	0	0	0	0	0	0	0	0	0	0	0	0	0.0542636	0	0	0	0	0	0	0	0	0	0	0	0	0	0	0	0	0	0	0	0	0	0	0	0	0	0	0	0	0	0	0	0	0	0	0	0	0	0	0	0	0	0	0	0	0	0	0	0	0	0	0	0	0	0	0	0	0	0	0	0	0	0	0	0	0	0	0	0	0	0	0	0	0	0	0	0	0	0	0	0	0	0	0	0	0	0.00775194	0	0	0	0	0	0	0	0	
5.18605	0.00775194	0	0	0	0	0.0232558	0	0.00775194	0	0	0	1.06202	0	0.0232558	0.0387597	0.395349	0	0	0	0.0387597	0	0.0465116	0.0232558	0	0.00775194	0	0	0	0	0	0.116279	0	0	0	0	0	0	0.100775	0.00775194	0	0.00775194	0	0.00775194	0	0.00775194	0	0.00775194	0	0	0.0310078	0	0	0	0	0	0	0	0.0310078	0.186047	0	0.00775194	0	0	0	0	0	0.0155039	0.00775194	0	0	0	0	0	0	0	0	0.00775194	0	0	0	0.0155039	0	0.434109	0	0	0.0310078	0	0	0	0	0.00775194	0	0	0	0	0	0	0.0775194	0	0	0.100775	0	0	0	0	0.00775194	0.00775194	0	0	0.116279	0	0	0	0	0.0232558	0.0155039	0	0.162791	0	0	0.0155039	0.193798	0.00775194	0	0.0310078	0	0	0	0	0	0	0.0310078	0	0	0.0310078	0	0	0	0	0	0.00775194	0.00775194	0	0.0155039	0	0	0	0	0	0	0.00775194	0.0465116	0	0	0	0	0	0	0	0	0	0	0	0	0.0310078	0	0	0.186047	0	0	0	0.00775194	0.0155039	0	0	0	0	0	0	0	0	0	0	0	0	0	0.00775194	0	0	0.00775194	0.00775194	0.00775194	0.0155039	0.0465116	0	0.0232558	0	0	0.0387597	0.00775194	0.00775194	0.0155039	0	0	0	0	0.116279	0	0.00775194	0	0	0	0	0	1.30233	0	0	0	0	0	0	0	0	0	0	0	0	0	0	0	0	0	0	0	0	0	0.00775194	0	0	0	0	0	0	0	0	0	0.0465116	0	0.00775194	0	0.0232558	0	0.0155039	0	0.00775194	0.294574	0.00775194	0.0232558	0	0	0	0.00775194	0	0	0	0	0	0	0	0	
0.116279	0	0	0	0	0	0	0	0	0.0310078	0	0	0	0	0	0	0.0232558	0	0	0.0852713	0	0	0	0	0	0	0	0	0	0	0	0	0	0	0	0	0	0	0	0	0	0	0	0	0	0	0	0	0	0	0.0465116	0	0	0	0	0	0	0	0	0	0	0	0	0	0	0	0	0	0	0	0	0	0	0	0	0	0	0	0	0	0	0	0	0	0	0	0	0	0	0	0	0	0	0	0	0	0	0	0	0	0	0	0	0	0	0	0	0	0	0	0	0	0	0	0	0	0	0	0	0	0	0	0	0	0	0	0	0	0	0	0	0	0	0	0	0	0	0	0	0	0	0	0	0	0	0	0	0	0.00775194	0	0	0	0	0	0	0	0	0	0	0	0	0	0	0	0	0	0	0	0	0	0	0	0	0	0	0	0	0	0	0	0	0	0	0	0	0	1.11628	0	0	0	0	0	0	0	0	0	0	0	0	0	0	0	0	0	0.00775194	0	0	0	0	0	0	0	0	0	0	0	0	0	0	0	0	0	0	0	0	0	0	0	0	0	0	0	0	0	0	0	0	0	0	0	0	0	0	0	0	0	0	0	0	0	0	0	0	0.00775194	0	0.00775194	0	0	0	0	0	0	0	0	0	0	0	0	0	0	0	
13.4961	0.0542636	0	0.333333	0.00775194	0	0.604651	0.0620155	0.0697674	0.0465116	0.0387597	0	0.00775194	0.00775194	0.0155039	0.108527	1.34109	0.100775	0	0.00775194	0.139535	0.0155039	0.348837	0.0620155	0.0310078	0	0	0.0155039	0	0	0	0	0.0852713	0.0310078	0.00775194	0	0	0	0.193798	0.0155039	0.00775194	0	0	0	0.00775194	0	0	0.953488	0	0.00775194	0.20155	0	0	0.0542636	0.209302	0	0.100775	0	0.0697674	3.92248	0.170543	0.0387597	0	0	0.224806	0	0	0.0310078	0.0155039	0.100775	0	0	0	0.00775194	0	0	0	0.0620155	0	0	0	0.00775194	0	0.00775194	0	0	0	0	0	0	0	0.217054	0	0.00775194	0	0	0.170543	0	0	0.0232558	0.00775194	0.20155	0.0387597	0.0387597	0	0	0.0155039	0.0620155	0	0	0	0.0620155	0	0	0	0.0155039	0.00775194	0.0155039	0	0.0232558	0	0.0155039	0.0232558	0	0	0	0	0	0	0.0465116	0	0.0232558	0.0310078	0.0852713	0.0387597	0.00775194	0.286822	0	0	0	0	0.232558	0	0	0.426357	0	0	0	0	0.0155039	0.00775194	0	0.00775194	0	0.0465116	0	0	0	0.00775194	0.379845	0	0	0	0.0232558	0	0.00775194	0	0.0155039	0.410853	0.0775194	0	0.0542636	0.0775194	0	0	0	0.00775194	0	0	0.232558	0.00775194	0	0	0	0.0310078	0	0	0.209302	0	0	0.00775194	0	0.0155039	0	0	0.0232558	0	0.116279	0	0	0.0387597	0.0155039	0.27907	0	0.0155039	0	0.0310078	0.0542636	0	0	0	0	0	0.00775194	0	0.0232558	0.0387597	0.0542636	0	0	0	0	0.00775194	0	0.00775194	0	0	0	0.00775194	0	0.00775194	0	0.0155039	0	0	0.124031	0.00775194	0.00775194	0	0	0	0	0	0	0	0	0.0232558	0.44186	0	0	0	0.286822	0	0.00775194	0	0.0310078	0.364341	0.0155039	0.0232558	0.00775194	0	0	0.457364	0	0	0	0	0	0	0	0	
2.92248	0.0310078	0	2.12403	0	0	0.713178	0.00775194	0.00775194	0.0620155	0	0	0.00775194	0	0	0.108527	0.953488	0	0	0.27907	0.0155039	0.00775194	0	0	0	0	0	0.00775194	0	0	0	0.0232558	0	0.0310078	0	0	0	0	0	0	0	0	0	0.0930233	0	0.0155039	0	0.100775	0	0	0.0387597	0	0	0.0542636	0	0	0.0620155	0	0	0.620155	0.00775194	0.00775194	0	0	0	0.124031	0	0	0.00775194	0.0930233	0	0	0	0.00775194	0	0	0	0	0	0	0	0	0	0	0	0	0.0465116	0	0	0	0.00775194	0.00775194	0	0	0	0	0.00775194	0	0.0310078	0.00775194	0	0.0232558	0	0	0	0.0465116	0	0	0	0.00775194	0	0	0	0	0	0.00775194	0	0	0	0.0542636	0	0.0852713	0	0	0	0	0	0	0.0155039	0	0	0.00775194	0	0.00775194	0.100775	0.00775194	0	0	0	0.00775194	0	0	0	0	0.294574	0	0	0	0	0	0	0	0	0	0.00775194	0	0.100775	0	0	0.00775194	0	0	0	0	0	0.00775194	0	0	0.162791	0.00775194	0	0	0	0	0	0	0	0	0	0.0852713	0	0	0	0	0	0	0	0.0465116	0	0	0	0	0	0	0	0	0	0.00775194	0	0	0	0	0	0	0	0	0	0.0232558	0	0	0	0	0.100775	0.00775194	0	0	0.0155039	0.100775	0	0	0	0	0	0	0	0	0	0	0	0	0	0	0.00775194	0	0.00775194	0	0	0.00775194	0	0	0	0.0155039	0	0	0	0	0	0.116279	0	0	0	0	0	0	0	0	0.263566	0	0.00775194	0	0	0	0.0465116	0	0	0	0	0	0	0	0	
0.651163	0.0155039	0	0	0	0	0.00775194	0.0542636	0	0	0	0	0	0	0	0	0	0	0	0	0	0	0	0.0310078	0.00775194	0.0620155	0	0	0	0	0	0	0	0	0.100775	0	0	0	0	0	0	0	0	0	0	0.00775194	0	0	0	0	0.00775194	0	0	0	0	0	0	0	0	0	0	0.00775194	0	0	0	0	0	0.0387597	0	0	0	0	0	0	0	0	0	0	0.00775194	0	0	0	0	0	0	0.00775194	0	0	0	0	0	0	0	0	0	0	0	0	0	0	0	0	0	0	0	0	0	0	0	0	0	0	0	0	0	0	0	0	0	0	0	0	0	0	0	0	0	0	0	0	0	0	0	0	0	0	0	0	0	0	0	0.00775194	0	0	0	0.00775194	0	0	0	0	0	0	0	0	0	0.0155039	0	0	0	0.0310078	0	0	0	0	0	0	0	0	0	0	0	0	0	0	0	0	0	0	0	0.00775194	0	0	0	0	0	0	0	0	0	0	0	0	0	0	0	0	0	0	0	0	0	0	0	0	0	0.0232558	0	0	0	0	0	0	0	0.00775194	0	0	0	0	0.00775194	0	0	0	0	0	0	0	0	0.00775194	0	0	0.0232558	0	0	0	0	0	0	0	0	0	0	0	0	0	0	0	0	0.0620155	0	0.0155039	0	0	0	0	0	0	0.00775194	0	0	0	0	0	0	0	0	0	0	0	0	0	0	
0.829457	0	0	0	0	0	0	0	0	0	0	0	0.0155039	0	0	0	0.0155039	0	0	0	0	0	0	0	0	0.0155039	0	0.0155039	0	0	0	0	0	0	0	0	0	0	0	0	0	0	0	0	0	0	0	0	0	0	0.00775194	0	0	0	0.0155039	0	0	0	0	0.248062	0	0	0	0	0	0	0	0	0	0.0387597	0	0	0	0	0	0	0	0	0.00775194	0	0	0.00775194	0	0	0	0	0.00775194	0	0	0	0	0	0	0	0	0	0	0	0	0	0	0.0155039	0	0	0	0	0	0.00775194	0	0	0	0	0	0	0	0	0	0	0	0	0	0	0	0	0	0	0	0	0	0	0	0	0	0	0	0	0	0	0	0	0	0	0	0	0	0	0	0	0	0	0	0	0	0	0	0	0	0.00775194	0	0	0	0	0.0155039	0.0465116	0	0	0	0	0	0.0465116	0	0	0	0	0	0	0	0	0	0	0	0	0	0	0	0	0	0	0	0	0	0	0	0.0310078	0	0	0	0	0	0	0	0	0	0	0	0	0	0	0	0	0	0	0	0	0	0.00775194	0	0	0	0	0	0	0	0	0	0	0	0	0	0	0	0	0	0	0	0	0	0	0	0	0	0	0	0	0	0	0	0.00775194	0	0	0	0	0	0	0	0.00775194	0	0	0	0	0	0	0	0	0	0	0	0	0	0	0	
4	0.0232558	0	0.976744	0.00775194	0	0.48062	0	0	0.0232558	0.0155039	0	0	0	0.0310078	0.0465116	1.3876	0	0	0.00775194	0	0.0155039	0.0155039	0.0465116	0	0	0	0.0465116	0	0	0.00775194	0.0930233	0.0465116	0.0387597	0	0.0155039	0	0	0	0.0155039	0	0	0	0	0.00775194	0.0155039	0	0.170543	0	0	0.116279	0	0.0155039	0	0	0.0387597	0	0	0	1.20155	0.00775194	0.162791	0	0	0.0155039	0	0	0.0310078	0.00775194	0.0310078	0	0	0	0	0	0	0	0	0	0	0	0.0232558	0	0.0155039	0	0	0	0	0	0	0	0.829457	0	0	0	0	0	0	0	0.00775194	0	0.0697674	0.0852713	0.0852713	0	0	0	0.0232558	0	0	0	0	0	0	0	0.0155039	0.302326	0.0930233	0	0.0155039	0	0.0930233	0	0	0	0	0	0	0	0.00775194	0	0.0310078	0	0	0	0	0	0	0	0	0	0.0620155	0	0	0.263566	0	0.00775194	0	0.0232558	0.0155039	0.0232558	0	0	0	0	0	0.00775194	0	0	0.0232558	0	0	0	0.0310078	0	0	0	0.0930233	0.0232558	0.0232558	0	0	0.0387597	0	0	0	0.00775194	0	0	0.0155039	0.209302	0	0	0	0.00775194	0	0	0.0465116	0	0	0	0	0.0542636	0	0	0	0	0.00775194	0	0	0	0	0.0155039	0	0	0	0	0	0.0155039	0	0	0	0	0	0.00775194	0	0	0.0310078	0	0	0	0	0.00775194	0	0	0	0	0.00775194	0	0	0	0	0	0	0.00775194	0.0310078	0.100775	0.00775194	0	0	0	0.0232558	0	0	0	0	0	0.116279	0	0	0.00775194	0.0465116	0	0.0310078	0	0.0232558	0.27907	0.0155039	0.0155039	0	0	0	0.124031	0.0387597	0	0	0	0	0	0	0	
0.0232558	0	0	0	0	0	0	0	0	0	0	0	0	0	0	0	0	0	0	0	0	0	0	0.00775194	0	0.0155039	0	0	0	0	0	0	0	0	0	0	0	0	0	0	0	0	0	0	0	0	0	0	0	0	0.00775194	0	0	0	0	0	0	0	0	0	0	0	0	0	0	0	0	0	0	0	0	0	0	0	0	0	0	0	0	0	0	0	0	0	0	0	0	0	0	0	0	0	0	0	0	0	0	0	0	0	0	0	0	0	0	0	0	0	0	0	0	0	0	0	0	0	0	0	0	0	0	0	0	0	0	0	0	0	0	0	0	0	0	0	0	0	0	0	0	0	0	0	0	0	0	0	0	0	0	0	0	0	0	0	0	0	0	0	0	0	0	0	0	0	0	0	0	0	0	0	0	0	0	0	0	0	0	0	0	0	0	0	0	0	0	0	0	0	0	0	0	0	0	0	0	0	0	0	0	0	0	0	0	0	0	0.0232558	0	0	0	0	0	0	0	0	0	0	0	0	0	0	0	0	0	0	0	0	0	0	0	0	0	0	0	0	0	0	0	0	0	0	0	0	0	0	0	0	0	0	0	0.0155039	0	0	0	0	0	0	0.0155039	0	0	0	0	0	0	0	0	0	0	0	0	0	0	
5.52713	0	0	0	0	0	0.0155039	0.0310078	0	0	0.00775194	0	0.0697674	0	0	0.193798	0.0465116	0.00775194	0	0	0.348837	0.0155039	0.0620155	0.27907	0	0.00775194	0	0.0155039	0	0	0	0	0.0155039	0.00775194	0	0	0	0	0	0.395349	0	0	0	0	0	0	0	0.00775194	0	0	0	0	0	0	0	0.00775194	0.0232558	0	0	0.00775194	0	0	0	0	0	0	0	0	0	0	0	0	0	0	0	0.00775194	0	0	0.0232558	0	0	0.0387597	0	0	0	0.00775194	0	0	0	0	0	0	0	0	0	0	0	0	0	0	0.0232558	0	0	0	0	0	0	0	0	0	0	0	0	0	0	0.193798	0.00775194	0	0	0	0	0	0	0	0	0	0	0	0	0.0232558	0	0	0	0	0	0	0	0	0	0	0	0.00775194	0	0	0.0232558	0	0	0	0	0	0	0	0	0	0	0	0.00775194	0	0	0	0	0	0	0	0	0	0	0	0	0.0155039	0	0	0.00775194	0	0	0	0	0	0	0.0155039	0	0	0	0	0	0	0	0.00775194	0	0	0	0	0.0465116	0	0	0	0	0.0775194	0.0155039	0	0	0	0	0	0	0	0	0	0	0	0	0	0	0	0	0	0	0	0.00775194	0	0	0	0.00775194	0	0.0310078	0	0	0	0	0	0	0	0	0.00775194	0.00775194	0.00775194	0	0.0155039	0	0	0	0	0	0	0	0	0	0.00775194	0	0	0	0.00775194	0	0	0	0.00775194	0.27907	0.00775194	0.0232558	0.00775194	0	0	0.255814	0	0	0	0	0	0	0	0	
0.0387597	0.0697674	0	0	0	0	0.00775194	0.0465116	0	0	0	0	0	0	0	0	0	0	0	0	0	0	0	0	0	0.209302	0	0	0	0	0	0	0	0	0	0	0.00775194	0	0	0	0	0	0	0	0	0	0	0	0	0	0	0	0	0	0	0.0620155	0	0	0	0	0	0	0	0	0	0	0	0.364341	0	0.0232558	0	0	0	0	0	0	0	0	0	0	0	0	0	0	0	0	0	0.0155039	0	0	0	0	0.00775194	0	0	0	0	0.0155039	0	0	0	0	0	0	0	0	0	0	0	0	0.0620155	0	0	0.0697674	0	0	0	0	0	0	0	0	0	0.0465116	0	0	0	0	0	0	0	0	0	0	0	0	0	0	0	0	0	0.20155	0	0	0	0	0	0	0	0	0.883721	0	0	0.24031	0	0	0	0	0	0	0	0	0	0	0	0	0	0	0	0	0	0	0	0	0	0	0	0	0	0	0	0	0	0	0	0	0	0	0	0	0	0	0	0	0.00775194	0	0	0	0	0	0	0	0	0	0	0.271318	0	0	0	0	0	0	0	0	0	0	0	0	0	0	0	0	0	0	0	0	0	0.00775194	0	0	0	0	0	0	0	0	0	0	0	0	0	0	0	0	0	0	0.00775194	0.186047	0	0	0	0.00775194	0	0	0	0	0	0	0	0	0	0	0.00775194	0	0	0	0	0	0	0	0	
4.68217	0	0	2	0	0	0.24031	0.0310078	0	0.0852713	0.0465116	0	0.0155039	0.00775194	0.0387597	0.0155039	0.899225	0	0.00775194	0.00775194	0	0	0.0155039	0	0	0	0	0.0310078	0	0	0	0	0	0	0.00775194	0	0	0	0	0	0	0	0	0.0387597	0	0.00775194	0	0.635659	0	0	0	0	0.00775194	0.217054	0.0155039	0	0.0155039	0	0.00775194	0.573643	0.0465116	0.00775194	0	0	0	0.0310078	0	0	0	0.0620155	0	0	0	0.00775194	0	0	0	0	0	0	0	0.00775194	0	0	0	0.00775194	0.0310078	0	0	0	0.00775194	0.00775194	0	0	0	0	0	0	0	0	0	0.0310078	0.00775194	0.00775194	0	0.00775194	0	0	0	0	0	0	0	0	0	0	0.00775194	0.0155039	0	0	0	0.0387597	0.0465116	0	0	0	0	0	0.0155039	0.0155039	0	0	0.00775194	0.0310078	0.0232558	0	0	0	0	0	0	0.0155039	0	0.00775194	0.0155039	0.00775194	0	0	0.00775194	0.00775194	0	0	0.0155039	0	0	0	0	0	0	0.0155039	0	0	0	0	0	0	0.00775194	0	0.0930233	0.0155039	0	0	0.00775194	0	0	0	0	0	0	0.0155039	0.00775194	0	0	0	0	0	0	0	0	0	0	0	0.0852713	0.00775194	0	0	0	0.0232558	0	0	0	0	0	0	0	0.00775194	0.00775194	0	0	0	0	0	0.139535	0	0	0.20155	0	0.0310078	0.00775194	0	0	0	0	0	0	0	0.00775194	0	0	0	0.00775194	0.0542636	0	0	0	0.0465116	0	0	0	0	0	0	0	0	0	0	0.00775194	0.0775194	0	0	0	0.00775194	0	0.00775194	0	0	0.0620155	0.00775194	0.0232558	0	0	0	0.0387597	0.00775194	0	0	0	0	0	0	0	
0.209302	0	0	0	0	0	0	0	0	0	0	0	0.0155039	0	0.00775194	0	0.0620155	0.0310078	0	0	0.00775194	0	0	0	0	0.806202	0	0	0	0	0	0	0	0.00775194	0	0	0	0	0	0	0	0	0	0	0	0	0	0	0	0	0.00775194	0	0	0	0.0310078	0	0.00775194	0	0	0.0232558	0	0	0	0	0	0	0	0	0	0	0	0	0	0	0	0	0	0	0	0	0	0	0	0	0	0	0	0	0	0	0	0	0	0	0	0	0	0	0	0	0	0	0	0	0	0	0	0	0	0	0	0	0	0	0	0	0.0310078	0	0	0	0	0	0	0	0	0	0	0	0	0.00775194	0	0	0	0	0	0	0	0	0	0	0	0	0	0	0	0	0	0	0	0	0	0.00775194	0	0	0	0	0	0	0	0	0	0	0	0	0.00775194	0	0	0	0	0	0	0	0	0	0	0	0	0	0	0	0	0	0	0	0	0	0	0	0	0	0	0	0	0	0	0	0	0	0	0.0232558	0	0	0	0.00775194	0	0	0	0	0	0	0	0	0	0.0155039	0	0.00775194	0	0	0	0	0	0	0	0	0	0	0	0	0	0	0	0	0	0	0	0	0	0	0	0	0	0	0	0	0	0	0	0.00775194	0	0	0	0	0	0	0	0	0.581395	0	0	0	0	0	0	0	0	0	0	0	0	0	0	
0.914729	0.00775194	0	0.139535	0	0	0.0387597	0	0	0.108527	0	0	0	0	0	0	0.0232558	0	0	0	0	0	0	0.00775194	0	0	0	0.0310078	0	0	0	0	0	0	0	0	0	0	0	0	0	0	0	0	0	0.0232558	0	0.00775194	0	0	0.0155039	0	0	0	0	0	0	0	0	0.193798	0	0	0	0	0	0.00775194	0	0	0	0	0	0	0	0	0	0	0	0	0	0	0	0	0	0	0	0	0	0	0	0	0	0	0	0	0	0	0	0	0	0	0	0.00775194	0	0	0	0.00775194	0	0	0	0	0	0	0	0	0	0	0.0155039	0	0.0155039	0	0	0	0	0	0	0	0	0	0	0	0	0	0	0	0	0	0	0	0	0	0	0	0	0	0	0.00775194	0	0.0387597	0	0	0	0	0	0	0	0	0	0	0	0	0	0	0	0	0	0	0	0	0.0155039	0	0	0	0	0	0	0	0	0	0	0	0.00775194	0	0	0	0	0	0.00775194	0	0	0	0	0	0.00775194	0.00775194	0	0	0	0	0	0	0	0	0	0	0	0	0	0	0	0	0	0	0	0	0	0	0	0	0	0	0	0	0	0	0	0	0	0	0	0	0	0	0	0	0	0	0	0	0	0	0	0	0	0	0	0	0	0.0155039	0	0	0	0	0	0	0	0	0.0155039	0	0	0	0	0	0.116279	0	0	0	0	0	0	0	0	
25.1163	0.139535	0	1.14729	0.0310078	0.0310078	2.30233	0.0930233	0.209302	0.364341	0.100775	0	0	0.0232558	0.0232558	0.775194	3.72093	0	0.0310078	0.0930233	0.341085	0.0620155	0.488372	0.178295	0.829457	0.0465116	0	0.27907	0	0	0	0	0.0930233	0.0542636	0.00775194	0	0	0	0.162791	0.155039	0.00775194	0	0	0.0155039	0	0.0387597	0	3.43411	0.0155039	0.00775194	0.364341	0	0.0155039	0.162791	1.0155	0.00775194	0.0620155	0	0.131783	5.62016	0.131783	0.0232558	0	0	0.131783	0	0	0.0387597	0.0310078	0.0620155	0.00775194	0	0.0155039	0	0	0	0	0.100775	0.0852713	0	0	0.0155039	0	0	0	0.131783	0.147287	0	0	0	0.0232558	1.13953	0	0.0155039	0	0	0.0232558	0	0	0.0155039	0.147287	0.449612	0.0310078	0.310078	0.00775194	0.0155039	0.147287	0.713178	0	0	0	0.0852713	0.0542636	0.00775194	0	0.0697674	0.0542636	0.0852713	0	0.0155039	0	0.0852713	0.0387597	0	0	0	0	0	0	0.0930233	0	0.20155	0.0620155	0.0310078	0.116279	0	0.403101	0	0	0.0155039	0	0.0232558	0.00775194	0	2.48837	0.0465116	0	0.0232558	0.410853	0.0155039	0.00775194	0.0155039	0.0387597	0	0.0155039	0	0.0542636	0	0.00775194	0	0	0	0	0.147287	0	0	0.0465116	0.0387597	0.27907	0.124031	0	0.255814	0.0155039	0	0	0	0.0310078	0	0	0.302326	0.0852713	0	0	0	0	0	0	0.713178	0	0	0.0387597	0	0.147287	0.0620155	0	0.0232558	0	0.232558	0	0.108527	0.27907	0.0310078	0.0697674	0	0.0155039	0.00775194	0.48062	0.00775194	0	0.131783	0	0	0	0.0232558	0.00775194	0.0232558	0.0542636	0.00775194	0.162791	0.0155039	0	0	0.0775194	0	0.162791	0	0.193798	0.00775194	0	0	0	0.0155039	0.0697674	0.00775194	0.0310078	0.325581	0	0.116279	0	0	0.0620155	0.0775194	0.00775194	0	0	0	0.0155039	0.930233	0	0	0.0232558	0.170543	0	0	0	0.0930233	2.07752	0.0155039	0.178295	0	0	0.0465116	0.813953	0	0	0	0	0	0	0	0	
0	0.00775194	0.0542636	0	0	0	0	0.0620155	0	0	0	0	0	0	0	0	0	0	0	0	0	0	0	0	0	0	0	0	0	0	0	0.00775194	0.0310078	0.0232558	0	0	0	0	0	0	0	0.0155039	0	0	0	0	0	0	0	0	0	0	0.00775194	0	0	0	0	0	0	0	0	0	0	0	0	0.00775194	0	0	0	0.0155039	0	0	0	0	0	0	0	0	0	0	0	0	0	0	0	0	0	0.00775194	0	0	0.0542636	0	0.0620155	0.00775194	0	0	0	0	0	0	0	0	0	0	0	0	0	0	0	0	0.00775194	0	0	0	0	0	0	0	0	0	0	0	0	0	0	0	0	0	0	0	0	0	0	0	0	0.00775194	0	0	0	0	0	0	0	0	0	0	0	0	0	0	0	0	0	0	0	0	0	0	0	0	0	0	0	0	0	0	0	0	0	0	0	0	0	0	0	0	0	0	0.0155039	0	0	0	0	0	0	0	0	0	0	0	0	0	0	0	0	0	0	0	0	0	0	0	0	0	0	0.00775194	0	0.108527	0	0	0	0	0	0	0	0	0	0	0	0	0	0	0	0	0	0	0	0	0	0	0	0.00775194	0	0	0	0	0	0	0	0	0	0	0	0	0	0	0.00775194	0.0387597	0	0	0	0	0	0	0	0	0.317829	0	0.0542636	0	0	0	0	0	0	0	0	0	0	0	0	
0.0155039	0	0	0.565891	0	0	0.00775194	0	0	0	0.0232558	0	0	0	0	0	0.0232558	0	0	0	0	0	0	0	0	0	0	0	0	0	0	0	0	0	0	0	0	0	0	0	0	0	0	0.00775194	0	0	0	0	0	0	0	0	0	0.0232558	0	0	0	0	0	0.00775194	0	0	0	0	0	0	0	0	0	0	0	0	0	0	0	0	0	0	0	0	0	0	0	0	0	0	0	0	0	0	0	0	0	0	0	0	0	0	0	0	0	0.124031	0	0	0	0	0	0	0	0	0	0	0	0	0	0	0	0	0	0	0	0.00775194	0	0	0	0	0	0	0	0	0	0	0	0	0	0	0	0	0	0	0	0	0	0	0	0	0	0	0	0	0	0	0	0	0	0	0	0	0	0	0	0	0.00775194	0	0	0	0	0	0.0310078	0	0	0	0	0	0	0	0	0	0	0	0	0	0	0	0	0	0	0	0	0	0	0	0	0	0	0	0	0	0	0	0	0	0	0	0	0	0	0	0	0	0	0	0	0	0	0	0	0	0	0	0	0	0	0	0	0	0	0	0	0	0	0	0	0	0	0	0	0	0	0	0	0	0	0	0	0	0	0	0	0	0	0.0232558	0	0	0	0	0.00775194	0	0	0	0	0	0	0	0	0	0	0	0	0	0	
0.984496	0.00775194	0	0.0852713	0.00775194	0	0.0232558	0	0	0.0155039	0.0232558	0	0.0542636	0	0.0232558	0	0.139535	0.434109	0	0.00775194	0.0155039	0.0387597	0.0155039	0	0	0.333333	0	0.0232558	0	0	0	0	0.108527	0.193798	0	0	0	0	0	0	0	0	0	0	0	0	0	0	0	0	0.0155039	0	0	0	0	0	0.0232558	0	0	0.596899	0	0	0	0	0.00775194	0	0	0	0	0	0	0	0.0155039	0.00775194	0	0	0	0	0	0	0	0.116279	0	0	0	0	0	0	0	0	0	0	0	0	0	0	0	0	0	0	0	0.131783	0	0	0.0232558	0	0	0	0	0	0	0	0.0465116	0	0	0	0.00775194	0	0.00775194	0	0	0.00775194	0.00775194	0	0	0	0	0.0232558	0	0.00775194	0	0.00775194	0	0	0	0	0	0	0	0	0	0	0	0	0	0	0	0	0	0	0	0	0	0	0	0	0	0	0	0	0	0	0	0.0310078	0.00775194	0	0.00775194	0	0	0.0387597	0	0.0232558	0	0	0	0	0	0	0	0	0	0	0	0	0	0	0	0.00775194	0	0	0.0387597	0	0	0	0	0	0	0	0	0.0387597	0	0	0	0	0	0	0	0.0620155	0.0155039	0	0.00775194	0	0	0	0.00775194	0.00775194	0	0.0697674	0	0	0	0	0	0	0	0	0	0	0	0	0	0	0	0.00775194	0	0	0	0	0	0	0	0	0	0	0	0	0.00775194	0.0620155	0	0.00775194	0	0	0	0	0	0	2.4031	0	0	0	0	0	0	0	0	0	0	0	0	0	0	
3.88372	0.00775194	0	0	0	0	0	0	0	0.00775194	0.162791	0	0	0	0.00775194	0.162791	0.0310078	0.0155039	0	0	0.333333	0.20155	0.0542636	0.0852713	0	0.0232558	0	0	0	0	0	0	0	0	0	0	0	0	0	0.00775194	0	0	0	0	0	0	0	0.00775194	0.0155039	0	0.00775194	0	0	0	0	0	0	0	0	0	0.0155039	0.00775194	0	0	0.0155039	0	0	0.00775194	0	0	0.0310078	0	0	0.00775194	0	0	0	0.00775194	0	0	0	0	0	0	0	0	0.00775194	0	0	0	0	0.0155039	0	0	0	0	0	0	0	0	0	0.00775194	0	0	0	0	0	0	0	0	0	0.00775194	0	0	0	0.728682	0.0465116	0	0	0	0	0.00775194	0	0	0	0	0	0	0	0	0	0	0	0	0	0.00775194	0	0	0	0	0	0	0.00775194	0	0	0	0	0	0.0310078	0	0	0	0.0310078	0	0	0	0	0	0	0	0	0	0	0	0	0	0	0	0	0	0	0	0	0	0	0	0	0	0	0.00775194	0	0	0	0	0	0	0	0.0852713	0	0	0	0	0.00775194	0.00775194	0	0	0	0.0387597	0	0.00775194	0	0	0	0	0	0	0	0.100775	0	0	0	0	0	0	0	0	0	0.00775194	0	0	0	0	0	0	0.00775194	0	0.0155039	0	0	0	0	0	0	0	0	0.0155039	0	0	0	0	0	0	0	0	0	0	0.0852713	1.18605	0	0.178295	0.0310078	0.00775194	0	0.00775194	0.0387597	0.0542636	0.193798	0.0697674	0.186047	0	0	0	0.162791	0.00775194	0	0	0	0	0	0	0	
0.209302	0.0155039	0	0	0.00775194	0	0.0930233	0.0155039	0.0155039	0	0	0	0	0	0	0	0.0542636	0.124031	0.0775194	0	0.0232558	0	0.0387597	0.0310078	0	0.108527	0	0	0	0	0	0.0542636	0.00775194	0.0155039	0.00775194	0.0542636	0	0.294574	0	0	0	0	0	0	0	0	0	0	0	0	0.00775194	0	0	0.00775194	0.232558	0.209302	0.00775194	0	0	0.0697674	0	0	0	0	0.255814	0.00775194	0	0.162791	0	0.00775194	0	0	0	0	0	0	0	0	0.00775194	0	0	0.20155	0	0	0	0	0	0	0	0	0.00775194	0	0	0	0	0	0	0.0620155	0	0	0	0	0	0	0.0542636	0	0	0.0155039	0	0	0	0	0	0	0	0.108527	0.0310078	0	0	0	0.0542636	0	0.0232558	0	0	0	0	0.0465116	0	0	0	0	0	0	0	0	0	0	0	0	0	0	0	0	0	0	0	0	0	0	0	0	0.0155039	0	0	0.100775	0	0	0	0.00775194	0	0	0	0	0	0	0	0	0	0	0	0	0	0	0	0	0	0	0	0.0232558	0.00775194	0	0	0	0.00775194	0	0	0.00775194	0	0	0	0	0	0.0155039	0	0	0	0	0	0.209302	0.0155039	0	0	0.0232558	0	0.0387597	0	0	0.00775194	0.0155039	0	0	0	0	0	0	0	0	0.0232558	0	0	0	0	0	0	0	0	0.0465116	0	0	0.00775194	0	0	0	0	0	0	0	0	0	0	0	0	0	0	0	0	0.162791	0	0	0	0.00775194	0	0	0	0	0.75969	0	0	0	0	0	0	0	0	0	0	0	0	0	0	
5.81395	0	0	0.00775194	0	0	0.0387597	0	0	0.0232558	0.00775194	0	0.620155	0	0	0.00775194	0.356589	0	0	0	0	0.0465116	0.0310078	0	0	0	0	0	0	0	0	0.00775194	0	0.0155039	0	0	0	0	0	0	0	0	0	0	0	0	0	0.0232558	0	0	0.0542636	0	0	0	0	0	0	0	0	0.333333	0	0.00775194	0	0	0	0	0	0	0	0	0	0	0	0	0	0	0	0	0	0	0	0.0232558	0	0.0930233	0	0	0	0	0	0	0	0.131783	0	0	0	0	0	0	0.0697674	0	0	0.0310078	0	0	0	0.0155039	0.0155039	0.0620155	0	0	0.00775194	0.00775194	0	0	0	0	0.170543	0	0	0	0	0	0.186047	0	0	0	0	0	0	0.00775194	0	0	0.0155039	0	0	0	0	0	0	0	0	0	0	0.00775194	0	0	0.0155039	0	0	0	0	0	0	0	0	0	0	0	0	0	0	0	0	0.0155039	0	0	0	0	0	0.0155039	0	0	0.0310078	0.0310078	0	0	0	0	0	0	0	0	0	0	0	0	0	0.00775194	0	0	0	0	0	0	0.00775194	0	0	0.00775194	0	0	0	0	0	0	0	0	0	0.00775194	0	0	0	0	0	0.0852713	0	0.658915	0	0	0	0	0	0	0	0	0	0	0	0	0	0	0	0	0	0	0	0	0	0.0465116	0	0	0	0	0	0	0	0	0	0.0620155	0	0	0	0.00775194	0	0	0.0155039	0.0155039	0.395349	0	0	0	0	0	0.0232558	0	0	0	0	0	0	0	0	
0.604651	0	0	0	0	0	0	0.0465116	0	0	0.0155039	0	0	0	0	0.155039	0.00775194	0	0	0	0.232558	0.0542636	0	0	0	0	0	0	0	0	0	0	0	0	0	0	0	0	0	0	0	0	0	0	0	0.0155039	0	0	0	0.00775194	0.00775194	0	0	0	0	0	0	0	0	0	0	0.0387597	0	0	0	0	0	0	0	0	0	0	0	0	0	0	0	0	0	0	0	0	0	0	0	0	0	0	0	0	0	0	0	0	0	0	0	0	0	0	0	0	0	0	0	0	0	0	0	0	0	0	0	0	0	0.379845	0	0	0	0	0	0	0	0	0	0	0	0	0	0	0	0	0	0	0	0	0	0	0	0	0	0	0	0	0	0	0	0	0	0	0	0	0	0	0	0	0	0	0	0	0	0	0	0	0	0	0	0	0	0	0	0	0	0	0	0	0	0	0	0	0	0	0	0	0	0	0	0	0	0	0	0	0	0	0	0	0	0	0	0	0	0	0	0	0	0	0	0.0232558	0	0	0	0	0	0	0	0	0	0	0	0	0	0	0	0	0.00775194	0	0	0	0	0	0	0	0	0	0	0	0	0	0	0	0	0	0	0	0	0	0	0.00775194	0	0	0	0	0	0	0	0	0.116279	0.0232558	0	0	0.0232558	0	0.651163	0.0775194	0	0	0	0	0	0	0	
3.24031	0	0	0.596899	0	0	0.953488	0.0232558	0	0.0155039	0	0	0	0	0.0310078	0.0852713	1.27907	0.0232558	0.00775194	0.00775194	0.00775194	0.0465116	0.20155	0.0620155	0.0232558	0.0155039	0	0	0	0	0.0155039	0	0.00775194	0	0.00775194	0.0465116	0	0.00775194	0	0.00775194	0	0	0	0.00775194	0	0.0155039	0	0.224806	0	0	0.0155039	0	0	0.0232558	0.0465116	0.00775194	0.0465116	0	0.108527	1	0.0387597	0.00775194	0	0	0.0775194	0	0	0	0.00775194	0.0620155	0	0	0	0	0	0	0	0.00775194	0.00775194	0	0	0	0	0	0	0.0387597	0.0232558	0	0	0	0.0310078	0.139535	0	0.00775194	0	0	0	0	0.00775194	0.0697674	0	0.0697674	0	0.170543	0	0.0387597	0	0.00775194	0	0	0	0.0310078	0	0	0	0.00775194	0.496124	0.0310078	0	0.00775194	0.0232558	0	0.0387597	0	0	0.00775194	0.00775194	0	0	0.00775194	0	0.0310078	0.00775194	0.0155039	0	0	0.00775194	0	0	0	0	0.00775194	0.0155039	0.00775194	0.178295	0	0.00775194	0	0.0155039	0.0232558	0	0	0.364341	0	0.0542636	0	0.0232558	0	0.0155039	0.0310078	0	0	0	0.0155039	0	0	0	0	0.00775194	0.0310078	0	0	0.00775194	0	0	0	0	0	0	0.0697674	0.0852713	0	0	0	0.0310078	0	0.00775194	0.193798	0	0	0	0	0.0387597	0	0.00775194	0.0310078	0	0.0930233	0	0.00775194	0	0	0.0310078	0	0	0	0.0232558	0.0232558	0	0	0	0	0	0.0542636	0.0155039	0.00775194	0	0.0465116	0	0	0	0.131783	0	0	0.00775194	0	0	0	0	0	0	0	0	0	0	0.00775194	0.0310078	0	0	0	0	0	0	0	0	0	0.00775194	0.0387597	0	0	0	0	0	0.0620155	0	0.00775194	0.224806	0	0.00775194	0	0	0	0.0465116	0	0	0	0	0	0	0	0	
2.3876	0.0155039	0	0.00775194	0.00775194	0	0.00775194	0	0	0	0	0	0.209302	0	0.0155039	0.139535	0.341085	0	0	0.00775194	0.155039	0.0232558	0	0	0.0387597	0	0	0.511628	0	0	0	0	0	0	0	0	0	0	0	0.217054	0	0	0	0	0	0	0	0	0	0	0.0465116	0	0	0.00775194	0.0232558	0	0.0155039	0	0.0387597	0.0232558	0	0	0	0	0.00775194	0	0	0.0232558	0	1.87597	0	0	0	0	0	0	0	0.00775194	0.00775194	0	0	0.100775	0	0	0	0	0	0	0.0387597	0	0	0	0	0	0	0	0	0	0	0	0.0775194	0.00775194	0	0.00775194	0	0.00775194	0.0155039	0	0	0.0852713	0	0.170543	0	0	0	0.325581	0	0	0.00775194	0	0	0.00775194	0.00775194	0	0	0	0.108527	0	0	0	0	0.00775194	0	0	0	0	0.147287	0	0	0	0	0.0232558	0	0	0.0155039	0	0	0	0.00775194	0	0.0232558	0	0	0	0	0	0	0	0	0.00775194	0	0	0	0	0	0	0	0	0	0	0	0.0155039	0	0.0155039	0	0	0.0155039	0	0	0.0930233	0.00775194	0	0.00775194	0	0.00775194	0	0	0.0155039	0	0	0	0	0	0.00775194	0	0	0	0	0	0	0	0	0	0	0.147287	0	0.0155039	0	0	0	0	0	0	0.0232558	0.00775194	0	0.356589	0.00775194	0.00775194	0	0	0	0	0	0	0	0	0	0.0155039	0	0.00775194	0	0	0	0.00775194	0.0232558	0	0.751938	0	0	0	0	0	0	0	0	0	0.00775194	0	0	0	0	0	0	0	0	0.0465116	0	0.00775194	0	0	0	0.00775194	0.00775194	0	0	0	0	0	0	0	
2.18605	0	0	0	0.00775194	0	0.00775194	0.0232558	0	0.0310078	0.147287	0	0	0.124031	0	0.0697674	0.178295	0.0465116	0.0232558	0.0775194	0.348837	0.0387597	0.00775194	0.00775194	0	0.00775194	0	0	0.00775194	0	0	0	0.0232558	0	0	0	0	0	0	0	0	0	0	0	0	0	0	0.0155039	0.00775194	0	0.0465116	0	0.0155039	0	0	0.0155039	0	0	0	0	0	0.0155039	0	0	0	0	0	0.0155039	0	0.00775194	0.0232558	0	0	0.00775194	0	0	0	0	0.0155039	0	0	0.00775194	0	0	0	0	0	0	0	0	0	0	0	0	0	0	0	0	0	0	0	0	0	0	0	0	0.00775194	0	0	0	0	0	0	0	0	0.255814	0	0	0	0	0	0	0	0	0	0	0	0	0	0.00775194	0	0	0	0.00775194	0	0	0	0	0	0.00775194	0	0	0	0	0	0	0	0	0	0	0.00775194	0	0.116279	0	0	0	0	0	0	0	0	0	0	0.0930233	0	0	0.00775194	0	0.00775194	0	0	0	0.00775194	0	0	0	0.0155039	0	0	0	0	0	0	0	0	0	0	0.0155039	0	0	0.00775194	0	0	0	0.00775194	0	0	0.00775194	0	0	0	0	0.00775194	0	0	0	0	0.00775194	0	0	0	0	0	0	0	0	0	0.00775194	0.00775194	0	0	0	0	0	0	0	0	0	0	0	0	0	0.0387597	0	0	0	0	0	0	0	0	0	0	0	0	0	0.147287	1.24806	0	0.116279	0.00775194	0.00775194	0	0	0	0	0.224806	0.0232558	0.108527	0	0.00775194	0	0.0852713	0	0	0	0	0	0	0	0	
0.0310078	0.124031	0	0	0	0.00775194	0	0.0542636	0	0	0	0	0	0	0	0	0.00775194	0	0.00775194	0	0.0465116	0	0	0.00775194	0	0.116279	0	0	0	0	0	0.0465116	0.0620155	0.0155039	0	0	0	0.00775194	0	0.124031	0	0	0	0	0	0	0	0	0	0	0.0155039	0	0	0	0	0	0	0	0	0	0	0.0155039	0	0	0	0.0232558	0	0	0	0.372093	0.00775194	0	0	0	0	0	0	0	0.00775194	0	0	0	0	0.00775194	0	0.0620155	0	0.0310078	0	0	0.0620155	0	0	0	0	0	0	0.0155039	0	0	0	0	0	0	0	0	0	0	0	0	0	0	0	0.00775194	0	0.0155039	0	0	0	0	0	0	0	0	0	0	0	0	0	0	0	0	0	0	0	0	0	0	0	0	0	0	0	0	0	0	0	0	0	0	0	0	0	0	0	0	0	0	0	0	0	0	0	0	0.0387597	0	0	0	0.100775	0.0465116	0	0	0	0	0	0	0	0	0	0	0	0.00775194	0.00775194	0	0.00775194	0	0	0	0.00775194	0	0	0.0232558	0	0	0	0	0	0.00775194	0	0.00775194	0	0	0.00775194	0	0	0	0	0.0155039	0	0	0	0	0	0.00775194	0	0.0232558	0	0	0	0	0	0	0	0	0	0	0	0	0	0	0.0387597	0	0	0	0	0	0	0.00775194	0	0	0	0	0	0	0	0	0	0	0	0	0	0	0	0	0	0	0.0542636	0	0	0	0	0	0	0	0	0	0	0	0	0	0	
4.84496	0	0	0.0697674	0	0	0.100775	0	0.0387597	0.00775194	0.00775194	0	0	0	0.00775194	0.0155039	0.364341	0	0	0	0	0.0232558	0.00775194	0.0465116	0.0620155	0.0620155	0	0	0	0	0	0	0	0.00775194	0	0	0.00775194	0	0	0.193798	0	0	0	0	0	0	0	0.0155039	0	0	0.0852713	0	0	0.00775194	0.186047	0.00775194	0.00775194	0	0.0232558	0.348837	0.0310078	0	0	0	0.271318	0	0	0	0	0	0	0	0	0	0	0	0	0.0542636	0.0155039	0.00775194	0	0	0	0.00775194	0	0	0	0	0	0	0	0.0155039	0	0	0	0	0.0930233	0	0.00775194	0	0.0310078	0.00775194	0	0.0310078	0	0	0	0.0232558	0	0	0	0.0542636	0	0	0	0	0	0	0.00775194	0	0	0	0.00775194	0	0	0	0	0	0	0.00775194	0.0232558	0	0	0.0310078	0	0	0.356589	0	0	0	0	0.00775194	0	0	0.0542636	0	0	0	0.0155039	0	0	0	0	0	0	0	0	0	0	0.0542636	0	0	0.00775194	0.00775194	0	0	0	0	0.0465116	0	0	0	0.0155039	0	0	0	0	0	0	0.0387597	0	0	0.00775194	0	0	0	0	0.00775194	0	0.0155039	0.0155039	0	0.0310078	0.00775194	0.00775194	0	0	0.0310078	0	0.0155039	0.0465116	0	0.0155039	0	0	0	0.0930233	0	0	0	0	0	0	0.00775194	0	0	0	0.00775194	0	0.0232558	0	0	0	0	0.00775194	0	0	0	0	0	0	0	0	0	0	0.0310078	0	0	0	0	0	0	0	0	0	0	0.00775194	0.108527	0	0.00775194	0	0	0	0.124031	0	0	0.232558	0	0	0	0	0	0.0465116	0	0	0	0	0	0	0	0	
12.907	0.0697674	0	0.147287	0.0387597	0	0.0542636	0.00775194	0	0	0	0	0.341085	0	0.0542636	0.100775	0.496124	0	0.0232558	0.0310078	0.100775	0.0232558	0.0155039	0.00775194	0	0.542636	0	0.00775194	0	0	0.00775194	0	0.0232558	0.0232558	0	0	0	0.0232558	0	0.0232558	0	0	0	0.0155039	0.0542636	0.0387597	0	0.0465116	0	0	0.0697674	0	0	0.0155039	0.0155039	0	0.0465116	0.0852713	0	0.348837	0.0310078	0.0232558	0	0	0	0.0465116	0	0.0232558	0.0387597	0.0775194	0.651163	0	0.00775194	0	0	0	0	0	0	0.0155039	0	0.00775194	0	0	0	0.0310078	0.0542636	0	0	0	0.00775194	0.317829	0	0	0	0	0.0155039	0	0	0.00775194	0	0.0310078	0	0	0	0.0232558	0	0.0310078	0	0	0	0	0.0155039	0	0	0.0542636	0.00775194	0	2.06202	0	0	0.00775194	0.0542636	0	0.00775194	0	0	0	0	0.108527	0	0.00775194	0.00775194	0	0	0	0.00775194	0	0	0	0.0155039	0.00775194	0	0	0.0465116	0	0.0155039	0.0232558	0.00775194	0	0	0	0.0155039	0	0	0	0	0	0	0	0	0	0	0	0	0	0	0	0.0155039	0	0.0310078	0.00775194	0	0.178295	0	0	0	0	0	0.0852713	0	0	0	0	0	0.0155039	0	0.0465116	0	0.00775194	0.0310078	0	0.00775194	0.0465116	0	0	0	0.0697674	0	0.0155039	0	0	0.0155039	0.0232558	0	0	0.00775194	0.00775194	0	0	0	0	0.00775194	0.0155039	0	0.27907	0	0.00775194	0.00775194	0.00775194	0	0	0.0542636	0	0.0232558	0	0.00775194	0	0.0310078	0	0	0.0310078	0.0232558	0	0	0.00775194	0	0.00775194	0	0	0	0	0	0	0	0	0	0.341085	0	0.00775194	0	0.0310078	0	0.0155039	0	0.0310078	1.12403	0.0387597	0.0387597	0	0	0.00775194	0.116279	0	0	0	0	0	0	0	0	
0.209302	0.00775194	0	0	0	0	0	0	0	0	0.00775194	0	0.372093	0	0	0.00775194	0	0	0.0232558	0	0	0	0	0	0	0	0	0	0	0	0	0	0	0.00775194	0	0	0	0	0	0	0	0	0	0	0.0387597	0	0	0.00775194	0	0	0	0	0	0	0	0	0	0	0	0.0232558	0	0	0	0	0.00775194	0.00775194	0	0	0	0.00775194	0.0775194	0	0	0	0	0	0	0	0	0	0	0	0	0	0	0	0	0	0	0	0	0	0	0	0	0	0	0	0	0	0	0	0	0	0	0	0	0	0	0	0	0	0	0	0	0.00775194	0	0	0	0.00775194	0	0	0.0775194	0	0	0	0	0	0	0	0	0	0	0.00775194	0	0	0	0	0	0	0	0	0	0	0	0.00775194	0	0	0	0	0	0	0	0	0	0	0	0	0	0	0	0	0	0	0	0.00775194	0	0	0	0	0	0	0.116279	0	0	0	0	0	0	0	0	0	0	0	0	0	0	0	0	0	0	0	0	0	0	0.0232558	0	0	0	0	0	0	0	0	0	0	0	0	0	0	0	0	0	0	0	0.116279	0	0	0	0	0	0.0155039	0	0	0	0.00775194	0.00775194	0	0	0	0	0.00775194	0	0	0	0	0	0	0	0	0	0	0	0	0	0	0	0	0	0	0	0	0	0	0	0.0155039	0	0	0	0	0	0	0	0	0	0	0	0	0	0	0	
0	0	0	0	0	0	0	0	0	0	0	0	0	0	0	0	0	0	0	0	0	0	0	0	0	0.00775194	0	0	0	0	0	0	0	0	0	0	0	0	0	0	0	0	0	0	0	0	0	0	0	0	0	0	0	0	0	0	0	0	0	0	0	0	0	0	0	0	0	0	0	0	0	0	0	0	0	0	0	0	0	0	0	0	0	0	0	0	0	0	0	0	0	0	0	0	0	0	0	0	0	0	0	0	0	0	0	0	0	0	0	0	0	0	0	0	0	0	0	0	0	0	0	0	0	0	0	0	0	0	0	0	0	0	0	0	0	0	0	0	0	0	0	0	0	0	0	0	0	0	0	0	0	0	0	0	0	0	0	0	0	0	0	0	0	0	0	0	0	0	0	0	0.00775194	0	0	0	0	0	0	0	0	0	0	0	0	0	0	0	0	0	0	0	0	0	0	0	0	0	0	0	0	0	0	0	0	0	0	0	0	0	0	0	0	0	0	0	0	0	0	0	0	0	0	0	0	0	0	0	0	0	0	0	0	0	0	0	0	0	0	0	0	0	0	0	0	0	0	0	0	0	0	0	0	0	0	0	0	0	0	0	0	0	0	0	0	0	0	0	0	0	0	0	0	
0.0465116	0	0	0	0	0	0	0	0	0	0	0	0	0	0	0	0.00775194	0	0	0	0	0	0	0	0	0	0	0	0	0	0	0	0	0	0	0	0	0	0	0.00775194	0	0	0	0	0	0	0	0	0	0	0	0	0	0	0	0	0	0	0	0	0	0	0	0	0	0	0	0	0	0	0	0	0	0	0	0	0	0	0	0	0	0	0	0	0	0	0	0	0	0	0	0	0	0	0	0	0	0	0	0	0	0	0.0155039	0	0	0	0	0	0	0	0	0	0	0	0	0.0155039	0	0	0	0	0	0	0	0	0	0	0	0	0	0	0	0	0	0	0	0	0	0	0	0	0	0	0	0	0	0	0	0	0	0	0	0	0	0	0	0	0	0	0	0	0	0	0	0	0	0	0	0	0	0	0	0	0.00775194	0	0	0	0	0	0	0	0	0	0	0	0	0	0	0	0	0	0	0	0	0	0	0	0	0	0	0	0	0	0	0	0	0	0	0	0	0	0	0	0	0	0	0	0	0	0	0	0	0	0	0	0	0	0	0	0	0	0	0	0	0	0	0	0	0	0	0	0	0.0232558	0	0	0	0	0	0	0	0	0	0	0	0	0	0	0	0	0	0	0	0	0	0	0	0	0	0	0	0	0	
5.94574	0.713178	0	0	0	0	0	0.170543	0.0155039	1.6124	0.0155039	0	0	3.7907	0	0.116279	6.04651	0.0232558	0.20155	0.124031	0.581395	0.116279	0.0387597	0.976744	0.0542636	0.186047	0	0	0.0232558	0	0.00775194	0	0.813953	1.30233	0.0232558	0	0.0155039	0	0	0.379845	0.0155039	0.00775194	0	0	0	0	0	0.0542636	0	0	1.07752	0	0.0620155	0	0	0	0.00775194	0	0	0	0.00775194	0.263566	0	0	0	0	0	0.0155039	0	0.713178	0	0.0310078	0	0	0	0	0	0	1.44186	0	0	0.00775194	0	0	0	0	0.00775194	0	0.00775194	0	0	0.00775194	0.00775194	0.0310078	0	0	0	0.0387597	0	0	0	0.00775194	0	0	0	0.00775194	0	0	0	0	0	0	0	0	0	0.457364	0	0	0	0	0	0	0	0	0	0	0	0	0	0	0.0310078	0.00775194	0	0	0	0	0	0	0	0.534884	0	0.00775194	0	0	0.372093	0.00775194	0	0.0542636	0	0	0.00775194	0	0.20155	0	0	0	0	0	0	0	0.00775194	0	0	0	0	0	0	0	0.410853	0.418605	0	0	0.0155039	0.00775194	0	0	0	0	0	0.0465116	0	0	0	0	0.0542636	0	0	0	0	0	0	0	0	0	0	0.100775	0	0.0310078	0	0	0	0.162791	0.341085	0	0	0	0	0.0310078	0	0	0	0	0	0.0620155	0	0	0	0	0.108527	0	0	0	0.0155039	0	0	0	0	0	0	0	0.20155	0	0.0310078	0.00775194	0	0	0	0.124031	0	0	0	0	0	0	0	0	0.00775194	0.170543	0	0	0	0	0	0	0	0.0155039	9.24031	0.00775194	0	0	0	0.0387597	0.00775194	0	0	0	0	0	0	0	0	
0.00775194	0	0	0	0	0	0	0	0	0	0	0	0	0	0	0	0	0	0.0852713	0	0	0	0	0	0	0.0775194	0	0	0	0	0	0	0	0	0	0	0	0	0	0	0	0	0	0	0	0	0	0	0	0	0	0	0	0	0	0	0	0	0	0	0	0	0	0	0	0	0	0	0	0	0	0	0	0	0	0	0	0	0	0	0	0	0	0	0	0	0	0	0	0	0	0	0	0	0	0	0	0	0	0	0	0	0	0	0	0	0	0	0	0	0	0	0	0	0	0	0	0	0	0	0	0	0	0	0	0	0	0	0	0	0	0	0	0	0	0	0	0	0	0	0	0	0	0	0	0	0	0	0	0	0	0	0	0	0	0	0	0	0	0	0	0	0	0	0	0	0	0	0	0	0	0	0	0	0	0	0	0	0	0	0	0	0	0	0	0	0	0	0	0	0	0	0	0	0	0	0	0	0	0	0	0	0	0	0	0	0	0	0	0	0	0	0	0	0	0	0	0	0	0	0	0	0	0	0	0	0	0	0	0	0	0	0	0	0	0	0	0	0	0	0	0	0	0	0	0	0	0	0	0	0	0	0	0	0	0	0	0	0	0	0	0	0	0	0	0	0	0	0	0	0	
0	0	0.00775194	0	0	0	0	0.00775194	0	0	0	0	0	0	0	0	0	0	0	0	0	0	0	0	0	0.00775194	0	0	0	0	0	0.00775194	0	0	0	0	0	0	0	0	0	0	0	0	0	0	0	0	0	0	0	0	0	0	0	0	0	0	0	0	0	0	0	0	0	0	0	0.00775194	0	0	0	0	0	0	0	0	0	0	0	0	0	0	0	0	0	0.00775194	0	0	0	0	0	0	0	0	0	0	0	0	0	0	0	0	0	0	0	0	0	0	0	0	0	0	0	0	0	0	0	0	0	0	0	0	0	0	0	0	0	0	0	0	0	0	0	0	0	0	0	0	0	0	0	0	0	0	0	0	0	0	0	0	0	0	0	0	0	0	0	0	0	0	0	0	0	0	0	0	0	0	0.0232558	0	0	0	0	0	0	0	0	0	0	0	0	0	0	0	0	0	0	0	0	0	0	0	0	0	0	0	0	0	0	0	0	0	0	0	0	0	0	0	0	0	0	0	0	0	0	0	0	0	0	0	0	0	0	0	0	0	0	0	0	0	0	0	0	0	0	0	0	0	0	0	0	0	0	0	0	0	0	0.00775194	0	0	0	0.0155039	0	0	0	0	0	0	0	0	0	0	0	0	0	0	0	0	0	0	0	
22.8062	0.0465116	0.0852713	0.0852713	0	0	0.302326	0.24031	0.00775194	0.27907	0.0775194	0	0.0310078	0	0.0620155	0.496124	2.54264	0.0232558	0	0.00775194	1.88372	0.0697674	0.124031	0.20155	0.48062	0.0465116	0	0.0232558	0.0155039	0.00775194	0	0	0.364341	0.395349	0.00775194	0.00775194	0	0	0	2.65891	0.00775194	0	0	0	0.00775194	1.82946	0	0	0.0542636	0	0.162791	0	0.0310078	0.0155039	0.0542636	0.0387597	0	0	0.0620155	0.0542636	0.00775194	0.0775194	0	0.155039	0.0232558	0.0775194	0	0.00775194	0.348837	0.178295	0	0	0	0.0155039	0	0	0	0.00775194	0.317829	0.0155039	0	0.170543	0	0	0	0.658915	0.0775194	0	0.0155039	0	0.317829	0.395349	0	0.0155039	0	0	0.0310078	0.00775194	0	0.0232558	0.0232558	0.0542636	0.0620155	0.00775194	0	0.24031	0.00775194	0.0232558	0.00775194	0	0.0155039	0.147287	0.0232558	0.00775194	0	2.29457	0.108527	0.00775194	0.0465116	0.0310078	0	0.131783	0.0232558	0	0	0.00775194	0.0852713	0	0.00775194	0.488372	0.0155039	0.0620155	0	0.0465116	0.0697674	0	0.0387597	0	0	0.00775194	0	0.0387597	0.00775194	0.00775194	0.162791	0.00775194	0	0.0155039	0.0232558	0.00775194	0.0387597	0	0.0620155	0	0.0310078	0	0	0	0	0.108527	0.0387597	0	0	0.0387597	0	0	0.00775194	0	0.0852713	0.0930233	0.00775194	0.0387597	0.0310078	0	0	0	0.0155039	0	0	0	0.0155039	0	0.00775194	0	0.0155039	0.00775194	0	0.0387597	0	0.0310078	0	0	0.108527	0.00775194	0.0542636	0	0	0.395349	0	0.0387597	0.0852713	0.162791	0.0310078	0	0	0.00775194	0.0775194	1.29457	0	0	0	0	0.0155039	0.0310078	0.0155039	0.0310078	0	0.0542636	0.302326	0.00775194	0	0	0	0	0.0930233	0	0.00775194	0.00775194	0	0.116279	0	0.124031	0.0155039	0.0232558	0.0697674	0.294574	0	0.00775194	0	0	0	0.0310078	0	0	0	0	0.0155039	1.48062	0	0.0620155	0.00775194	0.0775194	0	0.0155039	0.00775194	0.0155039	9.27132	0.0310078	0.317829	0	0	0	0.829457	0.00775194	0	0	0	0	0	0	0	
0.682171	0	0	0.232558	0	0	0.364341	0	0	0.0155039	0	0	0	0	0.00775194	0.0310078	0.286822	0	0	0	0.00775194	0	0.00775194	0.100775	0	0	0	0.0155039	0	0	0	0	0	0.0310078	0	0.00775194	0	0	0	0	0	0	0	0	0	0	0	0.356589	0	0	0	0	0	0	0.0232558	0	0	0	0	0.20155	0	0.00775194	0	0	0.0155039	0	0	0	0	0	0	0	0	0	0	0	0	0.00775194	0.0232558	0	0	0.00775194	0	0	0	0.00775194	0.0232558	0	0	0	0	0.00775194	0	0	0	0	0	0	0	0	0	0.100775	0	0.00775194	0	0.00775194	0.0155039	0	0	0	0	0	0	0	0	0	0.0697674	0.0232558	0	0	0	0	0.0620155	0	0	0	0	0	0	0.00775194	0	0	0	0	0	0	0.0155039	0	0	0	0	0	0.0155039	0	0.0232558	0	0	0	0.0232558	0	0	0	0.0465116	0	0	0	0.00775194	0	0.0232558	0	0	0	0	0	0	0	0.00775194	0	0	0	0	0.00775194	0	0	0	0	0	0	0	0.116279	0	0	0	0	0.0542636	0	0	0.0155039	0	0	0	0	0	0	0	0	0	0.0155039	0	0	0	0	0.0155039	0	0.00775194	0	0.00775194	0	0	0	0	0	0	0	0	0	0	0.0310078	0	0	0	0.0465116	0	0	0	0	0	0	0	0	0	0	0	0	0.00775194	0	0.00775194	0.00775194	0	0	0	0	0	0	0	0	0	0.00775194	0	0.00775194	0	0	0	0	0	0	0.263566	0	0	0	0	0	0.00775194	0	0	0	0	0	0	0	0	
0	0	0	0	0	0	0	0	0	0	0	0	0	0	0	0	0	0	0.00775194	0	0	0	0	0	0	0.108527	0	0	0	0	0	0	0	0	0	0	0	0	0	0	0	0	0	0	0	0	0	0	0	0	0	0	0	0	0	0	0	0	0	0	0	0	0	0	0	0	0	0	0	0	0	0	0	0	0	0	0	0	0	0	0	0	0	0	0	0	0	0	0	0	0	0	0	0	0	0	0	0	0	0	0	0	0	0	0	0	0	0	0	0	0	0	0	0	0	0	0	0	0	0	0	0	0	0	0	0	0	0	0	0	0	0	0	0	0	0	0	0	0	0	0	0	0	0	0	0	0	0	0	0	0	0	0	0	0	0	0	0	0	0	0	0	0	0	0.00775194	0	0	0	0	0	0	0	0	0	0	0	0	0	0	0	0	0	0.00775194	0	0	0	0	0	0	0	0	0	0	0	0	0	0	0	0	0	0	0	0	0	0	0	0	0	0	0	0	0	0	0	0	0	0	0	0	0	0	0	0	0	0	0	0	0	0	0	0	0	0	0	0	0	0	0	0	0	0	0	0	0	0	0	0	0	0	0	0	0	0	0	0	0	0	0	0	0	0	0	0	0	0	0	0	0	0	0	0	
1.75969	0.0232558	0	0	0	0	0	0.00775194	0	0.0310078	0.0775194	0	0.0155039	0	0	0.00775194	0.0387597	0	0.139535	0	0.0387597	0	0	0.0465116	0	0.20155	0	0.0465116	0	0	0	0	0	0.00775194	0	0	0.0155039	0	0.00775194	0.0155039	0	0	0	0	0	0	0	0.0232558	0	0	0.0155039	0.00775194	0	0	0	0.0155039	0	0	0	0	0	0	0	0	0.00775194	0.0155039	0	0.0620155	0.0620155	0.108527	0	0	0	0	0	0	0	0	0.0542636	0	0	0.0310078	0	0	0	0.00775194	0	0.00775194	0	0	0.00775194	0	0.00775194	0	0	0	0	0	0	0	0	0	0	0	0	0	0	0	0	0	0.0155039	0	0	0.0697674	0	0.00775194	0	0	0	0	0	0	0	0	0	0	0	0	0	0.0155039	0	0	0	0	0	0	0	0	0	0	0	0	0	0	0	0	0	0.00775194	0	0	0	0	0	0	0	0	0	0	0	0	0	0	0	0.0155039	0.00775194	0	0	0	0.0232558	0	0.00775194	0	0	0	0	0	0	0	0	0	0	0	0	0	0	0	0	0	0.00775194	0	0.0155039	0	0	0	0	0.00775194	0	0	0	0.00775194	0	0	0.00775194	0	0	0	0	0	0	0	0	0	0	0	0	0	0	0	0.00775194	0	0	0	0	0	0	0	0	0	0	0	0.0620155	0	0	0	0	0.0155039	0	0	0	0	0	0	0	0	0	0.00775194	0	0.0930233	0	0	0	0	0	0	0	0	0.356589	0.0232558	0.0155039	0	0.00775194	0	0.00775194	0	0	0	0	0	0	0	0	
0	0	0	0	0	0	0	0	0	0	0	0	0	0	0	0	0	0	0	0	0	0	0	0	0	0	0	0	0	0	0	0	0	0	0	0	0	0	0	0	0	0	0	0	0	0	0	0	0	0	0	0	0	0	0	0	0	0	0	0	0	0	0	0	0	0	0	0	0	0	0	0	0	0	0	0	0	0	0	0	0	0	0	0	0	0	0	0	0	0	0	0	0	0	0	0	0	0	0	0	0	0	0	0	0	0	0	0	0	0	0	0	0	0	0	0	0	0	0	0	0	0	0	0	0	0	0	0	0	0	0	0	0	0	0	0	0	0	0	0	0	0	0	0	0	0	0	0	0	0	0	0	0	0	0	0	0	0	0	0	0	0	0	0	0	0	0	0	0	0	0	0	0	0	0	0	0	0	0	0	0	0	0	0	0	0	0	0	0	0	0	0	0	0	0	0	0	0	0	0	0	0	0	0	0	0	0	0	0	0	0	0	0	0	0	0	0	0	0	0	0	0	0	0	0	0	0	0	0	0	0	0	0	0	0	0	0	0	0	0	0	0	0	0	0	0	0	0	0	0	0	0	0	0	0	0	0	0	0	0	0	0	0	0	0	0	0	0	0	0	0	
2.24806	0.217054	0	0	0	0	0.0310078	0.0930233	0	0	0.00775194	0	0	0.00775194	0	0.286822	0.263566	0	1.00775	0	0.0930233	0.0852713	0.0232558	0.682171	0.0232558	0.0232558	0	0.0155039	0	0	0	0	0.294574	0.325581	0.0155039	0	0	0	0	0.217054	0.00775194	0	0	0	0	0	0	0.00775194	0	0	0.0310078	0	0.542636	0	0	0.0310078	0	0	0.0155039	0.0542636	0.00775194	0.0620155	0	0	0	0	0	0.00775194	0	0.426357	0	0	0	0.00775194	0	0	0	0	0.116279	0	0	0.0155039	0	0	0	0	0.00775194	0	0	0	0	0.178295	0	0.00775194	0	0	0	0.0155039	0	0	0	0.0155039	0	0	0	0	0	0	0	0	0	0	0.00775194	0	0	0.511628	0	0	0	0.00775194	0	0	0.00775194	0	0	0	0	0	0.00775194	0	0.51938	0	0	0	0.0155039	0	0.0155039	0	0	0.124031	0	0	0	0	0.984496	0	0	0	0	0	0.0155039	0	0.0232558	0	0	0	0	0	0	0.00775194	0	0	0	0	0	0	0	0	0.27907	0.0232558	0.00775194	0.0310078	0	0.0620155	0	0	0.930233	0	0	0	0	0	0.00775194	0	0	0	0	0.0387597	0	0	0	0	0.00775194	0	0	0.124031	0	0.00775194	0	0	0	0.0620155	0.217054	0	0	0.0620155	0.0697674	0	0	0	0	0	0	0.51938	0	0	0	0	0.100775	0	0	0	0.0465116	0	0.00775194	0	0	0	0	0	0.0697674	0	0.0232558	0	0	0	0	0.0232558	0	0	0	0	0	0	0	0	0	0.0465116	0	0	0	0	0	0	0	0	1.89147	0	0	0	0	0	0.0775194	0	0	0	0	0	0	0	0	
1.27132	0.131783	0	0	0	0	0.00775194	0	0	0.0155039	0.0155039	0	0	0	0	0.00775194	0.0697674	0	0	0	0.147287	0	0.0155039	0.00775194	0	0.255814	0	0	0	0	0	0	0.0310078	0	0.00775194	0	0.0232558	0	0	0.0232558	0	0	0	0	0	0	0	0	0	0	0.0775194	0	0	0	0	0	0	0	0	0	0	0.00775194	0	0	0	0	0	0.0852713	0	0	0	0	0	0	0	0	0	0	0	0	0	0.0155039	0	0	0	0	0	0	0.00775194	0	0	0	0	0	0	0	0	0	0	0	0	0	0	0	0	0	0	0	0	0	0	0	0	0.0620155	0	0.0310078	0.0232558	0	0	0.00775194	0	0	0.00775194	0	0	0	0	0	0	0.00775194	0.00775194	0.0155039	0	0	0	0	0	0	0	0	0	0	0	0	0	0	0	0	0	0	0	0	0	0	0	0	0	0	0	0	0	0	0	0	0	0	0	0	0.0387597	0.00775194	0	0	0	0	0	0	0	0	0	0	0	0.00775194	0.0155039	0	0	0	0	0.0155039	0	0	0	0	0	0	0	0.00775194	0	0	0	0.00775194	0	0	0	0	0	0	0	0	0	0	0	0	0	0	0	0	0.00775194	0	0	0	0	0	0.0155039	0	0.00775194	0	0	0	0	0	0.0465116	0	0	0	0.0155039	0	0	0.00775194	0	0	0	0	0	0	0	0	0.0387597	0.0232558	0	0	0	0.0232558	0	0	0	0	0.341085	0	0.0155039	0	0	0	0	0	0	0	0	0	0	0	0	
0.27907	0	0	0	0	0	0	0	0	0.00775194	0	0	0	0	0	0	0.0232558	0	0	0.0155039	0	0	0	0	0	0	0	0	0	0	0	0	0	0	0	0	0	0	0	0	0	0	0	0	0	0	0	0	0	0	0.0387597	0	0	0	0	0	0	0	0	0	0	0	0	0	0	0	0	0	0	0	0	0	0	0	0	0	0	0	0	0	0	0	0	0	0	0	0	0	0	0	0	0	0	0	0	0	0	0	0	0	0	0	0	0	0	0	0	0	0	0	0	0	0	0	0	0	0	0	0	0	0	0	0	0	0	0	0	0	0	0	0	0	0	0	0	0	0	0	0	0	0	0	0	0	0	0	0	0.0232558	0	0	0	0	0	0	0	0	0	0	0	0	0	0	0	0	0	0	0	0	0	0	0	0	0	0	0	0	0	0	0	0	0	0	0	0	0	0	0	0	0	0	0	0	0	0	0	0	0	0	0	0	0	0	0	0	0	0	0	0	0	0	0	0	0	0	0	0	0	0	0	0	0	0	0	0	0	0	0	0	0	0	0	0	0	0	0	0	0	0	0	0	0	0	0	0	0	0	0	0	0	0	0	0	0	0.0465116	0.0310078	0.0542636	0	0	0	0	0	0	0	0	0	0	0	0	0	0	0	
4.37984	0	0	0.00775194	0	0	0.0620155	0.00775194	0.00775194	0.0542636	0.00775194	0	0	0	0.0232558	0.0697674	0.147287	0	0	0.0155039	0.0155039	0.00775194	0.100775	0.147287	0	0	0	0.0387597	0	0	0	0.00775194	0.108527	0.0232558	0.00775194	0	0	0	0	0.00775194	0	0	0	0	0	0.00775194	0	0.00775194	0	0	0.116279	0	0	0	0.00775194	0.00775194	0	0	0.0465116	1.89922	0.0155039	0	0	0	0	0	0	0	0.00775194	0.00775194	0	0	0	0	0	0	0	0	0	0	0	0	0	0	0	0.00775194	0	0	0	0	0	0.0155039	0	0	0	0	0.00775194	0	0	0	0	0.0852713	0	0	0	0	0	0.116279	0	0.0232558	0	0	0	0	0	0.0155039	0.0852713	0	0	0.00775194	0	0	0.00775194	0	0	0	0	0	0	0.00775194	0.00775194	0	0	0.00775194	0	0	0.0620155	0	0	0	0	0.0155039	0	0	0	0	0	0	0.20155	0	0	0	0.0155039	0	0	0	0	0	0	0.0310078	0	0	0	0.0232558	0	0	0	0.00775194	0.0155039	0	0	0	0	0	0	0	0.00775194	0	0	0.00775194	0.0542636	0	0	0	0	0	0	0	0	0	0	0	0.0155039	0	0.0232558	0.00775194	0	0.0232558	0	0	0.0232558	0.0542636	0.00775194	0	0	0	0	0	0	0	0	0	0	0	0	0.0542636	0	0.0155039	0.00775194	0	0	0	0	0	0	0	0.0155039	0	0	0	0	0.178295	0.00775194	0	0	0.00775194	0	0	0	0	0	0	0	0	0	0	0.0155039	0.255814	0	0	0	0	0	0.00775194	0	0	0.325581	0	0.00775194	0	0	0	0.0697674	0.00775194	0	0	0	0	0	0	0	
0	0.00775194	0.0620155	0	0	0	0	0.217054	0	0	0	0	0	0	0	0	0	0	0	0	0.00775194	0	0	0	0	0	0	0	0	0	0	0	0.00775194	0.0930233	0	0	0	0	0	0	0	0	0	0	0	0	0	0	0	0	0	0	0	0	0	0	0	0	0	0	0	0	0	0	0	0.0155039	0	0	0	0	0	0	0	0	0	0	0	0	0	0	0	0	0	0	0	0.00775194	0	0.0620155	0	0	0.100775	0	0	0	0	0	0	0	0	0	0	0	0	0	0	0	0	0	0	0	0.0232558	0	0	0.00775194	0	0	0	0	0	0	0	0	0	0	0	0	0	0	0	0	0	0	0	0	0	0.0155039	0	0	0	0	0	0	0	0	0.0155039	0	0	0	0	0	0	0	0	0	0	0	0	0	0	0	0	0	0	0	0	0	0	0	0	0	0.00775194	0	0	0	0	0	0	0	0	0.00775194	0	0	0	0	0	0	0	0	0	0	0	0	0	0	0	0	0	0	0	0	0	0	0	0	0	0	0	0.20155	0	0	0	0	0	0	0	0	0	0	0	0	0	0	0	0	0	0	0	0	0	0	0	0.00775194	0	0	0	0	0	0	0	0	0	0	0	0	0	0	0.0155039	0.100775	0	0	0	0	0	0	0	0	0.968992	0	0	0	0	0	0	0	0	0	0	0	0	0	0	
3.95349	0	0	0.0930233	0	0	0.0232558	0	0	0.00775194	0	0	0	0	0	0.124031	0.372093	0	0	0	0.457364	0	0	0	0	0	0	0.00775194	0	0	0	0	0	0	0	0	0	0	0	0.310078	0	0	0	0	0	0.0620155	0	0	0	0	0.00775194	0	0.00775194	0	0	0	0	0	0	0	0	0	0	0	0	0	0	0	0.0697674	0.00775194	0	0	0	0	0	0	0	0.0155039	0	0	0	0.0542636	0	0	0	0.00775194	0.0155039	0	0	0	0	0	0	0	0	0	0	0	0	0.00775194	0	0.0155039	0.0155039	0.00775194	0	0	0	0	0	0	0	0	0	0	0	0.0930233	0	0	0	0	0	0.00775194	0	0	0	0	0	0	0	0.00775194	0	0.0155039	0	0	0	0	0.00775194	0	0	0	0	0	0	0	0	0	0	0	0	0	0.00775194	0.00775194	0	0	0.00775194	0	0	0	0	0	0	0	0	0	0	0	0	0	0	0.0310078	0	0	0	0	0	0	0	0	0	0.0310078	0	0	0	0	0	0	0	0	0	0	0	0	0.0155039	0.00775194	0	0	0	0.00775194	0	0	0	0	0.00775194	0	0	0	0	0	0	0	0	0	0	0	0	0	0	0	0.0155039	0	0	0	0.00775194	0	0.0232558	0	0	0	0	0	0	0	0	0	0	0.0232558	0	0.00775194	0	0	0	0	0	0	0	0	0	0.0387597	0	0	0	0	0	0	0	0.0155039	0.0232558	0	0	0	0	0	0.0155039	0	0	0	0	0	0	0	0	
0.00775194	0	0	0	0	0	0	0	0	0.0465116	0	0	0	0	0	0.00775194	0	0	0	0.00775194	0.0155039	0	0	0	0	0	0	0	0	0	0	0	0	0.00775194	0	0	0	0	0	0	0	0	0	0	0	0	0	0	0	0	0.0620155	0	0	0	0	0	0	0	0	0	0	0	0	0	0	0	0	0	0	0	0	0	0	0	0	0	0	0	0	0	0	0	0	0	0	0	0	0	0	0	0	0	0	0	0	0	0	0	0	0	0	0	0	0	0	0	0	0	0	0	0	0	0	0	0	0	0.00775194	0	0	0	0	0	0	0	0	0	0	0	0	0	0	0	0	0	0	0	0	0	0	0	0	0	0	0	0	0	0	0	0	0	0	0	0	0	0	0	0	0	0	0	0	0	0	0	0	0	0	0	0	0	0	0	0	0	0	0	0	0	0	0	0	0	0	0	0	0	0	0	0	0	0	0	0	0	0	0	0	0	0	0	0	0	0	0	0	0	0	0	0	0	0	0	0	0	0	0	0	0	0	0	0	0	0	0	0	0	0	0	0	0	0	0	0	0	0	0	0	0	0	0	0	0	0	0	0	0	0	0	0	0	0	0	0	0	0	0	7.57364	0	0	0	0	0	0	0	0	0	0	0	0	0	0	
0	0	0	0	0	0	0	0	0	0	0	0	0	0	0	0	0	0	0	0	0	0	0	0	0	0	0	0	0	0	0	0	0	0	0	0	0	0	0	0	0	0	0	0	0	0	0	0	0	0	0	0	0	0	0	0	0	0	0	0	0	0	0	0	0	0	0	0	0	0	0	0	0	0	0	0	0	0	0	0	0	0	0	0	0	0.0232558	0	0	0	0	0	0	0	0	0	0	0	0	0	0	0	0	0	0	0	0	0	0	0	0	0	0	0	0	0	0	0	0	0	0	0	0	0	0	0	0	0	0	0	0	0	0	0	0	0	0	0	0	0	0	0	0	0	0	0	0	0	0	0	0	0	0	0	0	0	0	0	0	0	0	0	0	0	0	0	0	0	0	0	0	0	0	0	0	0	0	0	0	0	0	0	0	0	0	0	0	0	0	0	0	0	0	0	0	0	0	0	0	0.0232558	0	0	0	0	0	0	0	0	0	0	0	0	0	0	0	0	0	0	0	0	0	0	0	0	0	0	0	0	0	0	0	0	0	0	0	0	0	0	0	0	0	0	0	0	0	0	0	0	0	0	0	0	0	0	0	0	0	0	0	0	0	0	0	0	0	0	0	0	0	0	0	0	
16.4109	0.0310078	0	0	0	0	0.0232558	0.131783	0	0	0.0465116	0	0	0	0	0.286822	0.387597	0	0	0	1.12403	0.0155039	0.147287	0.0620155	0	0	0	0.0155039	0	0	0	0	0.0232558	0.0232558	0	0	0.00775194	0	0	2.25581	0	0	0	0	0.0232558	0.0310078	0	0	0.00775194	0	0	0	0.0310078	0.00775194	0	0.0155039	0	0.00775194	0.0155039	0	0.00775194	0.0542636	0	0	0.0155039	0	0	0.124031	0.0232558	0.0232558	0.0387597	0.00775194	0	0	0	0	0	0.00775194	0	0	0	0.00775194	0	0	0	0.0155039	0.0542636	0	0	0	0.0155039	0.00775194	0	0	0	0	0	0.0155039	0	0.0465116	0	0	0.0310078	0	0	0.00775194	0	0	0	0.00775194	0	0	0	0	0	1.15504	0.0155039	0.00775194	0	0.0542636	0	0.0310078	0.00775194	0	0	0.0155039	0	0	0	0.0387597	0	0	0	0.00775194	0	0	0	0	0	0	0	0.00775194	0	0	0	0.0387597	0	0	0	0	0.0310078	0	0.00775194	0	0.0232558	0	0.0155039	0	0	0	0	0	0	0.0232558	0	0.00775194	0	0.00775194	0.00775194	0.0387597	0	0.00775194	0.0155039	0	0	0	0	0	0	0.20155	0	0	0	0	0.00775194	0	0	0	0	0.00775194	0	0	0	0.0155039	0.0155039	0	0	0.341085	0.0310078	0.00775194	0.00775194	0	0.00775194	0	0	0	0.0232558	0.00775194	0	0	0	0	0	0	0	0.0620155	0	0	0.00775194	0	0	0	0.0155039	0	0.131783	0	0	0.00775194	0	0	0	0.0310078	0	0.00775194	0.0387597	0.0852713	0	0	0	0	0	0	0	0	0.00775194	0	0.0232558	0.379845	0	0.00775194	0	0.00775194	0	0.00775194	0	0.00775194	0.310078	0	0.0465116	0	0.00775194	0	0.0465116	0	0	0	0	0	0	0	0	
13.9225	0.00775194	0	0	0.193798	0	0.0387597	0.0852713	0	0.209302	0.418605	0	0.333333	0.0155039	0.0620155	0.387597	1.04651	0.0542636	0	0.124031	2.36434	0.224806	0.325581	0.00775194	0.00775194	0.317829	0	0.0232558	0	0	0	0.00775194	1.02326	1.21705	0.00775194	0.0232558	0	0	0.00775194	0.0155039	0	0.0155039	0	0	0.00775194	0.0852713	0	0.0155039	0	0	0.162791	0	0	0	0.124031	0.0310078	0.0852713	0	0.00775194	5.07752	0.00775194	0.255814	0	0.00775194	0.100775	0.0387597	0	0	0.0542636	0.0387597	0.0155039	0	0.0232558	0	0	0	0	0.00775194	0.0775194	0	0	0.0697674	0.00775194	0.0155039	0	0.0155039	0	0	0.00775194	0	0.0542636	0.116279	0	0	0	0	0	0	0	0	0	0.899225	0.00775194	0.0310078	0.0232558	0	0.0155039	0.00775194	0	0	0	0.0310078	0.0465116	0	0	0.968992	0.48062	0	0.0620155	0.0310078	0.00775194	0	0	0	0	0	0	0	0	0.0775194	0.00775194	0	0.0232558	0.00775194	0	0.00775194	0.00775194	0	0	0	0	0	0	0	0.0232558	0.0697674	0.00775194	0	0.116279	0	0.00775194	0.0620155	0.0620155	0	0	0	0	0.00775194	0	0.0155039	0	0	0.00775194	0.108527	0.139535	0.00775194	0	0	0.186047	0.0930233	0	0	0.217054	0	0	0	0.00775194	0	0	0.0930233	0.00775194	0	0	0	0.0155039	0	0	0.0620155	0	0	0.00775194	0	0.27907	0	0.0155039	0	0	0.170543	0.0155039	0.0775194	0.00775194	0	0	0	0	0	0	0.0775194	0	0.0387597	0	0	0	0	0.00775194	0.24031	0.0310078	0	0.00775194	0.0155039	0	0	0.20155	0	0.0232558	0	0.0310078	0	0.0465116	0	0	0.0155039	0.00775194	0.00775194	0.0155039	0.0465116	0	0	0	0	0	0.00775194	0	0	0	0	0.0852713	0.565891	0	0.00775194	0.00775194	0.0387597	0	0.0232558	0	0.00775194	18.2481	0.20155	0.0542636	0.00775194	0.00775194	0	0.674419	0.0387597	0	0	0	0	0	0	0	
6.88372	0	0	0	0	0	0.0852713	0.0465116	0	0.0542636	0	0	0.875969	0	0	0.131783	0.317829	0	0.00775194	0	0.0387597	0	0.0697674	0	0	0.00775194	0	0	0	0	0	0.0620155	0.0155039	0	0	0	0	0	0	0.0155039	0	0	0	0	0	0.0155039	0	0	0	0	0.116279	0	0	0	0	0	0.0387597	0	0	0.209302	0	0	0	0.0620155	0	0	0	0	0	0.139535	0	0	0.00775194	0	0	0	0	0	0	0	0	0.00775194	0	0.0310078	0	0	0	0	0.0620155	0	0.0155039	0	0	0	0	0	0	0	0.0542636	0	0	0.0155039	0	0	0	0.00775194	0	0	0	0	0.116279	0	0	0	0	0.00775194	0.0465116	0	0	0	0	0	0.147287	0	0	0.00775194	0	0	0	0.0232558	0	0	0.0387597	0	0	0.00775194	0	0	0	0.00775194	0	0	0.00775194	0	0.00775194	0.0155039	0.0465116	0	0	0	0	0	0	0	0	0.0387597	0	0	0	0	0	0	0	0.0155039	0	0.00775194	0	0	0.0697674	0.00775194	0	0.00775194	0	0.0155039	0	0	0	0	0	0	0	0	0	0	0	0	0	0.00775194	0	0	0.00775194	0	0.0155039	0.00775194	0	0	0.0155039	0	0	0	0	0	0	0	0	0	0.00775194	0.0620155	0	0	0	0	0	0	0	0.744186	0.0465116	0	0	0	0	0	0	0	0	0	0.0232558	0	0	0	0	0.0155039	0	0	0.00775194	0.100775	0	0.0542636	0	0	0	0	0	0	0	0	0	0.0310078	0	0.00775194	0	0.0232558	0	0	0	0.0465116	0.658915	0.0542636	0.0155039	0	0.00775194	0	0.0620155	0	0	0	0	0	0	0	0	
7.75969	0.821705	0	0	0	0	0.147287	0.108527	0	0.0465116	0	0	0	0.0930233	0	0.217054	0.496124	0	1.75969	0.0155039	0.48062	0.0775194	0.0930233	0.170543	0.00775194	0.0465116	0	0.00775194	0	0	0	0	0.193798	0.658915	0	0.00775194	0	0	0	0.945736	0	0	0	0	0	0	0	0.0387597	0	0	0.271318	0	0.294574	0.100775	0	0	0	0	0.0155039	0.00775194	0	0.0930233	0	0	0.0232558	0.00775194	0	0	0	0.75969	0	0.00775194	0	0	0	0	0	0.00775194	0.178295	0	0	0.139535	0	0	0	0	0	0.0155039	0	0	0	0.00775194	0	0	0	0	0.0155039	0.0232558	0	0	0	0.0232558	0	0	0	0	0	0.0310078	0	0.00775194	0	0	0	0.0155039	0	0.651163	0.155039	0	0	0	0	0	0.00775194	0	0	0	0	0	0	0	0.44186	0.00775194	0	0	0	0	0	0	0	0.0155039	0	0	0	0.00775194	0.627907	0	0	0	0.0232558	0	0	0	0.0387597	0	0.00775194	0	0	0	0	0	0	0	0	0.00775194	0	0	0	0.00775194	0.325581	0.00775194	0.0155039	0	0	0	0	0	1.03101	0	0	0	0	0	0	0	0.0310078	0	0	0	0	0	0	0	0	0	0	0	0	0.00775194	0	0	0.00775194	0.0930233	0.0542636	0	0	0.0310078	0.0232558	0.00775194	0	0	0	0	0	0.410853	0	0	0.0232558	0.00775194	0.0697674	0	0	0	0.0155039	0	0.00775194	0	0	0	0	0	0.689922	0	0	0.00775194	0	0.00775194	0	0.0232558	0	0	0	0	0	0	0	0	0	0.364341	0	0	0	0	0	0	0	0.00775194	2.21705	0.0310078	0	0	0	0	0.124031	0	0	0	0	0	0	0	0	
2.17054	0	0	0	0.0155039	0	0	0	0	0	0	0	0.124031	0	0.00775194	0	0.0232558	0	0	0	0	0	0.0542636	0	0	0	0	0	0	0	0	0.0155039	0	0	0	0	0	0	0.00775194	0	0	0	0	0	0	0.00775194	0	0	0	0	0	0	0	0	0	0	0	0	0	0.0155039	0	0	0	0	0	0	0	0	0	0	0	0	0	0	0	0	0	0	0	0.0232558	0	0	0	0.116279	0	0	0	0	0	0	0	0	0	0	0	0	0	0	0.00775194	0	0	0.0310078	0	0	0	0	0	0	0	0	0.0155039	0.00775194	0	0	0	0.00775194	0	0	0	0	0	0	0.00775194	0	0	0	0	0	0	0	0	0	0	0	0	0	0	0	0	0	0	0	0	0	0	0	0.00775194	0	0	0	0	0	0	0	0	0	0	0	0	0	0	0	0	0.00775194	0	0.0542636	0	0	0	0	0	0	0	0.0155039	0	0	0	0	0	0	0	0	0	0	0	0	0	0	0	0	0.0155039	0	0.0310078	0	0	0	0	0	0	0	0	0	0	0	0.00775194	0	0	0.0310078	0	0	0	0	0	0	0.00775194	0.395349	0	0	0	0	0	0	0	0	0	0	0	0	0	0.0155039	0	0	0	0	0	0	0	0	0	0	0	0	0	0	0	0	0	0	0	0	0	0	0	0	0	0	0	0	0	0	0	0	0.0310078	0	0	0	0	0	0	0	0	
9.11628	0.0232558	0	0.0387597	0.0387597	0	0.124031	0.0232558	0.0155039	0	0.147287	0	0.0155039	0	0.0775194	0.604651	0.162791	0.0155039	0	0	1.5814	0.534884	0.155039	0.0775194	0.0155039	0.0155039	0	0.0310078	0	0.0232558	0	0	0.00775194	0	0	0	0	0	0	1.82946	0	0	0	0.00775194	0.0232558	0.162791	0	0.0310078	0.193798	0	0	0	0	0.00775194	0.0930233	0	0.0155039	0.0232558	0.00775194	0.00775194	0.0155039	0.00775194	0	0.108527	0.0775194	0	0	0.0232558	0.00775194	0.0155039	0	0	0	0	0	0	0	0.0232558	0.00775194	0.0465116	0	0.108527	0	0	0	0.0852713	0.00775194	0	0.0155039	0.00775194	0	0.0465116	0.00775194	0	0	0	0.0232558	0	0.00775194	0	0	0	0.0310078	0	0.0232558	0.0155039	0.0387597	0.0232558	0.00775194	0	0	0.00775194	0.0155039	0.0155039	0	2.16279	0.0852713	0	0.0387597	0.00775194	0	0.0155039	0.0155039	0	0	0	0.0310078	0	0.0232558	0.465116	0.0232558	0.116279	0.0155039	0	0.00775194	0	0.0155039	0	0	0	0	0.0387597	0.00775194	0.0155039	0.0232558	0	0	0	0.100775	0.0155039	0.0155039	0	0.0155039	0	0.116279	0	0	0	0	0.124031	0	0	0	0	0	0.0155039	0	0	0.0232558	0	0	0	0.0155039	0	0	0.00775194	0	0	0	0.139535	0.0155039	0	0	0	0.00775194	0	0	0.0232558	0	0.00775194	0.00775194	0	0.27907	0.0620155	0.0310078	0	0	0	0.116279	0.00775194	0	0	0.0155039	0	0	0	0.0310078	0.0155039	0.00775194	0.0155039	0	0	0.0155039	0.0310078	0	0.0310078	0.178295	0.00775194	0.0542636	0.0155039	0	0	0.0155039	0	0.108527	0	0.0387597	0	0.00775194	0	0	0.0697674	0.0232558	0	0.0542636	0.100775	0	0.0387597	0	0	0.00775194	0	0	0	0	0	0.0542636	0.24031	0	0.0465116	0.0310078	0.0155039	0	0.00775194	0	0	0.0775194	0.0542636	0.317829	0	0.00775194	0	0.325581	0.0155039	0	0	0	0	0	0	0	
2.27907	0	0	0	0	0	0.00775194	0.00775194	0	0	0	0	0	0	0	0.0387597	0.0852713	0	0	0	0.0930233	0.0465116	0	0	0.00775194	0	0	0.00775194	0	0	0	0	0	0.0930233	0.0387597	0	0	0	0	0.186047	0	0	0	0	0.0155039	0	0	0	0	0	0	0	0	0	0	0	0	0	0	0	0	0	0	0	0	0	0	0	0	0	0	0	0	0	0	0	0	0	0	0.00775194	0	0	0	0	0	0	0	0	0	0	0	0	0	0	0	0	0	0	0	0	0	0	0.00775194	0	0	0	0	0	0	0	0	0	0	0	0	0.255814	0	0	0	0	0	0	0	0	0	0	0	0	0	0	0	0	0	0	0	0	0	0	0	0	0	0	0	0	0	0	0	0	0	0	0.00775194	0	0	0	0	0	0	0	0	0	0	0	0	0	0	0	0	0	0.00775194	0	0	0	0.00775194	0	0	0	0	0	0	0	0	0	0	0	0	0	0	0	0	0	0	0	0.00775194	0	0	0	0	0.0387597	0	0	0	0	0	0	0	0	0	0	0	0	0	0	0	0	0	0	0	0	0	0	0	0	0	0	0	0	0	0	0	0	0	0.00775194	0	0	0	0	0	0	0	0	0	0	0	0	0	0	0.00775194	0.00775194	0	0	0	0.0155039	0	0.00775194	0	0	0.147287	0	0	0	0	0	0.0232558	0	0	0	0	0	0	0	0	
7.31783	0.00775194	0	0.434109	0.00775194	0	0.395349	0.00775194	0.00775194	0.263566	0.20155	0	0.178295	0	0.100775	0.0465116	0.713178	0.108527	0.116279	0.108527	0.0542636	0.0542636	0.209302	0.0775194	0.00775194	6.30233	0	0.0465116	0	0	0	0.00775194	0.0155039	0.24031	0.0155039	0	0.00775194	0.178295	0	0.0155039	0	0	0	0.00775194	0	0.0232558	0	0.0387597	0	0.00775194	0.294574	0	0.0232558	0.131783	0.0232558	0.0232558	0.00775194	0	0.0232558	2.56589	0.00775194	0.0775194	0	0	0.0465116	0.00775194	0	0.263566	0	0.0620155	0.0155039	0	0.0155039	0	0	0	0	0	0.0387597	0	0	0.0465116	0	0	0	0.0310078	0.00775194	0	0	0	0.00775194	0	0.0232558	0	0	0	0	0	0	0	0	0.341085	0	0	0.0697674	0.0697674	0	0	0	0	0	0	0.186047	0	0.0310078	0.00775194	0.232558	0.0155039	0.0232558	0.00775194	0	0	0.0232558	0	0	0	0	0	0	0.00775194	0	0	0	0.0232558	0.0155039	0	0	0	0	0.00775194	0	0	0	0.00775194	0.0620155	0	0.0232558	0.0155039	0	0	0	0.0232558	0.0232558	0	0.00775194	0	0	0.0387597	0	0	0	0.108527	0.0310078	0.0542636	0.248062	0	0	0	0.387597	0.0542636	0.0387597	0.124031	0.0697674	0	0	0	0.00775194	0	0	0.775194	0	0	0	0	0.00775194	0.0155039	0	0	0.0232558	0	0.0232558	0	0.00775194	0.0155039	0	0	0.0852713	0.0775194	0	0	0.0155039	0	0.0387597	0	0	0.00775194	0	0.0310078	0.0155039	0.108527	0.0387597	0	0	0.0542636	0.116279	0.186047	0	0	0.00775194	0	0	0	0	0	0.108527	0	0	0	0	0	0	0	0	0	0	0.0232558	0	0.0620155	0	0.00775194	0	0.00775194	0	0	0	0	0.0155039	0.449612	0	0	0	0.00775194	0	0.0232558	0	0.124031	1.15504	0.00775194	0	0	0	0	0.0542636	0.0155039	0	0	0	0	0	0	0	
3.17054	0	0	0	0	0	0.302326	0.0232558	0	0	0	0	0	0	0	0.0155039	0.147287	0	0	0	0.00775194	0	0.0155039	0.0232558	0	0	0	0.0155039	0	0	0	0	0	0	0	0	0	0	0	0	0	0	0	0	0	0	0	0.263566	0	0	0.0232558	0	0	0.00775194	0.0155039	0	0	0	0.0310078	0.418605	0.0387597	0	0	0	0	0	0	0	0	0	0	0	0	0	0	0	0	0	0.00775194	0	0	0	0	0	0	0.00775194	0	0	0	0	0	0.0697674	0	0	0	0	0	0	0	0.00775194	0	0.0310078	0.0155039	0	0	0.0155039	0	0.0387597	0	0.00775194	0	0	0	0	0	0	0	0	0	0	0	0.00775194	0.00775194	0	0	0	0	0	0	0.0155039	0	0	0	0.0232558	0	0	0.0232558	0	0	0	0	0	0	0	0	0	0	0	0.0852713	0	0	0	0	0	0	0	0.00775194	0	0	0.0387597	0	0	0	0	0	0	0	0	0.00775194	0.0310078	0	0.0620155	0	0	0	0	0.00775194	0	0	0.0155039	0	0	0	0	0	0	0	0.0387597	0	0	0.00775194	0	0	0	0.0775194	0.00775194	0	0	0	0	0	0.00775194	0	0	0	0	0	0	0	0	0	0	0.0232558	0.0232558	0	0	0	0	0.0232558	0	0	0	0	0	0	0	0	0	0	0	0	0.00775194	0	0.00775194	0.00775194	0.00775194	0	0	0	0	0	0	0	0	0	0	0.00775194	0.0542636	0	0	0	0.00775194	0	0	0.0155039	0	0.209302	0	0.0155039	0	0	0	0.0310078	0	0	0	0	0	0	0	0	
3.5814	0.0465116	0	0	0	0	0	0.0155039	0	0	0	0	0.00775194	0	0	0.0155039	0	0	0	0	0.0620155	0.0155039	0	0.147287	0.00775194	0	0	0	0	0	0	0	0.248062	0.100775	0	0	0	0	0	0.44186	0	0	0	0	0	0	0	0.00775194	0	0	0.0775194	0.00775194	0.0232558	0	0.0310078	0	0	0	0	0	0	0	0	0	0	0	0	0	0	0.0155039	0	0	0	0	0	0	0	0	0.00775194	0	0	0.00775194	0	0	0	0.00775194	0	0	0	0	0	0	0	0	0	0	0	0	0	0	0	0	0.00775194	0	0	0	0	0	0	0	0	0	0	0	0	0.108527	0	0	0	0	0	0	0.00775194	0	0	0	0	0	0	0	0.00775194	0	0	0	0	0	0	0	0	0	0	0	0	0.0232558	0.0697674	0	0	0	0	0	0	0	0.00775194	0	0	0	0	0	0	0	0	0	0	0	0	0	0	0	0	0	0	0.00775194	0	0.139535	0	0	0.00775194	0	0	0	0	0	0	0	0	0	0	0	0	0	0	0	0.00775194	0	0	0	0	0	0	0	0	0	0.0852713	0	0	0	0.00775194	0	0	0	0	0	0	0.116279	0	0	0	0	0.0155039	0	0	0	0.0310078	0	0.00775194	0	0	0	0	0	0.0542636	0	0	0.0155039	0	0.0310078	0	0	0	0	0	0	0	0	0	0	0	0.00775194	0	0	0	0	0	0	0	0	0.635659	0	0.00775194	0	0	0	0.0697674	0	0	0	0	0	0	0	0	
30.7364	1.54264	0	0.0155039	0	0.00775194	0.139535	0.193798	0.0155039	0.434109	0.0310078	0	0	0.0465116	0	1.09302	0.736434	0.0465116	0.27907	0.0697674	1.4031	0.193798	0.0155039	1.23256	0.294574	0.100775	0	0.00775194	0	0	0	0	1.47287	0.906977	0	0	0	0.0155039	0	1.37984	0	0	0	0	0	0.0542636	0	0.0852713	0	0	0.620155	0	0.263566	0.00775194	0	0.0155039	0.0852713	0	0.0620155	0.0310078	0	0.248062	0	0	0.00775194	0.00775194	0	0.0155039	0	0.643411	0	0.0387597	0	0.0775194	0	0.0310078	0	0.0232558	1.30233	0	0	0.124031	0.100775	0	0.0542636	0.0697674	0.0155039	0	0	0	0.00775194	0.325581	0.0232558	0.0697674	0	0	0.155039	0.0697674	0	0	0.0155039	0.124031	0	0	0	0.00775194	0	0.0387597	0	0	0	0	0	0	0	1.13953	0.00775194	0.00775194	0.00775194	0	0	0.0155039	0.00775194	0	0	0	0.0232558	0	0.0155039	0.0155039	0.162791	0.0155039	0.00775194	0	0.0155039	0	0.0155039	0	0	0.0310078	0	0.0232558	0	0	0.24031	0.0387597	0	0.00775194	0.0155039	0	0.0232558	0	0.139535	0	0	0	0	0	0	0.00775194	0	0	0	0.124031	0	0	0	0	0.170543	0.209302	0.00775194	0.0155039	0.00775194	0	0	0	2.28682	0	0	0.317829	0	0	0.0232558	0	0.100775	0.0387597	0.00775194	0.0232558	0	0.00775194	0.00775194	0	0.0232558	0	0	0.209302	0.00775194	0.0155039	0	0	0	0.96124	0	0	0	0.00775194	0.0310078	0.100775	0	0.0310078	0	0	0	0.286822	0.00775194	0	0.0155039	0	0.193798	0	0	0	0.0930233	0	0.0542636	0	0	0.0155039	0.0310078	0	1.24806	0	0.0155039	0.0620155	0.0775194	0.100775	0	0.0620155	0.0155039	0	0.00775194	0	0	0	0	0	0.0155039	0.418605	0	0.0155039	0	0.108527	0	0.0155039	0	0.0155039	9.68992	0.0542636	0.170543	0	0.00775194	0	0.155039	0	0	0	0	0	0	0	0	
0	0.0232558	0	0	0.0155039	0	0	0	0.00775194	0	0	0	0	0	0	0	0	0.0310078	0	0	0	0	0	0	0	0	0	0	0	0	0	0	0.131783	0.0155039	0	0	0.00775194	0	0	0	0	0	0	0	0	0	0	0	0	0	0	0	0	0	0	0	0	0.00775194	0	0	0	0	0	0	0	0	0	0.0697674	0	0	0	0	0	0	0	0	0	0	0.00775194	0	0	0	0	0	0.0155039	0	0	0	0	0	0	0	0	0	0	0	0	0	0	0	0	0	0	0	0	0	0	0	0	0	0	0	0	0	0	0	0	0	0	0	0	0	0	0	0	0	0	0	0	0	0	0	0	0	0	0	0	0	0	0	0	0	0.00775194	0	0.0310078	0	0	0	0	0	0	0	0	0	0	0	0	0	0	0	0	0	0	0	0	0	0	0	0	0	0	0	0	0	0	0	0	0	0	0	0	0	0	0	0	0	0	0	0	0	0	0	0	0	0	0	0	0	0	0	0	0	0	0	0	0	0	0	0	0	0	0	0	0	0	0	0	0	0	0	0	0	0	0	0	0	0	0	0	0	0	0	0	0	0	0	0	0	0	0	0	0	0	0	0	0	0	0	0	0	0	0	0	0	0	0	0.449612	0	0.00775194	0	0	0	0	0	0	0	0	0	0	0	0	
3.73643	0	0	0	0	0	0.0310078	0	0.00775194	0.00775194	0	0	0.0775194	0	0	1.2093	0.511628	0.0387597	0	0.0465116	0.410853	0.0155039	0.139535	0.0465116	0	0	0	0.224806	0	0	0	0	0	0.00775194	0	0	0	0	0	0.209302	0	0	0	0.0542636	0	0	0	0.0155039	0	0.0310078	0.00775194	0	0	0	0	0	0.0155039	0	0.00775194	0.0775194	0	0.0232558	0	0	0	0	0	0.00775194	0.00775194	0.325581	0.0387597	0	0	0	0	0	0	0	0.00775194	0	0	0.0232558	0	0.0155039	0	0	0.0775194	0	0.155039	0	0	0.0155039	0	0	0	0	0	0	0	0.00775194	0.00775194	0.0155039	0	0.00775194	0	0.00775194	0	0	0	0.0310078	0	0	0	0	0	0.527132	0.00775194	0	0.317829	0	0	0.0155039	0.0697674	0	0	0	0.217054	0	0.0465116	0.0387597	0	0.0775194	0	0	0.248062	0.00775194	0	0	0	0	0	0	0	0.00775194	0.139535	0	0	0	0	0	0	0	0.0310078	0	0	0	0	0	0	0	0	0	0	0	0	0	0	0.00775194	1	0	0	0	0	0	0	0	0	0	0	0	0.00775194	0	0	0	0.00775194	0	0.00775194	0.00775194	0	0	0.00775194	0	0.00775194	0	0	0.00775194	0	0.0232558	0	0	0	0	0	0	0	0	0.00775194	0	0	0	0	0	0	0	0	0	0.217054	0.0155039	0	0	0	0	0	0	0	0	0	0	0	0	0	0.00775194	0	0	0.0465116	0.0155039	0	0.0542636	0	0	0.0465116	0	0	0	0	0	0	0.271318	0	0	0	0.0232558	0	0	0	0.0465116	0.0930233	0	0.00775194	0	0	0	0.0387597	0	0	0	0	0	0	0	0	
0.0387597	0	0	0	0	0	0	0	0	0	0	0	0	0	0	0	0	0	0	0	0	0	0	0.0155039	0	0.0465116	0	0	0	0	0	0	0	0	0	0	0	0	0	0	0	0	0	0	0	0	0	0	0	0	0	0	0	0	0	0.00775194	0	0	0	0	0	0	0	0	0	0	0	0	0	0	0	0	0	0	0	0	0	0	0	0	0	0	0	0	0	0	0	0	0	0	0	0	0	0	0	0	0	0	0	0	0	0	0	0	0	0	0	0	0	0	0	0	0	0	0	0	0	0	0	0	0	0	0	0	0	0	0	0	0	0	0	0	0	0	0	0	0	0	0	0	0	0.00775194	0	0	0.00775194	0	0	0	0	0	0.00775194	0	0	0	0	0	0	0	0	0	0	0	0	0	0.00775194	0	0	0	0	0	0	0	0	0	0	0	0	0	0	0	0	0	0	0	0	0	0	0	0	0	0	0	0	0	0	0	0	0	0	0	0	0	0	0	0	0	0	0	0	0	0	0	0	0	0	0	0	0	0.00775194	0	0	0	0	0	0	0	0	0	0	0	0	0	0	0	0	0	0	0	0	0	0	0	0	0	0	0	0	0.00775194	0	0	0	0.00775194	0	0	0	0	0.00775194	0	0	0	0	0	0	0	0	0	0	0	0	0	0	
11.6667	0.00775194	0	0.00775194	0	0.00775194	0.0930233	0.00775194	0.0232558	0.217054	0.0387597	0	0	0	0	0.0232558	0.27907	0	0.00775194	0.0155039	0.0775194	0.0155039	0	0.0465116	0.0775194	0.0155039	0	0	0	0	0	0	0.0542636	0.0155039	0.0232558	0	0	0	0	1.9845	0	0	0	0	0	0.00775194	0	0.0155039	0.00775194	0	0.209302	0	0.0232558	0.00775194	0.170543	0	0	0	0	0	0.20155	0.0310078	0	0	0.116279	0.00775194	0	0.0155039	0.108527	0.00775194	0	0.0155039	0	0	0	0	0	0.0930233	0.00775194	0.00775194	0	0.00775194	0	0.0232558	0	0.0232558	0.00775194	0	0	0	0.0232558	0.162791	0	0	0	0	0.116279	0.0155039	0.0155039	0.00775194	0.697674	0.00775194	0	0	0	0	0	0.0387597	0	0	0	0.0232558	0	0	0	0.0387597	0	0	0.00775194	0.00775194	0	0.0232558	0	0	0	0	0	0	0.00775194	0.0465116	0.0310078	0.0310078	0	0.131783	0	0	0.333333	0	0	0	0.00775194	0	0	0	0.00775194	0	0	0.00775194	0.00775194	0.00775194	0.00775194	0	0	0	0.00775194	0	0.00775194	0	0	0.0775194	0	0	0	0.0155039	0	0	0	0	0.0232558	0.00775194	0	0.0775194	0.00775194	0	0	0	0	0	0	0	0	0	0	0	0.00775194	0	0	0.0697674	0	0	0	0	0	0	0	0.00775194	0	0.0542636	0	0.00775194	0.00775194	0.0155039	0.0155039	0	0	0	0	0.0852713	0	0.00775194	0	0	0	0.0232558	0.00775194	0	0.0155039	0.0775194	0.0542636	0.00775194	0	0	0.00775194	0	0.0465116	0	0.00775194	0	0.00775194	0	0	0	0.00775194	0.00775194	0	0.170543	0	0.00775194	0	0	0	0	0	0	0	0	0	0.248062	0	0.0542636	0	0.00775194	0	0	0.0155039	0.0232558	0.992248	0	0	0	0	0	0.0930233	0.0155039	0	0	0	0	0	0	0	
36.938	0.0852713	0.0465116	0.0387597	0	0.0155039	0.0387597	0.263566	0.0387597	0.0542636	0.271318	0	0.00775194	0.0310078	0	0.27907	0.263566	0.0620155	0	0.0310078	1.50388	0.178295	0.263566	0.0310078	0.0310078	0.0465116	0	0	0	0.0232558	0	0.0930233	1.34109	0.868217	0.0310078	0.0155039	0.00775194	0	0	0.0232558	0.0852713	0	0	0.0232558	0	0.00775194	0	0.0155039	0	0	0.302326	0	0	0	0	0.0852713	0.00775194	0	0.0232558	0.00775194	0	0.100775	0.00775194	0	0.00775194	0.0620155	0.00775194	0.00775194	0.0232558	0.0232558	0	0.0155039	0.00775194	0.00775194	0	0	0	0.0310078	0.0620155	0	0	0.0542636	0	0	0	0.0387597	0.00775194	0.0930233	0	0	0.286822	0.00775194	0	0.00775194	0	0	0	0.0465116	0	0.00775194	0.0155039	0.0232558	0	0	0.00775194	0.217054	0	0.00775194	0	0	0.0387597	0	0	0.124031	0	1.13178	0.0232558	0	0	0	0	0.0232558	0	0	0	0	0.00775194	0	0	0.00775194	0	0	0	0	0.00775194	0.00775194	0	0	0	0	0	0.0232558	0	0.00775194	0.0310078	0.0155039	0	0	0	0	0.131783	0	0.193798	0	0	0.00775194	0	0	0	0.0155039	0.0155039	0	0	0.147287	0.00775194	0	0.00775194	0	0	0.20155	0.317829	0.0310078	0.0387597	0	0	0	0.00775194	0	0	0.0852713	0.00775194	0	0.0232558	0	0	0.0542636	0	0.00775194	0.209302	0	0.00775194	0	0.0232558	0.0155039	0.0387597	0.00775194	0	0.0232558	0	0	0.0310078	0	0.00775194	0	0	0.00775194	0.0232558	0	0	0.00775194	0	0	0.0155039	0	0	0	0.0232558	0	0.00775194	0	0	0	0.0155039	0.0310078	0.0155039	0	0.00775194	0.00775194	0	0	0.00775194	0.0232558	0	0	0.00775194	0.00775194	0	0	0	0.00775194	0	0.0232558	0	0	0	0	0.131783	3.97674	0	1.07752	0.0930233	0.147287	0	0	0.0155039	0.0232558	14.8062	0.100775	0.674419	0	0.0465116	0.0310078	2.20155	0.116279	0	0	0	0	0	0	0	
6.74419	0.0232558	0	0.0155039	0.0465116	0	0.0697674	0.0155039	0	0.0310078	0	0	0.0310078	0.00775194	0.0465116	0.0775194	0.658915	0.0155039	0	0.0155039	0.379845	0.217054	0.116279	0.00775194	0.0310078	0	0	0.0155039	0	0	0	0.0232558	0.44186	0.364341	0.0155039	0	0	0	0	0	0	0	0	0.00775194	0.00775194	0.00775194	0	0.00775194	0.0155039	0	0.27907	0	0	0	0.186047	0	0.0465116	0	0.00775194	1.55814	0	0.0232558	0	0	0.108527	0.00775194	0	0.0542636	0	0.0155039	0.00775194	0	0	0	0	0	0	0	0.0310078	0	0	0.0310078	0	0	0	0.0155039	0.00775194	0	0	0	0	0	0	0	0	0	0.00775194	0.00775194	0	0	0	0.232558	0.0232558	0.0155039	0	0	0.0232558	0.116279	0	0.0155039	0	0.0155039	0.0155039	0	0	0.224806	0.0465116	0	0.0697674	0.0542636	0.00775194	0	0	0	0	0	0.0155039	0.0620155	0	0.0155039	0	0	0	0.0155039	0.0542636	0	0.0620155	0	0	0.0155039	0	0	0.0232558	0	0.00775194	0	0	0	0	0	0	0	0.00775194	0	0	0	0	0	0	0	0	0	0	0.0155039	0	0.00775194	0	0.0155039	0.0387597	0.00775194	0	0	0.0155039	0	0	0	0	0	0	0.0310078	0.0620155	0	0	0	0	0	0	0	0	0	0	0	0.0387597	0.0232558	0	0.0697674	0	0.0387597	0	0	0.0155039	0	0	0	0	0.00775194	0.0310078	0.0697674	0	0	0	0	0	0.00775194	0.0697674	0.0542636	0.0155039	0.00775194	0	0.00775194	0	0	0.0387597	0	0	0	0.0155039	0	0	0	0	0	0	0	0	0.0542636	0	0	0	0	0	0.0310078	0	0	0	0	0.0387597	0.20155	0	0	0	0.00775194	0	0.0232558	0	0	2.77519	0.00775194	0	0	0	0.00775194	0.0852713	0.00775194	0	0	0	0	0	0	0	
2.97674	0.0310078	0	0	0.0620155	0	0.0155039	0	0.00775194	0.00775194	0.0155039	0	0.0620155	0	0.0232558	0.0542636	0.0542636	0.0155039	0	0	0.0155039	0	0.00775194	0	0	0.682171	0	0	0	0	0	0	0.0387597	0.0387597	0	0	0	0.0387597	0	0.0155039	0	0	0	0	0	0.0155039	0	0	0	0	0.00775194	0	0	0	0	0	0	0.00775194	0	1.52713	0	0.00775194	0	0	0.0775194	0	0	0.0232558	0	0	0	0	0	0	0	0	0	0	0.00775194	0	0	0.124031	0	0.0232558	0	0	0	0	0	0	0	0	0	0	0	0	0	0	0	0	0	0.170543	0	0	0.0155039	0	0	0	0	0	0	0	0.0542636	0.0155039	0	0	0.193798	0	0.0232558	0	0	0	0	0	0	0	0	0	0	0.193798	0	0	0	0	0	0	0	0	0	0	0	0.0155039	0	0	0	0	0	0	0	0	0	0.00775194	0	0	0	0	0	0.00775194	0	0	0	0	0.00775194	0.0310078	0.0155039	0	0	0	0	0	0.00775194	0	0	0	0	0	0	0	0	0.00775194	0	0	0	0	0	0	0.00775194	0	0	0	0	0	0.0155039	0	0	0	0	0.00775194	0	0.0697674	0	0	0	0	0	0	0	0.0697674	0	0	0.0155039	0	0	0	0.00775194	0.248062	0	0.00775194	0	0	0	0	0.0155039	0	0	0	0	0	0	0	0	0	0.00775194	0	0	0.0232558	0	0	0	0	0	0	0	0	0	0	0.178295	0.00775194	0	0	0	0	0	0	0	0	0.744186	0	0.00775194	0	0	0	0.100775	0	0	0	0	0	0	0	0	
0	0	0	0.0387597	0	0	0	0	0	0	0	0	0	0	0	0	0.00775194	0	0	0	0	0	0	0	0	0	0	0	0	0	0	0	0	0	0	0	0	0	0	0	0	0	0	0	0	0	0	0	0	0	0	0	0	0	0	0	0	0	0	0	0	0	0	0	0	0	0	0	0	0	0	0	0	0	0	0	0	0	0	0	0	0	0	0	0	0	0	0	0	0	0	0	0	0	0	0	0	0	0	0	0	0	0	0	0	0	0	0	0	0	0	0	0	0	0	0	0	0	0	0	0	0	0	0	0	0	0	0	0	0	0	0	0	0	0	0	0	0	0	0	0	0	0	0	0	0	0	0	0	0	0	0	0	0	0	0	0	0	0	0	0	0.00775194	0	0	0	0	0	0	0	0	0	0	0	0	0	0	0	0	0	0	0	0	0	0	0	0	0	0	0	0	0	0	0	0	0	0	0	0	0	0	0	0	0	0	0	0	0	0	0	0	0	0	0	0	0	0	0	0	0	0	0	0	0	0	0	0	0	0	0	0	0	0	0	0	0	0	0	0	0	0.0155039	0	0	0	0	0	0	0	0	0	0	0	0	0	0	0	0	0	0	0	0	0	0	0	0	0	0	0	0	0	0	0	
0	0	0	0	0	0	0	0	0	0	0	0	0	0	0	0	0	0	0	0	0	0	0	0	0	0	0	0	0	0	0	0	0	0	0	0	0	0	0	0	0	0	0	0	0	0	0	0	0	0	0	0	0	0	0	0	0	0	0	0	0	0	0	0	0	0	0	0	0	0	0	0	0	0	0	0	0	0	0	0	0	0	0	0	0	0	0	0	0	0	0	0	0	0	0	0	0	0	0	0	0	0	0	0	0	0	0	0	0	0	0	0	0	0	0	0	0	0	0	0	0	0	0	0	0	0	0	0	0	0	0	0	0	0	0	0	0	0	0	0	0	0	0	0	0	0	0	0	0	0	0	0	0	0	0	0	0	0	0	0	0	0	0	0	0	0	0	0	0	0	0	0	0	0	0	0	0	0	0	0	0	0	0	0	0	0	0	0	0	0	0	0	0	0	0	0	0	0	0	0	0	0	0	0	0	0	0	0	0	0	0	0	0	0	0	0	0	0	0	0	0	0	0	0	0	0	0	0	0	0	0	0	0	0	0	0	0	0	0	0	0	0	0	0	0	0	0	0	0	0	0	0	0	0	0	0	0	0	0	0	0	0	0	0	0	0	0	0	0	0	0	
5.65891	0.0155039	0	0.984496	0	0	0.0310078	0.124031	0	0.0232558	0.0387597	0	0.0387597	0	0	0	0.20155	0	0	0.0155039	0.00775194	0	0	0	0	0.00775194	0	0.0155039	0	0	0	0	0.00775194	0	0	0	0	0	0	0	0	0	0	0.00775194	0	0.00775194	0	0.0232558	0	0	0.00775194	0	0	0.0542636	0	0.0620155	0.0930233	0	0	0.341085	0	0	0	0	0	0.496124	0	0.00775194	0.0930233	0.00775194	0	0	0	0	0	0	0	0	0	0	0	0.00775194	0	0	0	0	0.0232558	0	0	0	0.00775194	0	0	0	0	0	0	0.0465116	0	0	0	0.00775194	0	0	0	0.124031	0	0	0	0	0	0.00775194	0	0	0	0	0	0	0	0	0	0.0310078	0	0	0	0	0	0	0.0155039	0.00775194	0	0	0	0	0.24031	0	0	0	0	0	0	0.00775194	0	0.0155039	0	0	0	0	0	0.00775194	0.0155039	0	0	0	0	0	0.00775194	0	0	0	0	0	0	0.0775194	0	0	0	0	0.162791	0.0232558	0	0	0.00775194	0	0	0	0	0	0	0	0	0	0	0	0	0	0	0	0	0	0	0	0.00775194	0	0	0	0	0.0310078	0	0	0	0	0	0	0	0	0	0	0	0	0	0	0	0	0	0	0	0.0387597	0	0	0	0	0	0	0	0	0	0	0	0	0	0.0387597	0	0	0	0.00775194	0	0	0	0.00775194	0	0	0	0	0	0	0.00775194	0.193798	0	0.0155039	0	0.0155039	0	0	0	0.0155039	0.100775	0	0	0	0	0	0	0.00775194	0	0	0	0	0	0	0	
23.2481	2.05426	0	0.00775194	0.00775194	0.00775194	0.124031	0.674419	0	0.604651	0.0465116	0	0.0155039	1.11628	0.00775194	1.36434	2.02326	0.356589	1.92248	0.100775	1.05426	0.488372	0.131783	1.15504	0	0.325581	0	0	0.00775194	0	0	0.170543	1.21705	0.674419	0.0155039	0	0	0	0	1.17829	0.00775194	0.00775194	0	0	0	0.0155039	0	0.0155039	0	0	0.255814	0	0.511628	0	0.0232558	0.0155039	0.0232558	0.00775194	0.224806	0	0	0.24031	0	0	0	0.0465116	0	0.0465116	0.00775194	1.16279	0.0232558	0.00775194	0	0.00775194	0	0	0.0155039	0.0620155	1.65116	0	0.00775194	0.325581	0	0.00775194	0	0.0775194	0.00775194	0	0	0	0.0155039	0.0232558	0.0465116	0.0620155	0	0	0.00775194	0.116279	0	0	0.0387597	0.00775194	0	0	0.00775194	0.108527	0.00775194	0.0930233	0	0	0.00775194	0	0	0.0232558	0	0.852713	0.00775194	0	0.0387597	0	0	0	0	0	0	0	0	0	0	0.0387597	0.620155	0.0155039	0.0697674	0.00775194	0.186047	0	0.00775194	0	0	0.418605	0	0.00775194	0.00775194	0	1.72868	0	0.00775194	0.00775194	0.0697674	0	0.0155039	0	0.0232558	0	0	0	0	0	0	0.0155039	0	0	0	0	0.00775194	0.0542636	0	0	0.829457	0.0775194	0.0232558	0.00775194	0.0387597	0.00775194	0	0	1.11628	0	0	0.124031	0	0.0232558	0	0	0.0155039	0	0	0	0.00775194	0	0.0232558	0	0.00775194	0	0	0.341085	0	0.0387597	0	0.0232558	0.0155039	0.410853	0.403101	0	0	0.0775194	0.139535	0.0155039	0	0	0	0	0	0	0	0	0.00775194	0	0.488372	0.0310078	0	0	0.0775194	0	0.0542636	0	0.0232558	0.00775194	0	0	0.465116	0.0232558	0.139535	0.0232558	0.00775194	0.0232558	0	0.0852713	0.0542636	0	0	0	0	0	0.00775194	0	0	0.868217	0	0	0	0	0	0	0	0	8.31008	0.00775194	0.0232558	0	0.00775194	0.0155039	0.116279	0.00775194	0	0	0	0	0	0	0	
5.52713	0.00775194	0	0	0.0542636	0	0.108527	0	0.00775194	0.209302	0.20155	0	0.186047	0.00775194	0.00775194	0.410853	1.23256	0.0155039	0	0.0620155	0.248062	0.131783	0.0697674	0	0.00775194	0.108527	0	0.0697674	0	0	0	0.00775194	0.348837	0.100775	0.00775194	0	0	0	0.00775194	0.00775194	0	0	0	0	0.00775194	0.0542636	0	0	0	0.0232558	0.209302	0	0	0	0.0620155	0.00775194	0.00775194	0	0	1.4186	0	0.0310078	0	0	0.0387597	0.0387597	0	0.00775194	0.0232558	0.100775	0.0155039	0	0	0	0	0	0	0.00775194	0.0310078	0	0	0	0	0.00775194	0	0.0387597	0	0	0	0	0	0	0	0	0	0	0	0	0.0155039	0	0	0.0697674	0	0	0	0	0	0	0	0	0	0.0232558	0.00775194	0.00775194	0	0.155039	0.209302	0	0.0465116	0	0	0	0.0232558	0	0	0	0	0.0232558	0	0	0.0155039	0	0	0	0.0310078	0.00775194	0.0620155	0	0	0	0	0.116279	0.00775194	0	0.0232558	0	0.0155039	0	0	0	0	0	0	0	0	0	0	0	0	0	0	0	0.0465116	0.0310078	0.00775194	0	0	0	0.217054	0	0	0	0.124031	0	0	0	0	0	0	0.0465116	0	0	0	0	0.00775194	0	0	0	0	0	0.00775194	0	0.0232558	0.170543	0.0155039	0	0.0232558	0.100775	0	0.0387597	0	0	0	0.0155039	0	0	0.0232558	0.0465116	0	0.00775194	0	0	0	0.0232558	0	0.0232558	0.0155039	0	0	0.00775194	0	0	0.0310078	0	0.0310078	0	0	0	0	0	0	0	0	0	0.0155039	0.0387597	0	0	0	0	0	0	0	0	0	0	0.0232558	0.356589	0	0	0	0.186047	0	0	0	0	2.06977	0	0	0	0	0	0.0852713	0.00775194	0	0	0	0	0	0	0	
3.75194	0.00775194	0	0	0	0	0.00775194	0.00775194	0	0.0155039	0	0	0.0387597	0	0.0155039	0.0155039	0.333333	0	0	0.00775194	0.0542636	0.0310078	0.217054	0.0155039	0	0.0155039	0	0.0232558	0	0	0	0.418605	0.0387597	0.0465116	0	0	0	0.0387597	0.0232558	0.0232558	0	0.00775194	0	0	0.108527	0	0	0	0	0.294574	0.0387597	0	0	0.00775194	0.0155039	0.0310078	0.0155039	0.27907	0	0.155039	0	0	0	0	0	0	0	0.0465116	0.00775194	0	0.348837	0	0	0	0	0	0	0.00775194	0.00775194	0	0	0	0	0.511628	0	0.108527	0.0232558	0	0	0	0	0	0	0	0	0	0	0	0.325581	0.0155039	0	0.0852713	0	0	0.00775194	0	0	0	0	0	0.0930233	0.00775194	0	0.0155039	0	0.0155039	0.0232558	0	0.116279	0	0	0	0.0155039	0	0	0.00775194	0	0	0	0.0232558	0	0	0.0930233	0.0155039	0.00775194	0.0542636	0.0387597	0	0	0	0	0.0852713	0.00775194	0	0.0387597	0	0.24031	0	0.00775194	0	0.00775194	0	0	0	0	0	0	0.00775194	0	0	0	0	0	0	0	0.527132	0	0	0	0	0.0465116	0	0.162791	0.387597	0	0	0	0	0	0.0387597	0	0	0	0	0	0	0	0	0	0	0.0310078	0	0	0.0310078	0.255814	0	0.0232558	0.0310078	0	0.0155039	0	0	0	0	0	0.0232558	0	0	0.00775194	0	0	0	0	0.00775194	0.00775194	0	0	0.00775194	0.00775194	0	0	0	0	0	0.00775194	0	0.186047	0	0	0.00775194	0	0	0	0	0	0	0	0	0	0	0	0	0	0	0	0	0	0.00775194	0	0	0	0.0155039	0	0	0	0	1.0155	0	0.0542636	0	0	0	0.0775194	0.00775194	0	0	0	0	0	0	0	
7.4031	0.00775194	0	0	0	0	0.0232558	0.0542636	0	0	0.00775194	0	0.139535	0	0.0465116	0.434109	0.224806	0.00775194	0	0.131783	0.635659	0	0.0465116	0.0387597	0.00775194	0	0	0.193798	0	0	0	0.0155039	0.0232558	0	0.00775194	0.0542636	0	0	0.00775194	1.16279	0.0465116	0	0	0.00775194	0	0.0155039	0	0	0.00775194	0	0	0	0	0	0	0.0155039	0	0.00775194	0.00775194	0.131783	0.00775194	0	0	0	0.00775194	0.0155039	0	0	0	0.310078	0	0	0	0.00775194	0	0	0	0	0.0155039	0	0	0.0620155	0	0	0	0.00775194	0	0	0.00775194	0	0.0310078	0.0155039	0	0	0	0	0	0.0620155	0	0	0.0542636	0.0155039	0.0155039	0	0.00775194	0	0	0	0	0	0	0.00775194	0	0	0	1.3876	0	0	0.395349	0.0232558	0	0	0.0620155	0	0	0	0	0	0	0.0155039	0	0.0930233	0	0	0.00775194	0	0	0.00775194	0	0	0	0	0	0.0232558	0.0465116	0.00775194	0	0	0	0	0.0155039	0	0	0	0	0	0	0	0	0	0	0	0	0.0155039	0	0	0	0	0.333333	0.0465116	0	0	0.00775194	0.00775194	0	0	0	0	0	0.0232558	0	0	0	0	0	0	0	0	0	0	0	0	0	0	0	0	0	0.0465116	0	0.00775194	0.00775194	0	0	0	0.00775194	0	0.00775194	0	0	0	0	0	0	0.00775194	0	0	0	0	0	0.0232558	0	0	0.0232558	0	0	0	0.0155039	0	0.0232558	0	0	0.0155039	0.0620155	0.0232558	0.55814	0.162791	0	0.0542636	0	0	0	0	0	0	0	0	0.224806	0.0852713	0	0	0	0.00775194	0	0.00775194	0	0.0620155	0.0775194	0	0	0	0.00775194	0	0.100775	0.00775194	0	0	0	0	0	0	0	
9.06202	0	0	6.44186	0	0	0.96124	0.0542636	0	0.0232558	0.0155039	0	0.00775194	0.0310078	0.0232558	0.0620155	1.55039	0.0155039	0	0.124031	0.232558	0.0310078	0.00775194	0.100775	0.0232558	0	0	0.20155	0	0	0	0	0.00775194	0	0	0	0	0	0	0	0.00775194	0	0	0.255814	0.00775194	0	0	0.751938	0	0	0.286822	0	0	0.736434	0	0	0.100775	0	0.0155039	2.03101	0.0232558	0.0930233	0	0.00775194	0.0232558	0.170543	0	0.0155039	0.0155039	0.372093	0	0	0	0.0310078	0	0	0	0	0.0155039	0	0	0.0155039	0	0	0	0.0310078	0.147287	0	0	0	0.0542636	0.0465116	0	0	0	0	0	0.00775194	0.00775194	0.0155039	0	0.00775194	0	0.0155039	0	0.155039	0.00775194	0	0	0	0	0.0155039	0	0	0	0.0155039	0.0697674	0	0	0	0	0.0465116	0.0232558	0	0	0	0	0	0.0310078	0.0155039	0	0.0310078	0	0.0387597	0.0930233	0	0.0310078	0	0	0	0	0.0155039	0	0.0697674	0.565891	0	0	0	0	0.0310078	0	0	0.0232558	0	0	0	0.124031	0	0.00775194	0.0310078	0	0	0.00775194	0.0542636	0	0.0155039	0.0232558	0.0310078	0.0387597	0.108527	0	0	0.0232558	0	0	0	0.00775194	0	0	0.0697674	0.0387597	0	0	0	0	0	0	0.0465116	0	0	0.00775194	0	0	0	0	0	0	0.0620155	0.0387597	0	0	0.0697674	0.0852713	0	0.0620155	0	0.0155039	0.00775194	0	0	0	0	0.232558	0.00775194	0	0.0155039	0.00775194	0	0	0.00775194	0	0	0.124031	0	0.108527	0	0	0	0	0	0	0	0.116279	0.0310078	0	0.0387597	0	0.0155039	0	0	0	0	0	0	0	0	0.0155039	0.465116	0	0	0	0.139535	0	0	0.0465116	0	0.75969	0	0.472868	0	0	0	0.0310078	0	0	0	0	0	0	0	0	
12.4961	1.63566	0	0	0	0	0.108527	0.0310078	0.00775194	0.0310078	0.0465116	0	0	0	0.0155039	0.186047	0.286822	0.00775194	0.116279	0.0387597	0.984496	0.124031	0.0542636	0.883721	0.0310078	0.263566	0	0.0310078	0	0	0	0	0.488372	0.341085	0.271318	0	0.0620155	0	0	0.410853	0	0	0	0	0.00775194	0.00775194	0	0.116279	0	0	0.0852713	0	0.0465116	0	0.0232558	0.0775194	0.0387597	0	0	0.00775194	0	0.333333	0.0155039	0	0.0155039	0.0155039	0	0.503876	0.00775194	0.0387597	0	0	0	0.00775194	0	0	0	0.0465116	1.29457	0	0	0	0	0	0	0.00775194	0	0	0.0852713	0	0.00775194	0.364341	0.0620155	0	0	0	0	0.00775194	0	0.00775194	0.0387597	0.0155039	0.00775194	0.00775194	0	0	0	0.124031	0.00775194	0	0	0	0.00775194	0.0930233	0	0.511628	0.00775194	0	0	0	0	0	0	0.00775194	0	0	0	0	0	0.0155039	0.364341	0.00775194	0	0	0.0697674	0.00775194	0	0	0	0	0	0.0542636	0	0	2.20155	0	0	0	0	0	0.302326	0.0155039	0.124031	0.0852713	0	0	0	0	0	0.0620155	0	0	0.0232558	0.0232558	0	0	0	0	0.0155039	0.0542636	0	0.0155039	0.0232558	0	0	0	0.193798	0	0.00775194	0.0852713	0	0	0.00775194	0	0.147287	0.0310078	0.0155039	0.147287	0	0	0	0	0.0232558	0	0.00775194	0.100775	0	0.0620155	0.00775194	0.00775194	0.0232558	0.108527	0.209302	0	0	0.0930233	0.193798	0.0155039	0	0	0	0	0.0155039	0.379845	0	0.0155039	0.00775194	0	0	0.00775194	0	0	0.0155039	0	0.139535	0	0.00775194	0.0775194	0	0	0.395349	0	0.00775194	0	0.00775194	0.0465116	0	0	0	0	0	0	0	0	0.00775194	0	0.0310078	0.286822	0	0.00775194	0	0.0697674	0	0.0155039	0	0.0387597	10.9845	0.0232558	0.178295	0	0	0	0.20155	0.00775194	0	0	0	0	0	0	0	
3.52713	0	0	0	0	0	0.0232558	0	0	0	0.0697674	0	0	0	0	0	0	0	0	0	0.0620155	0	0.0155039	0.0232558	0.00775194	0	0	0.0155039	0	0	0	0	0	0	0	0	0	0	0	0.0232558	0	0	0	0	0	0	0	0	0	0	0	0	0	0	0	0	0	0	0	0.00775194	0	0.00775194	0	0	0	0.00775194	0	0.0155039	0	0.00775194	0	0	0	0	0	0	0	0	0	0	0	0.00775194	0	0	0	0	0	0	0	0	0	0.00775194	0	0	0	0	0	0	0	0	0	0	0	0	0	0	0	0	0	0	0	0	0	0	0	0.0155039	0	0	0	0	0	0	0.00775194	0	0	0	0.00775194	0	0.0232558	0	0	0	0	0	0	0	0	0	0	0	0	0.00775194	0	0	0.00775194	0	0	0	0	0	0.0232558	0	0	0	0	0	0	0	0	0	0	0	0	0.0310078	0	0	0	0.00775194	0	0	0	0.00775194	0	0.00775194	0	0	0	0	0	0	0	0	0	0	0	0	0	0	0	0	0	0	0	0	0	0	0	0	0	0	0	0	0	0	0	0	0	0.116279	0	0	0	0	0	0	0	0	0	0	0	0	0	0	0.0155039	0	0	0	0	0	0	0	0	0	0	0.00775194	0	0	0	0	0	0	0	0	0	0	0	0	0	0.0232558	0	0	0	0	0	0	0	0	0.0697674	0	0.00775194	0	0.00775194	0	0.0310078	0.0232558	0	0	0	0	0	0	0	
0	0	0	0	0	0	0	0	0	0	0	0	0	0	0	0	0	0	0.0232558	0	0	0	0	0.00775194	0	0	0	0	0	0	0	0	0	0	0	0	0	0	0	0	0	0	0	0	0	0	0	0	0	0	0	0	0	0	0	0	0	0	0	0	0	0	0	0	0	0	0	0	0	0	0	0	0	0	0	0	0	0	0	0	0	0	0	0	0	0	0	0	0	0	0	0	0	0	0	0	0	0	0	0	0	0	0	0	0	0	0	0	0	0	0	0	0	0	0	0	0	0	0	0	0	0	0	0	0	0	0	0	0	0	0	0	0	0	0	0	0	0	0	0	0	0	0	0	0	0	0	0	0	0	0	0	0	0	0	0	0	0	0	0	0	0	0	0	0	0	0	0	0	0.00775194	0	0	0	0	0	0	0	0	0	0	0	0.0387597	0	0	0	0	0	0	0	0	0	0	0	0	0	0	0	0	0	0	0	0	0	0	0	0	0	0	0	0	0	0	0	0	0	0	0	0	0	0	0	0	0	0	0	0	0	0	0	0	0	0	0	0	0	0	0	0	0	0	0	0	0	0	0	0	0	0	0	0	0	0	0	0	0	0	0	0	0	0	0	0	0	0	0	0	0	0	0	0	0	
0.868217	0	0	0	0.00775194	0	0.48062	0	0	0.00775194	0	0	0	0	0.0542636	0.00775194	0.224806	0	0	0	0.00775194	0	0.0232558	0	0.00775194	0	0	0	0	0	0	0	0	0	0	0	0	0	0	0	0	0	0	0	0	0	0	0.0620155	0.0155039	0	0.0155039	0	0	0.00775194	0.00775194	0	0.00775194	0	0	0.271318	0	0	0	0	0	0	0	0.00775194	0	0	0	0	0	0	0	0	0	0.00775194	0	0	0	0	0	0	0	0.00775194	0	0	0	0	0	0.00775194	0	0	0	0	0	0	0.00775194	0	0	0.0310078	0	0.0697674	0	0.00775194	0.00775194	0	0	0	0	0	0.0155039	0	0	0	0.0387597	0.00775194	0.0310078	0	0	0.00775194	0.100775	0	0	0	0	0	0	0	0	0	0	0	0	0	0	0	0	0	0	0.00775194	0.00775194	0	0.0852713	0	0	0	0.00775194	0	0	0	0.0387597	0	0	0	0.0155039	0	0	0.0465116	0	0	0	0	0	0	0	0	0	0	0	0	0.0232558	0.0465116	0	0	0	0	0	0.0620155	0	0	0	0	0	0	0	0.0155039	0	0	0.0542636	0	0.00775194	0.00775194	0	0	0	0.00775194	0.00775194	0.0155039	0	0	0	0	0	0	0.0155039	0	0.0155039	0	0	0	0	0	0	0	0	0.0155039	0	0	0	0	0	0	0	0	0.00775194	0	0	0	0	0	0	0	0.00775194	0	0	0	0	0	0	0	0	0	0	0	0	0	0	0	0	0	0	0	0	0	0	0	0	0	0	0	0.00775194	0	0	0	0	0	0	0	0	
6.32558	0.0155039	0	0.00775194	0	0	0	0.0232558	0	0.00775194	0.0232558	0	0.00775194	0	0	0.00775194	0	0	0	0	0	0	0	0.224806	0	0	0	0.00775194	0	0	0	0	0.00775194	0.00775194	0	0	0	0	0	0.0465116	0	0.0542636	0	0	0	0	0	0	0	0	0	0	0	0	0	0	0	0	0	0.00775194	0	0	0	0	0	0	0	0.00775194	0	0	0	0	0	0	0	0	0	0.0155039	0	0	0	0	0	0	0	0	0	0	0	0	0	0	0	0	0	0	0	0	0.0387597	0	0	0.0387597	0	0	0	0.124031	0	0	0	0	0	0	0	0	0	0.00775194	0	0	0	0	0	0	0	0	0	0	0	0	0	0	0.00775194	0	0	0	0	0	0	0	0	0	0	0	0	0	0	0	0	0	0.0232558	0	0	0	0.00775194	0	0.00775194	0	0	0	0	0	0	0.00775194	0	0	0	0	0	0	0.00775194	0.00775194	0	0.0155039	0	0	0	0	0	0	0	0.0155039	0	0	0	0	0	0	0	0	0	0	0	0	0	0	0.00775194	0	0	0	0	0	0	0	0	0	0	0	0.0232558	0.0310078	0	0	0	0	0	0	0	0.00775194	0.00775194	0.00775194	0.00775194	0.0155039	0	0	0	0	0	0	0	0	0	0	0	0	0	0	0	0.00775194	0	0	0	0	0	0	0	0	0	0	0.00775194	0.0232558	0	0.00775194	0	0.0232558	0	0	0	0	0.00775194	0	0	0	0	0	0.0310078	0	0	0	0	0	0	0	0	
0	0	0	0	0	0	0	0.131783	0	0.00775194	0	0	0.0155039	0.0155039	0	0	0.0310078	0	0	0.0155039	0	0	0	0	0	0	0	0	0	0	0	0	0	0	0	0	0	0	0	0	0	0	0	0	0	0	0	0	0	0	0	0	0	0	0	0	0	0	0	0	0	0	0	0	0	0	0	0	0	0.0155039	0	0	0	0	0	0	0	0	0	0	0	0	0	0	0	0	0	0	0	0	0.00775194	0	0	0.0232558	0	0	0	0	0	0	0	0	0	0	0	0	0	0	0	0	0	0	0	0	0	0	0	0	0	0	0	0	0	0	0	0	0	0	0	0	0.00775194	0	0	0	0	0	0	0	0	0.410853	0	0	0	0	0	0.147287	0	0	0	0	0	0	0	0	0	0	0	0	0	0	0	0	0	0	0	0	0	0	0	0	0	0	0	0	0	0	0.0155039	0	0	0	0	0	0	0	0.0155039	0	0	0	0	0	0	0	0	0	0	0	0	0	0	0	0	0	0	0	0	0	0	0	0	0	0	0	0	0	0	0.00775194	0	0	0	0	0	0	0	0	0	0	0	0	0	0	0	0	0	0	0	0	0	0	0	0	0	0	0	0	0	0	0	0.00775194	0	0	0	0	0	0	0	0	0	0	0	0	0	0	0	0	0	0	0	0	0	0	0	
7.73643	0	0	0	0	0	0.0232558	0.0310078	0	0	0.00775194	0	0	0	0	0.178295	0.0775194	0	0	0	1.07752	0.263566	0	0.24031	0.0155039	0.00775194	0	0	0	0	0	0	0.00775194	0	0.0155039	0	0	0	0	0.96124	0	0	0	0	0	0	0	0	0	0	0	0	0	0	0	0	0	0	0.00775194	0	0	0.0155039	0	0	0	0.00775194	0	0	0.00775194	0.0310078	0	0	0	0	0	0.0155039	0	0	0	0.0155039	0	0.0232558	0	0	0	0	0	0	0.00775194	0	0	0.00775194	0	0	0	0	0	0.0310078	0	0.0155039	0.0155039	0	0.0155039	0.00775194	0	0.0310078	0	0	0	0	0	0	0	0	0	0.674419	0	0	0	0.0387597	0	0	0	0	0	0	0.0155039	0	0	0.0852713	0	0	0	0.00775194	0	0	0.00775194	0	0	0	0	0	0	0	0	0	0	0	0	0	0	0	0	0	0.00775194	0	0	0	0	0	0	0	0	0	0	0	0	0	0	0	0	0	0.0155039	0	0	0	0	0	0	0.0232558	0	0	0	0	0	0.00775194	0	0.00775194	0	0	0	0	0.0465116	0.0155039	0	0	0	0.0852713	0.0155039	0.0155039	0.00775194	0	0	0	0	0	0	0	0.00775194	0	0	0	0	0.0155039	0	0.0155039	0	0.00775194	0.00775194	0	0	0	0	0	0	0	0	0	0	0	0	0	0	0.193798	0.0155039	0.00775194	0	0	0	0	0.00775194	0	0	0	0	0	0.0310078	0.0155039	0	0	0	0	0	0	0	0	0.170543	0.0232558	0.00775194	0	0	0	0.193798	0	0	0	0	0	0	0	0	
0	0	0	0	0	0	0	0	0	0	0	0	0	0	0	0	0	0	0	0	0	0	0	0	0	0	0	0	0	0	0	0	0	0	0	0	0	0	0	0	0	0	0	0	0	0	0	0	0	0	0	0	0	0	0	0	0	0	0	0	0	0	0	0	0	0	0	0	0	0	0	0	0	0	0	0	0	0	0	0	0	0	0	0	0	0	0	0	0	0	0	0	0	0	0	0	0	0	0	0	0	0	0	0	0	0	0	0	0	0	0	0	0	0	0	0	0	0	0	0	0	0	0	0	0	0	0	0	0	0	0	0	0	0	0	0	0	0	0	0	0	0	0	0	0	0	0	0	0	0	0	0	0	0	0	0	0	0	0	0	0	0	0	0	0	0	0	0	0	0	0	0	0	0	0	0	0	0	0	0	0	0	0	0	0	0	0	0	0	0	0	0	0	0	0	0	0	0	0	0	0	0	0	0	0	0	0	0	0	0	0	0	0	0	0	0	0	0	0	0	0	0	0	0	0	0	0	0	0	0	0	0	0	0	0	0	0	0	0	0	0	0	0	0	0	0	0	0	0	0	0	0	0	0	0	0	0	0	0	0	0	0	0	0	0	0	0	0	0	0	0	
3.94574	0.108527	0	0.0155039	0.0620155	0	0.131783	0	0.00775194	0.108527	0	0	0	0.00775194	0.0852713	0.364341	0.697674	0	0	0.00775194	0.379845	0.0387597	0.0232558	0.0620155	0	0	0	0.0155039	0	0	0	0	0.27907	0.0542636	0	0	0	0	0.00775194	0.00775194	0	0	0	0.0232558	0	0.0155039	0	0	0	0	0.20155	0	0	0	0.186047	0.00775194	0.186047	0	0.0232558	0.844961	0	0.0542636	0	0.00775194	0.0852713	0	0	0.00775194	0.0310078	0.100775	0	0	0	0	0	0	0	0.0155039	0.00775194	0	0	0	0.0155039	0.00775194	0	0.0852713	0	0	0	0	0	0.0310078	0	0	0	0	0	0	0	0	0.0155039	0.0697674	0	0	0	0.00775194	0.0620155	0	0	0	0	0.0232558	0.0542636	0	0	0.449612	0.155039	0	0.116279	0	0	0	0	0	0	0	0	0	0.00775194	0.0155039	0.00775194	0.0155039	0	0.0232558	0	0	0.0155039	0	0	0.00775194	0	0	0.0775194	0	0.0155039	0	0.00775194	0	0	0	0	0	0.0930233	0	0	0	0	0	0	0.00775194	0	0	0	0	0	0	0	0	0.0387597	0.0310078	0	0.0155039	0	0	0	0	0	0	0	0.0155039	0	0	0	0	0	0	0	0	0	0	0	0	0.0775194	0.0620155	0.0465116	0	0	0.0387597	0	0	0.0155039	0.00775194	0	0	0	0	0.0310078	0	0.0155039	0	0	0	0	0	0.0155039	0.0620155	0.00775194	0	0	0	0	0	0.0155039	0	0	0	0	0	0	0	0	0.00775194	0	0	0.00775194	0.0465116	0	0.0155039	0	0	0	0	0	0	0	0	0	0.0310078	0	0	0	0.00775194	0	0	0	0.00775194	1.67442	0.00775194	0.00775194	0	0	0	0.0852713	0	0	0	0	0	0	0	0	
0.945736	0.0697674	0	0	0	0	0.00775194	0.0232558	0	0.00775194	0	0	0	0	0	0	0	0.0465116	0	0.00775194	0.00775194	0	0.00775194	0.00775194	0	1.15504	0	0.00775194	0	0	0	0	0	0	0.0542636	0	0.00775194	0.00775194	0	0	0	0	0	0	0	0	0	0.00775194	0	0	0.0232558	0	0	0	0	0	0	0	0	0	0	0	0	0	0	0	0	0.162791	0	0	0	0.00775194	0	0	0	0	0	0	0	0	0	0	0	0	0	0	0	0	0	0	0	0	0	0	0	0	0	0.0232558	0	0	0	0	0	0	0	0	0	0.0155039	0	0	0.0155039	0	0	0.0155039	0	0.00775194	0	0	0	0	0	0	0	0.00775194	0	0	0.00775194	0	0	0	0	0	0	0	0	0	0	0	0	0	0	0	0	0	0	0.0155039	0	0	0	0	0	0	0	0	0	0.44186	0	0	0	0	0	0	0	0	0.0232558	0	0	0	0.0310078	0	0	0	0	0	0	0	0.00775194	0	0	0	0	0	0	0	0	0	0	0	0	0	0	0	0	0	0	0	0	0.0232558	0	0.0387597	0	0	0	0	0	0	0	0	0	0	0	0	0	0	0	0	0	0	0	0	0	0	0.00775194	0	0	0	0	0	0	0	0.0310078	0	0	0	0	0	0	0	0	0	0	0	0	0	0	0	0	0.271318	0	0	0	0.155039	0	0	0	0	0.286822	0	0	0	0	0	0.00775194	0.00775194	0	0	0	0	0	0	0	
0	0	0	0	0	0	0	0	0	0	0	0	0	0	0	0	0	0	0	0	0	0	0	0	0	0	0	0	0	0	0	0	0	0	0	0.0232558	0	0	0	0	0	0	0	0	0	0	0	0	0	0	0	0	0	0	0	0	0	0	0	0	0	0	0	0	0	0	0	0	0	0	0	0	0	0	0	0	0	0	0	0	0	0	0	0	0	0	0	0	0	0	0	0	0	0	0	0	0	0	0	0	0	0	0	0	0	0	0	0	0	0	0	0	0	0	0	0	0	0	0	0	0	0	0	0	0	0	0	0	0	0	0	0	0	0	0	0	0	0	0	0	0	0	0	0	0	0	0	0	0	0	0	0	0	0	0	0	0	0	0	0	0	0	0	0	0	0	0	0	0	0	0	0	0	0	0	0	0	0	0	0	0	0	0	0	0	0	0	0	0	0	0	0	0	0	0	0	0	0	0	0	0	0	0	0	0	0	0	0	0	0	0	0	0	0	0	0	0	0	0	0	0	0	0	0	0	0	0	0	0	0	0	0	0	0	0.100775	0.0155039	0	0	0	0	0	0	0	0	0	0	0	0	0	0	0	0	0	0	0	0	0	0	0	0	0	0	0	0	0	0	0	0	0	0	0	
0	0	0	0	0	0	0	0	0	0	0	0	0	0	0	0	0	0	0	0	0	0	0	0	0	0.00775194	0	0	0	0	0	0	0	0	0	0	0	0	0	0	0	0	0	0	0	0	0	0	0	0	0	0	0	0	0	0	0	0	0	0	0	0	0	0	0	0	0	0	0	0	0	0	0	0	0	0	0	0	0	0	0	0	0	0	0	0	0	0	0	0	0	0	0	0	0	0	0	0	0	0	0	0	0	0	0	0	0	0	0	0	0	0	0	0	0	0	0	0	0	0	0	0	0	0	0	0	0	0	0	0	0	0	0	0	0	0	0	0	0	0	0	0	0	0	0	0	0	0	0	0	0	0	0	0	0	0	0	0	0	0	0	0	0	0	0	0	0	0	0	0	0	0	0	0	0	0	0	0	0	0	0	0	0	0	0	0	0	0	0	0	0	0	0	0	0	0	0	0	0	0	0	0	0	0	0	0	0	0	0	0	0	0	0	0	0	0	0	0	0	0	0	0	0	0	0	0	0	0	0	0	0	0	0	0	0	0	0	0	0	0	0	0	0	0	0	0	0	0	0	0	0	0	0	0	0	0	0	0	0	0	0	0	0	0	0	0	0	0	0	0	0	
0.20155	0	0	0	0	0	0.0155039	0	0	0	0	0	0	0	0	0.116279	0.0542636	0	0	0.00775194	0.209302	0.162791	0	0	0	0	0	0	0	0	0	0	0.170543	0.100775	0	0	0	0	0	0.0232558	0	0	0	0	0	0	0	0	0	0	0	0	0	0	0	0	0	0	0	0	0	0.0620155	0	0	0	0	0	0	0	0	0	0	0	0	0	0	0	0	0.00775194	0	0	0	0	0	0	0.00775194	0	0	0	0	0	0.00775194	0	0	0	0	0	0	0	0	0	0	0	0	0	0	0	0.00775194	0	0	0	0	0	0	0	0.108527	0	0	0	0	0	0	0	0	0	0	0	0	0	0	0	0	0	0	0	0	0	0	0	0	0	0	0	0	0	0	0	0	0	0	0	0	0	0	0	0	0	0	0	0.00775194	0	0	0	0.00775194	0	0	0	0	0	0	0	0	0	0	0	0	0	0	0	0.0155039	0	0	0	0	0	0	0	0	0	0	0	0	0.00775194	0	0	0	0	0	0	0	0	0	0	0	0	0	0	0	0	0	0	0	0	0	0	0	0	0	0	0	0	0	0	0	0.00775194	0	0	0	0	0	0	0	0	0	0	0.00775194	0	0	0	0	0	0	0	0	0	0	0	0.00775194	0	0	0	0	0	0	0	0	2.9845	0	0	0	0	0	0.00775194	0	0	0	0	0	0	0	0	
25.1085	0.147287	0.0852713	0.0852713	0.0542636	0.0465116	0.263566	0.217054	0	0.0697674	0.124031	0	0	1.53488	0.0310078	0.286822	0.51938	0.0387597	0.0310078	0.0387597	0.333333	0.0465116	0.232558	0.139535	0.0775194	0.0232558	0	0.0542636	0	0	0.0155039	0.00775194	0.0697674	0.0852713	0	0	0	0	0	0.0310078	0	0	0	0.0387597	0.0155039	0.0387597	0	0.271318	0	0.0387597	0.263566	0	0.00775194	0	0.0232558	0.0155039	0.953488	0.0232558	0	2.49612	0	0.0930233	0	0	0.0232558	0.472868	0	0	0	0.20155	0.00775194	0	0	0.527132	0	0	0	0.0310078	0.0775194	0	0	0.155039	0	0.170543	0	0.00775194	0.186047	0.00775194	0.27907	0	0.426357	0.232558	0	0	0	0	0.0155039	0	0	0	0.0155039	0.100775	0.00775194	0.00775194	0.00775194	0.348837	0	0.00775194	0	0	0.0155039	0.0387597	0.0620155	0.0310078	0	0.108527	0.0387597	0.0232558	0.496124	0	0	0.0155039	0.108527	0	0	0	0.0310078	0	0.387597	0.0930233	0	0.0155039	0	0	0.24031	0	0.0155039	0	0	0	0	0.209302	0	0.317829	1.20155	0.255814	0	0	0	0.0155039	0.0232558	0.00775194	0	0.00775194	0	0	0.0775194	0	0	0.0387597	0.00775194	0.0232558	0	0.0620155	0	0	0	0	0.0465116	0.0465116	0	0	0.0155039	0	0	0	0	0	0	0	0	0	0.00775194	0	0.00775194	0	0	0.20155	0	0	0	0	0	0.0232558	0.116279	0.0155039	0.00775194	0.155039	0	0.116279	0	0.00775194	0.0387597	0	0.0155039	0	0.0930233	0.0310078	0	0	0	0	0.124031	0	0	0.0310078	0.0775194	0.0310078	0.0310078	0.0155039	0	0	0.0387597	0	0.0310078	0	0.0852713	0	0.0232558	0	0.00775194	0	0.0155039	0	0.0465116	0.0387597	0	0.0775194	0	0	0	0.0387597	0	0	0.00775194	0.0310078	0.0232558	0.51938	0	0.00775194	0	0.0852713	0	0.00775194	0	0.0852713	0.635659	0.00775194	0.0387597	0	0.0155039	0	0.0852713	0.00775194	0	0	0	0	0	0	0	
0.992248	0	0	0.00775194	0	0	0	0	0	0	0	0	0	0	0	0	0	0	0	0	0	0	0	0.116279	0	0	0	0.0232558	0	0	0	0	0	0	0	0	0	0	0	0	0	0	0	0	0	0	0	0	0	0	0	0	0	0	0	0	0	0	0	0.0620155	0	0	0	0	0	0	0	0.0155039	0	0	0	0	0	0	0	0	0	0	0	0	0	0	0	0	0	0	0	0	0	0	0	0	0	0	0	0	0	0	0	0	0	0.0155039	0	0	0	0	0	0	0	0	0	0	0	0	0	0	0	0	0	0	0	0	0	0	0	0	0	0	0	0	0	0	0	0	0	0	0	0	0	0	0	0	0	0	0	0	0	0	0	0	0.00775194	0	0	0	0	0	0	0	0	0.00775194	0	0	0	0	0	0	0	0	0	0	0	0	0	0	0	0	0	0	0	0	0	0	0	0	0	0	0	0	0	0	0	0	0	0	0	0	0	0	0	0	0	0	0	0	0	0	0	0	0	0	0	0	0	0	0	0	0	0	0.00775194	0.0155039	0	0	0.0155039	0	0	0	0	0	0	0	0	0	0	0	0	0	0	0	0	0	0	0	0	0	0	0	0	0.0310078	0	0	0	0	0	0	0	0.0232558	0.0310078	0	0	0	0	0	0	0	0	0	0	0	0	0	0	
0.488372	0	0	0	0	0	0	0	0	0.0465116	0	0	0	0	0	0	0	0	0	0	0	0	0	0	0	0	0	0	0	0	0	0	0	0	0	0	0	0	0	0.00775194	0	0	0	0	0	0	0	0	0	0	0	0	0	0	0	0	0	0	0	0	0	0	0	0	0	0	0	0	0	0	0	0	0	0	0	0	0	0	0	0	0	0	0	0	0	0	0	0	0	0	0	0	0	0	0	0	0.00775194	0	0	0	0	0	0	0	0	0	0	0	0	0	0	0	0	0	0	0	0	0	0	0	0	0	0	0	0	0	0	0	0	0	0	0	0	0	0	0	0	0	0	0	0	0	0	0	0	0	0	0	0	0	0	0	0	0	0	0	0	0	0	0	0	0	0	0	0	0	0	0	0	0	0	0	0	0	0	0	0	0	0	0	0	0	0	0	0	0	0	0	0	0	0	0	0	0	0	0	0	0	0	0	0	0	0	0	0	0	0	0	0	0	0	0	0	0	0	0	0	0	0	0.0232558	0	0	0.139535	0	0	0	0	0	0	0	0	0	0.00775194	0	0	0	0	0	0	0	0	0	0	0	0	0	0	0.0310078	0	0	0	0	0	0	0	0	0	0	0	0	0	0	0	0	0	0	0	0	0	0	0	
15.4496	0.0542636	0	0.0620155	0.00775194	0	0.0852713	0.0542636	0.00775194	0.0697674	0.0852713	0	0.100775	0	0	1.7907	0.565891	0	0.00775194	0	0.790698	0	0.00775194	0.263566	0.00775194	0.0155039	0	0.922481	0	0	0	0	0.0852713	0.00775194	0.0155039	0.410853	0	0	0.00775194	1.89147	0	0	0	0	0	0.0387597	0	0.0310078	0	0	0.00775194	0	0	0	0.0155039	0	0.00775194	0	0.00775194	0.193798	0.00775194	0.00775194	0	0	0.00775194	0	0	0.00775194	0	0.147287	0	0	0	0	0	0	0	0	0.0155039	0	0	0.116279	0	0	0	0.00775194	0	0	0	0	0.00775194	0	0.0155039	0	0	0	0	0	0	0	0	0.0155039	0.00775194	0.00775194	0	0.0232558	0	0	0	0	0	0	0	0	0	2.29457	0.00775194	0.0155039	0	0.0155039	0.00775194	0	0.170543	0	0	0	0.0155039	0	0	0.0387597	0	0.162791	0	0	0	0	0	0	0	0	0	0	0	0	0.00775194	0.131783	0	0	0	0	0.0155039	0	0.0387597	0	0.0155039	0	0	0	0	0.0387597	0	0	0	0.0697674	0	0	0	0.00775194	0.410853	0	0	0	0	0	0	0	0	0	0	0.0155039	0	0	0.0155039	0	0	0	0	0.00775194	0	0	0.00775194	0	0.0310078	0.0232558	0.00775194	0.0155039	0	0.116279	0	0	0.00775194	0	0.0542636	0	0	0	0.00775194	0.224806	0	0	0	0	0	0	0	0	0.666667	0	0.0155039	0.0155039	0	0	0.0387597	0	0.00775194	0	0	0.00775194	0	0	0	0	0	0.00775194	0	0.100775	0	0.674419	0	0	0	0	0	0	0	0	0.0465116	0.139535	0	0	0	0	0	0	0	0.00775194	0.542636	0	0.0310078	0	0	0	0.155039	0.0232558	0	0	0	0	0	0	0	
0.0155039	0	0	0	0	0	0	0	0	0	0	0	0	0	0	0	0	0	0	0	0	0.0775194	0	0	0	0	0	0	0	0	0	0	0	0	0	0	0	0	0	0	0	0	0	0	0	0	0	0	0	0	0	0	0	0	0	0	0	0	0	0	0	0.00775194	0	0	0	0	0	0	0	0	0	0	0	0	0	0	0	0	0	0.0310078	0	0	0	0	0	0	0	0	0	0	0	0	0	0	0	0	0	0	0	0	0	0	0	0	0	0	0	0	0	0	0	0	0	0	0	0	0	0	0	0	0	0	0	0	0	0	0	0	0	0	0	0	0	0	0	0	0	0	0	0	0	0	0	0	0	0	0	0	0	0	0	0	0	0	0	0	0	0	0	0	0	0	0	0	0	0	0	0	0	0	0	0	0	0	0	0	0	0	0	0	0	0	0	0	0	0	0	0	0	0	0	0	0	0	0	0	0	0	0.0310078	0	0	0	0	0	0	0	0	0	0	0	0	0	0	0	0	0	0	0	0	0	0	0	0	0	0.00775194	0	0	0	0	0	0	0	0	0	0	0	0	0	0	0	0	0	0	0	0	0	0	0	0	0	0	0	0	0	0	0	0	0.00775194	0.0310078	0	0	0	0.0930233	0	0	0	0	0	0	0	0	
0	0	0	0.0387597	0	0	0	0	0	0	0	0	0	0	0	0	0	0	0	0	0	0	0	0	0	0	0	0	0	0	0	0	0.0155039	0.0232558	0	0	0	0	0	0	0	0	0	0	0	0	0	0	0	0	0	0	0	0	0	0	0	0	0	0	0	0	0	0	0	0	0	0	0	0	0	0	0	0	0	0	0	0	0	0	0	0	0	0	0	0	0	0	0	0	0	0	0	0	0	0	0	0	0	0	0	0	0	0	0	0	0	0	0	0	0	0	0	0	0	0	0	0	0	0	0	0	0	0	0	0	0	0	0	0	0	0	0	0	0	0	0	0	0	0	0	0	0	0	0	0	0	0	0	0	0	0	0	0	0	0	0	0	0	0	0	0	0	0	0	0	0	0	0	0	0	0	0	0	0	0	0	0	0	0	0	0	0	0	0	0	0	0	0	0	0	0	0	0	0	0	0	0	0	0	0	0	0	0	0	0	0	0	0	0	0	0	0	0	0	0	0	0.00775194	0	0	0	0	0	0	0	0	0	0	0	0	0	0	0	0	0	0	0	0.00775194	0	0	0	0	0	0	0	0	0	0	0	0	0	0	0	0	0	0	0.217054	0	0	0	0	0	0	0	0	0	0	0	0	0	0	
3.81395	0.00775194	0	0.108527	0.0232558	0	0.0620155	0.0620155	0	0.0387597	0	0	0.193798	0.0155039	0.00775194	0.511628	0.713178	0	0	0.124031	0.348837	0.0155039	0.155039	0.0387597	0.0930233	0.0387597	0	0.635659	0	0.00775194	0	0	0.00775194	0	0	0	0	0	0	0.248062	0.00775194	0.00775194	0	0.0155039	0	0	0	0	0	0	0.395349	0	0	0.0155039	0.0232558	0.00775194	0.0310078	0	0.0155039	0.0620155	0	0.0465116	0	0	0	0.0310078	0	0.0155039	0	2.16279	0.0155039	0	0	0	0	0	0	0	0.255814	0	0	0.20155	0	0.0775194	0	0.0155039	0.0387597	0	0.131783	0	0.0155039	0.457364	0.00775194	0	0	0	0.0310078	0	0.0232558	0	0.0155039	0.0465116	0	0	0.0310078	0.0232558	0	0	0	0.0852713	0	0	0	0.00775194	0	0.945736	0.00775194	0	0.00775194	0	0	0.108527	0.372093	0	0	0	0.658915	0	0.0620155	0.00775194	0	0.0387597	0.00775194	0	0.658915	0	0.0542636	0	0	0	0	0.00775194	0	0.00775194	0.0155039	0	0	0	0	0	0	0.0310078	0	0	0.00775194	0	0	0	0	0.131783	0	0	0	0	0	0	0	0	0.418605	0.00775194	0.00775194	0.00775194	0.00775194	0	0	0	0.00775194	0	0	0.00775194	0	0	0.00775194	0	0	0	0	0.124031	0.00775194	0	0	0	0.263566	0	0.0310078	0	0	0.0387597	0	0	0.0387597	0	0	0	0.0542636	0	0.0310078	0.00775194	0.0310078	0	0	0	0.0387597	0	0.0232558	0	0.0465116	0	0.0232558	0.00775194	0	0	0.00775194	0	0.0697674	0	0	0	0.0232558	0	0	0	0.00775194	0	0.0697674	0.0852713	0	0	0	0	0	0	0	0	0	0	0	0	0	0	0	0	0	0	0	0.0232558	0.341085	0	0.0775194	0	0	0	0.0387597	0.00775194	0	0	0	0	0	0	0	
0.0465116	0.00775194	0	0	0	0	0	0	0	0	0	0	0	0	0	0	0	0	0.488372	0	0	0	0	0	0	0	0	0	0	0	0	0.108527	0	0	0	0	0	0	0	0.00775194	0	0	0	0	0	0	0	0	0	0	0.0155039	0.00775194	0	0	0	0	0	0	0	0	0	0	0	0	0	0	0	0	0	0	0	0	0	0	0	0	0	0	0.00775194	0	0	0	0	0	0	0	0	0	0	0	0	0	0	0	0	0	0	0	0	0	0	0	0	0	0	0	0	0	0	0	0	0	0	0.0232558	0	0	0	0	0	0	0	0	0	0	0	0	0	0	0	0	0	0	0	0	0	0	0	0	0.0232558	0.00775194	0	0	0	0	0	0	0	0	0	0	0	0	0	0	0	0	0	0	0	0	0	0	0	0	0	0	0	0	0	0.0155039	0.0155039	0	0	0	0	0	0	0	0	0	0	0	0	0	0	0	0	0	0	0	0	0	0	0	0	0	0	0	0	0	0	0	0	0	0	0	0	0	0	0	0	0	0	0	0	0	0	0	0.00775194	0	0	0	0	0	0	0	0	0	0	0	0.0232558	0	0	0	0	0	0	0	0	0	0	0	0	0	0	0	0	0.00775194	0	0	0	0	0	0	0	0	0.0232558	0	0	0	0	0	0	0	0	0	0	0	0	0	0	
0.0930233	0	0	1.55039	0	0	0.255814	0	0.0232558	0	0.0232558	0	0	0	0.0155039	0	0.0542636	0	0	0.00775194	0.00775194	0	0.00775194	0	0	0	0	0	0	0	0	0	0	0.0310078	0	0	0	0	0	0	0	0	0	0.00775194	0	0	0	0	0	0	0.0542636	0	0	0.00775194	0.00775194	0	0.00775194	0.00775194	0	0.116279	0	0	0	0	0.0232558	0.00775194	0	0	0	0	0	0	0	0	0	0	0	0	0	0	0	0	0	0	0.0232558	0.00775194	0.0310078	0	0	0	0	0	0	0	0	0	0	0	0	0	0	0.00775194	0	0.0387597	0	0.139535	0	0	0	0	0	0	0	0	0	0.00775194	0.0542636	0	0	0	0	0.0155039	0	0	0	0	0	0	0	0	0	0	0	0.0542636	0	0	0	0	0	0	0	0	0	0.0155039	0	0	0	0	0	0	0	0	0	0	0	0	0	0	0	0	0	0	0	0	0	0	0.00775194	0	0.0232558	0.00775194	0	0	0.00775194	0	0	0	0	0	0	0	0	0	0	0	0	0	0	0	0	0	0.00775194	0	0	0	0	0	0	0.00775194	0	0	0	0	0	0	0	0	0	0	0	0	0.0310078	0	0	0	0	0	0	0	0	0	0	0	0	0	0	0	0	0	0	0	0	0	0	0	0	0	0	0	0	0	0	0	0	0	0	0	0	0.00775194	0	0	0	0	0	0	0	0	0.170543	0	0	0	0	0	0.20155	0	0	0	0	0	0	0	0	
0.465116	0	0	0	0	0	0	0	0	0	0.0775194	0	0	0	0	0.0387597	0	0	0	0.00775194	0.0232558	0	0.00775194	0	0	0	0	0	0	0.00775194	0	0	0	0	0	0	0	0	0	0.0775194	0	0	0	0	0	0	0	0	0	0	0	0	0	0	0	0	0	0	0	0.0155039	0	0	0	0	0	0	0	0	0	0	0	0	0	0	0	0	0	0	0	0	0	0	0	0	0	0	0	0	0	0	0	0	0	0	0	0	0	0	0	0	0	0.0155039	0	0	0	0	0	0	0	0	0	0	0	0	0	0.0775194	0.0155039	0	0	0.0232558	0	0	0	0	0	0	0	0	0	0	0	0.00775194	0	0	0	0	0	0	0	0	0	0	0	0	0	0	0	0	0	0	0	0	0	0	0.00775194	0	0	0	0	0	0	0	0	0.00775194	0	0	0	0	0	0	0	0	0	0	0	0	0	0	0	0	0	0	0	0	0	0	0	0	0	0	0	0	0	0	0	0	0	0	0	0	0	0	0	0	0	0	0	0	0	0	0	0	0	0	0	0	0	0	0	0.00775194	0	0	0	0	0	0	0	0	0	0	0	0	0	0	0	0	0	0	0	0	0	0.00775194	0	0	0	0	0	0	0	0	0	0	0	0	0	0	0.0465116	0	0	0	0	0	0	0	0	0	0	0	0	0	0	
1.34884	0	0	0	0	0	0.00775194	0	0	0.00775194	0.0542636	0	0	0	0	0.0387597	0.232558	0	0	0	0.0930233	0	0.0620155	0	0	0	0	0	0	0.0155039	0	0	0.0232558	0.0155039	0	0	0	0	0	0.0852713	0	0	0	0	0	0.00775194	0	0.0232558	0	0	0.0387597	0	0	0	0	0	0	0	0	0.0465116	0.00775194	0	0	0	0	0	0	0	0	0	0	0	0	0	0	0	0	0	0	0	0	0.0465116	0	0	0	0	0	0	0	0.00775194	0	0	0	0	0	0	0	0	0	0	0	0.00775194	0	0	0	0	0.00775194	0	0.00775194	0.00775194	0	0	0	0	0	0.255814	0	0	0	0	0	0	0	0	0	0	0	0	0	0	0	0	0	0.00775194	0	0	0.00775194	0	0	0	0	0	0	0	0	0	0.00775194	0	0	0	0	0	0	0	0	0	0	0	0	0	0	0	0	0.00775194	0	0	0	0	0.0387597	0.0852713	0	0	0	0	0	0.0155039	0	0	0	0.0387597	0	0	0	0	0	0	0	0	0	0	0	0	0	0.0155039	0	0	0	0	0	0	0	0	0	0	0	0	0	0	0	0	0	0	0	0	0	0	0	0	0	0	0	0	0	0	0.00775194	0	0	0	0	0	0	0	0.0155039	0	0	0.0465116	0	0.00775194	0	0	0.0155039	0	0.705426	1.16279	0	0.139535	0	0.0155039	0	0.00775194	0	0.00775194	0	0	0	0	0.372093	0.0310078	2.17829	0	0.00775194	0	0.581395	0.0697674	0	0	0	0	0	0	0	
0	0	0	0	0	0	0	0	0	0	0	0	0	0	0	0	0.00775194	0	0	0	0	0	0	0	0	0	0	0	0	0	0	0	0	0	0	0	0	0	0	0	0	0	0	0	0	0	0	0.00775194	0	0	0	0	0	0	0	0	0	0	0	0	0	0	0	0	0	0	0	0	0	0	0	0	0	0	0	0	0	0	0	0	0	0	0	0	0	0	0	0	0	0	0	0	0	0	0	0	0	0	0	0	0	0	0	0	0	0	0	0	0	0	0	0	0	0	0	0	0	0	0	0	0	0	0	0	0	0	0	0	0	0	0	0	0	0	0	0	0	0	0	0	0	0	0	0.00775194	0	0	0	0	0	0	0	0	0	0	0	0	0	0	0	0	0	0	0	0	0	0	0	0	0	0	0	0	0	0	0	0	0	0	0	0	0	0	0	0	0	0	0	0	0	0	0	0	0	0	0	0	0	0	0	0	0	0	0	0	0	0	0	0	0	0	0	0	0	0	0	0	0	0	0	0	0	0	0	0	0	0	0	0	0	0	0	0	0	0	0	0	0	0	0	0	0	0.333333	0	0.426357	0	0.317829	0	0	0	0	0	0	0	0	0	0	0.00775194	0.00775194	0.224806	0	0	0	0.155039	0	0	0	0	0	0	0	0	
0.00775194	0	0	0	0	0	0	0	0	0	0	0	0	0	0	0	0	0	0	0	0	0	0	0	0	0	0	0	0	0	0	0	0	0	0	0	0	0	0	0	0	0	0	0	0	0	0	0	0	0	0	0	0	0	0	0	0	0	0	0	0	0	0	0	0	0	0	0	0	0.00775194	0	0	0	0	0	0	0	0	0	0	0	0	0	0	0	0	0	0	0	0	0	0	0	0	0	0	0	0	0	0	0	0	0	0	0	0	0	0	0	0	0	0	0	0	0	0	0	0	0	0	0	0	0	0	0	0	0	0	0	0	0	0	0	0	0	0	0	0	0	0	0	0	0	0	0	0	0	0	0	0	0	0	0	0	0	0	0	0	0	0	0	0	0	0	0	0	0	0	0	0	0	0	0	0	0	0	0	0	0	0	0	0	0	0	0	0	0	0	0	0	0	0	0	0	0	0	0	0	0	0	0	0	0	0	0	0	0	0	0	0	0	0	0	0	0	0	0	0	0	0	0	0	0	0	0	0	0	0	0	0	0	0	0	0	0	0	0	0	0	0	0	1.4186	0.604651	0	8.27907	0.937984	0	0	0	0	0	0	0	0	0	0	0.00775194	0.0697674	0.976744	0.744186	0	0	5.29457	0	0	0	0	0	0	0	0	
0	0	0	0	0	0	0	0	0	0	0	0	0	0	0	0.00775194	0	0	0	0	0	0	0	0	0	0	0	0	0	0	0	0	0	0	0	0	0	0	0	0	0	0	0	0	0	0	0	0	0	0	0	0	0	0	0	0	0	0	0	0	0	0	0	0	0	0	0	0	0	0	0	0	0	0	0	0	0	0	0	0	0	0	0	0	0	0	0	0	0	0	0	0	0	0	0	0	0	0	0	0	0	0	0	0	0	0	0	0	0	0	0	0	0	0	0	0	0	0	0	0	0	0	0	0	0	0	0	0	0	0	0	0	0	0.00775194	0	0	0	0	0	0	0	0	0	0	0	0	0	0	0	0	0	0	0	0	0	0	0	0	0	0	0	0	0	0	0	0	0	0	0	0	0	0	0	0	0	0	0	0	0	0	0	0	0	0	0	0	0	0	0	0	0	0	0	0	0	0	0	0	0	0	0	0	0	0	0	0	0	0	0	0	0	0	0	0	0	0	0	0	0	0	0	0	0	0	0	0	0	0	0	0	0	0	0	0	0	0	0	0	0	0	0	0	0	0.565891	0	0.0155039	0	0	0	0	0	0	0	0	0	0	0	0	0.0155039	0.162791	0	0	1.62791	0	0	0	0	0	0	0	0	
0.00775194	0	0	0	0	0	0	0	0	0	0	0	0	0	0	0	0	0	0	0	0	0	0	0	0	0	0	0	0	0	0	0	0	0	0	0	0	0	0	0	0	0	0	0	0	0	0	0	0	0	0	0	0	0	0	0	0	0	0	0	0	0	0	0	0	0	0	0	0	0.00775194	0	0	0	0	0	0	0	0	0	0	0	0	0	0	0	0	0	0	0	0	0	0	0	0	0	0	0	0	0	0	0	0	0	0	0	0	0	0	0	0	0	0	0	0	0	0	0	0	0	0	0	0	0	0	0	0	0	0	0	0	0	0	0	0	0	0	0	0	0	0	0	0	0	0	0	0	0	0	0	0	0	0	0	0	0	0	0	0	0	0	0	0	0	0	0	0	0	0	0	0	0	0	0	0	0	0	0	0	0	0	0	0	0	0	0	0	0	0	0	0	0	0	0	0	0	0	0	0	0	0	0	0	0	0	0	0	0	0.00775194	0	0	0	0	0	0	0	0	0	0	0	0	0	0	0	0	0	0	0	0	0	0	0	0	0	0	0	0	0	0	0	0	0	0.0155039	0.0542636	0.178295	0	0	0	0.00775194	0	0	0	0	0	0	0	0	0.0155039	0	0.372093	0	0	0	0.186047	0	0	0	0	0	0	0	0	
3.52713	0.0310078	0	0.00775194	0	0.00775194	0.0232558	0	0.00775194	0.00775194	0.162791	0	0	0	0	0.0465116	0.0387597	0.147287	0	0.00775194	0.24031	0.0155039	0	0.286822	0	0.0232558	0	0	0	0	0	0	1.34109	0.364341	0	0	0.00775194	0	0	0	0	0	0	0	0	0.00775194	0	0	0	0	0.00775194	0	0.00775194	0	0	0	0.0310078	0	0	0.00775194	0	0.0465116	0	0	0	0.0387597	0	0.00775194	0	0	0	0	0	0.00775194	0	0.00775194	0	0	0	0	0	0.00775194	0	0	0	0.0155039	0	0	0	0	0.0697674	0.0155039	0	0	0	0	0	0	0	0.00775194	0	0	0	0	0	0	0	0	0	0	0	0	0	0	0	0.170543	0.00775194	0.0155039	0	0	0.00775194	0.00775194	0	0.00775194	0	0	0	0	0.00775194	0.0310078	0	0	0	0	0.00775194	0	0	0	0	0	0	0	0.0155039	0	0.0232558	0	0	0	0.00775194	0	0	0	0	0	0	0.00775194	0	0	0	0.00775194	0	0	0	0.294574	0	0	0	0.0155039	0	0.44186	0	0	0	0	0	0	0	0	0	0	0.0155039	0	0	0	0	0	0	0.108527	0	0	0.00775194	0	0.00775194	0.0542636	0	0	0	0	0	0	0	0	0	0	0	0	0	0.263566	0	0	0	0	0.00775194	0	0	0.00775194	0.0155039	0.0155039	0	0	0	0	0	0.00775194	0.0155039	0	0	0	0	0	0	0	0	0	0.00775194	0.00775194	0	0	0	0	0	0	0	0	0	0	0	4.69767	0	0.0697674	0.364341	0.193798	0	0.00775194	0.0155039	0	6.34109	0	0.20155	0	0	0	0.48062	0	0	0	0	0	0	0	0	
113.806	0.883721	0.00775194	0.131783	0.124031	0.0310078	0.255814	1.56589	0.0155039	2.97674	14.3256	0	0.0620155	0.465116	0.0232558	4.17054	10.7752	6.45736	0.0155039	0.232558	8.78295	2.03876	0.604651	0.449612	0.116279	4.99225	0	0.0310078	0.00775194	0	0	0.0155039	5.89147	4.11628	0.0232558	0.44186	0.379845	0.0232558	0.00775194	0.147287	0	0.0155039	0	0.0232558	0.0155039	0.0930233	0	0.604651	0.00775194	0.0465116	1.76744	0	0.0310078	0.0155039	0.0697674	1.76744	0.232558	0.0310078	0.0775194	0.465116	0.0310078	1.72868	0	0.00775194	0.224806	0.713178	0	4.55814	0.217054	0.124031	0	0.00775194	0.0232558	0.0155039	0	0.0232558	0.0232558	0.186047	0.100775	0	0	1.21705	0.217054	0.0852713	0	0.139535	0.00775194	0.302326	0	0	1.06977	0.534884	0.0387597	0.0697674	0	0	0.0465116	0.96124	0.0387597	0.0465116	0.0465116	0.736434	0.170543	0.0542636	0.0310078	0.348837	0.0310078	0.643411	0.00775194	0	0.434109	0.0542636	0	0.875969	0	11.062	0.263566	0.0232558	0.0232558	0	0.0775194	0.0620155	0.0310078	0.581395	0	0.0232558	0	0	0.0232558	0.0775194	0.0155039	0.0697674	0.0620155	0.0852713	0.0852713	0.0155039	0.0465116	0.209302	0	0.00775194	0	1.30233	0.0387597	0.0930233	0.263566	0.193798	0.116279	0.224806	0.0387597	0.0310078	1.95349	0	0.294574	0.0775194	0.0852713	3.87597	0.0620155	0	0	0.0775194	0	0.0155039	0.0387597	3.36434	0.124031	0.0387597	0.139535	0.0232558	0.00775194	3.72093	0.0465116	0.147287	0.0387597	0.00775194	0	0	0.0232558	0	0.162791	0.875969	0.124031	0	0.0232558	0	0.00775194	0	0.124031	0.155039	0.0697674	0.0155039	0.162791	0	0.348837	0.0542636	0.0310078	0.0155039	0.0155039	0.341085	0.0387597	0.0465116	0.00775194	0.100775	0.108527	0.00775194	0	0.620155	0.0697674	4.28682	0	0.0232558	0	0	0.0775194	0.0465116	0.131783	0.0387597	0	0.0697674	0.131783	0.0465116	0	0	0.263566	0.0542636	0.387597	0	0.0155039	0.0930233	0.0310078	0.0310078	0.00775194	0.0155039	0.0620155	0.0852713	0.0155039	0.472868	0	0.0232558	0	0	0	0.0155039	0	0	0.0155039	0.00775194	7.95349	0	0.00775194	10.5039	0.325581	16.9457	0.0387597	0.387597	0.100775	0.178295	71.8837	0.449612	2.02326	0	0.782946	0.341085	5.23256	0.193798	0	0	0	0	0	0	0	
0.0852713	0	0	0	0	0	0.00775194	0.0155039	0	0	0.0155039	0	0	0	0	0.302326	0.0852713	4.27132	0	0.0310078	0.922481	0.651163	0	0	0	0	0	0	0	0	0	0	5.4186	5.03876	0	0.410853	0	0	0	0	0	0	0	0	0	0	0	0.0155039	0	0	0.00775194	0	0	0	0.00775194	0	0	0	0	0	0	0.775194	0	0	0	0	0	0	0	0	0	0	0	0	0	0	0	0	0	0	0	0	0	0	0	0	0	0	0	0	0	0	0	0	0	0	0	0.00775194	0	0	0	0	0	0.0387597	0	0	0	0	0	0	0	0	0	0	0	0.248062	0	0	0.00775194	0	0.100775	0	0	0	0	0	0	0	0	0	0	0	0	0	0	0	0	0	0	0	0	0	0	0	0	0.0465116	0	0	0	0	0.0387597	0	0.00775194	0	0	0	0	0	0	0	0.00775194	0	0	0	0	0	0	0	0	0	0	0	0	0	0	0	0	0	0	0	0	0	0	0	0	0	0	0	0	0	0	0	0	0	0	0	0	0	0.0155039	0	0	0	0	0	0	0	0	0	0	0	0	0	0	0	0	0	0	0	0	0	0	0	0	0.0542636	0	0	0	0	0	0	0	0	0	0	0	0	0	0	0	0	0	0	0	0	0	0	0	0.0465116	0	0	0	0	0	0	0	0	65.4109	0.0155039	0.162791	0	0	0.0542636	0.527132	0.00775194	0	0	0	0	0	0	0	
17.5116	0.162791	0	0.00775194	0.0155039	0.00775194	0.0697674	0.0155039	0.0232558	0.589147	24.9922	0	0	0.0155039	0.0155039	0.170543	3.55814	0.426357	0	0.139535	0.44186	0.209302	0.0155039	0.0310078	0.0155039	0.108527	0	0.147287	0.00775194	0	0	0	2.99225	6.78295	0.00775194	0.0852713	0	0	0	0.139535	0.00775194	0	0	0	0	0.0620155	0	0.294574	0	0	0.395349	0	0	0	0	0.00775194	0.0387597	0	0.00775194	0.0155039	0	0.170543	0	0.0465116	0	0.00775194	0	0.170543	0.0310078	0.0155039	0	0	0	0	0	0	0	0.0387597	0.27907	0	0	0.0620155	0	0	0	0	0.00775194	0	0	0	0.116279	0.372093	0	0	0	0	0.0775194	0	0	0.0310078	0.186047	0.0310078	0	0.0310078	0	0.0232558	0	0.286822	0	0	0	0.00775194	0	0.0310078	0	0.534884	0.0232558	0	0.00775194	0	0.0310078	0.00775194	0.0542636	0.00775194	0	0.00775194	0	0	0.0155039	0.0387597	0.0155039	0.0697674	0	0	0.20155	0	0.0155039	0	0	0	0	0	0.0542636	0.0155039	0.0620155	0	0	0.0232558	0.0620155	0.0310078	0.0310078	0	0.0930233	0	0.0232558	0.0465116	0	0	0	0.00775194	0	0	0	1.30233	0	0	0	0	0.0232558	0.837209	0	0.0387597	0.00775194	0.0155039	0	0	0.0387597	0	0	0.302326	0	0	0	0	0	0	0.0310078	0.0232558	0	0.0232558	0.0387597	0	0.0852713	0.116279	0	0.00775194	0	0.0620155	0	0.00775194	0	0	0.00775194	0	0	0	0.0155039	3.69767	0	0	0	0	0.116279	0.00775194	0	0.0310078	0	0.0232558	0.0232558	0	0	0	0.0465116	0.0852713	0.0387597	0	0	0.0232558	0	0	0	0.00775194	0	0	0.0155039	0.0310078	0	0.124031	0	0	0	0	0	0	0	0	0.821705	50.9922	0	0	0.0310078	5.55814	0	0.0542636	0.0232558	0.0620155	69.186	0.0155039	0.100775	0	0.00775194	0.00775194	0.372093	0.0232558	0	0	0	0	0	0	0	
0.100775	0	0	0	0	0	0	0	0	0.00775194	0	0	0	0	0	0	0.00775194	0	0	0	0	0	0	0.00775194	0	0	0	0	0	0	0	0	0	0	0	0	0	0	0	0	0	0	0	0	0	0	0	0	0	0	0	0	0	0	0	0	0	0	0	0	0	0	0	0	0	0	0	0	0	0	0	0	0	0	0	0	0	0	0	0	0	0	0	0	0	0	0	0	0	0	0	0	0	0	0	0	0	0	0	0	0	0	0	0	0	0	0	0	0	0	0	0	0	0	0	0	0	0	0	0	0	0	0	0	0	0	0	0	0	0	0	0	0	0	0	0	0	0	0	0	0	0	0	0	0	0	0	0	0	0	0	0	0	0	0	0	0	0	0	0	0	0	0	0	0	0	0	0	0	0	0	0	0	0	0	0	0	0	0	0	0	0	0	0	0	0	0	0	0	0	0	0	0	0	0	0	0	0	0	0	0	0	0	0	0	0	0	0	0	0	0	0	0	0	0	0	0	0	0	0	0	0	0	0	0	0	0	0	0	0	0	0	0	0	0	0	0	0	0	0	0	0	0	0	0	0	0	0.0387597	0	0	0	0	0	0	0	0	0	0	0	0	0	0	0	0	0	0	0	0	0	0	0	
1.48062	0.0465116	0	0	0	0.0930233	0.0155039	0.263566	0	0.00775194	2.66667	0	0.0155039	0	0.0310078	0.0852713	0.426357	0.00775194	0.00775194	0	0.0852713	0.0232558	0.0852713	0.00775194	0	0.00775194	0	0	0	0	0.0852713	0	3.75969	2.34109	0	0.0310078	0	0	0	0.0310078	0	0.00775194	0	0	0	0.00775194	0	0.0310078	0	0	0.0697674	0	0	0	0	0.0465116	0	0	0.0387597	0.0155039	0	0.232558	0	0	0	0.0310078	0	0.317829	0.100775	0.00775194	0	0	0	0	0	0	0	0	0	0	0	0	0	0	0	0	0	0.0155039	0	0	0.294574	0.00775194	0	0	0	0	0	0.0465116	0	0	0.0155039	0	0	0.00775194	0	0	0	0	0	0	0	0	0.0155039	0.0620155	0	0.0930233	0.0387597	0	0	0	0	0.0387597	0.00775194	0.302326	0	0	0	0	0	0.0620155	0	0	0.0465116	0	0.00775194	0	0	0	0	0	0.00775194	0.0620155	0	0	0	0.00775194	0	0.00775194	0	0.00775194	0.294574	0	0	0	0	0.968992	0	0	0	0	0	0	0	0	0	0	0.00775194	0	0.0232558	0	0	0	0	0	0	0	0	0	0	0	0.00775194	0	0.00775194	0	0	0	0	0	0	0.00775194	0	0	0	0.00775194	0	0	0	0.0465116	0.00775194	0	0	0	0.00775194	0	0	0	0.0155039	0.248062	0.0155039	0	0	0	0	0.0542636	0	0.0465116	0	0	0	0	0	0	0.0155039	0.00775194	0.0155039	0	0.0155039	0	0	0	0	0	0.00775194	0.0310078	0	0	0	0.0465116	0	0	0	0	0	0.0155039	0	0	0.976744	24.3256	0	4.5969	0	0	0.263566	0.193798	0.488372	0.0775194	32.845	0	0.116279	0	0.186047	0.0155039	2.55814	0	0	0	0	0	0	0	0	
0.00775194	0	0	0	0	0	0	0	0	0.0310078	0.0155039	0	0	0	0	0	0	0.00775194	0	0	0	0	0	0	0	0	0	0	0	0	0	0	0.0542636	0.27907	0	0	0	0	0	0	0	0	0	0	0	0	0	0	0	0	0	0	0	0	0	0	0	0	0	0	0	0	0	0	0	0	0	0	0	0	0	0	0	0	0	0	0	0	0	0	0	0	0	0	0	0	0	0	0	0	0.00775194	0	0	0	0	0	0	0	0	0	0	0	0	0	0	0	0	0.00775194	0	0	0	0	0	0	0	0	0	0	0	0	0	0	0	0	0	0	0	0	0	0	0	0	0	0	0	0	0	0	0	0	0	0	0	0	0	0	0	0	0	0	0	0	0	0	0	0	0	0	0	0	0	0	0	0	0	0	0	0	0.0697674	0	0	0	0	0	0	0	0	0	0	0	0	0	0	0	0	0	0	0	0	0	0	0	0	0	0	0	0	0	0	0	0	0	0	0	0	0	0	0	0	0	0	0	0	0	0	0	0	0	0	0	0	0	0	0	0	0	0	0	0	0	0	0	0	0	0	0	0	0	0	0	0	0	0	0	0	0	0.0310078	0.217054	0	0.0155039	0	0.565891	0	0	0	0	2.10853	0	0	0	0	0	0.0232558	0	0	0	0	0	0	0	0	
62.8682	0.186047	0	0.0155039	0	0.00775194	0.294574	0.147287	0.0232558	5.4186	16.7054	0	0.00775194	0.0232558	0.0465116	0.418605	19.0388	4.03876	0	4.5969	1.20155	0.449612	1.16279	0.186047	0.0155039	0.100775	0	0.155039	0.0310078	0	0.0232558	0	2.32558	2.25581	0.155039	0.434109	0	0.00775194	0	0.0542636	0	0	0	0	0	0.0542636	0	0.527132	0	0	7.31008	0	0	0.0155039	0.0155039	0.0775194	0.00775194	0	0.0232558	0.116279	0	0.155039	0	0.0930233	0.0232558	0.0697674	0	0.0930233	0.0155039	0.465116	0	0	0.00775194	0	0	0	0	0.20155	0.0155039	0	0	0.666667	0	0	0	0.0387597	0.0155039	0	0	0	0.0852713	0.387597	0.0155039	0.100775	0	0	0.0387597	0.108527	0.00775194	0	0.0387597	0.465116	0.00775194	0.0155039	0	0.302326	0	0.550388	0.0232558	0	0	0	0	0.00775194	0	1.48837	0.310078	0.147287	0	0	0.0387597	0.0232558	0.248062	0.00775194	0	0.0155039	0	0	0	0.0387597	0	0.20155	0	0	0.0155039	0.0542636	0.0542636	0	0	0.0155039	4.11628	0.0620155	0.0155039	0.0775194	0.0930233	0.170543	0.00775194	0.596899	0.00775194	0	0.0852713	0	0.976744	0	0	0	0.0232558	0	0	0.00775194	0	0	0.0232558	1.32558	0	0.0310078	0	0.0232558	0.410853	0.116279	0	0.364341	0.0852713	0	0	0	0	0	0	0.565891	0.0232558	0	0.00775194	0	0	0	3.37984	0.124031	0	0.00775194	0.620155	0	0.00775194	0.0155039	0	0.00775194	0.00775194	0.00775194	0	0.232558	0	0.0155039	0	0	0	0	0.193798	1.48062	0	0	0	0	0.0232558	0	0.0697674	0.0155039	0.00775194	0.00775194	0.341085	0	0	0	0	0.00775194	0.0155039	0	0	0.0155039	0	0.00775194	0	0.0387597	0.0232558	0	0.0232558	0	0	0.116279	0	0.0155039	0	0	0	0	0	0	0.364341	6.35659	0	0.0775194	0.00775194	0.992248	0	0	1.99225	6.33333	29.4961	0.263566	0.139535	0	0.00775194	0	2.56589	0	0	0	0	0	0	0	0	
8.51163	0	0	0	0.00775194	0	0.0155039	0.00775194	0	0.666667	1.75194	0	0	0	0.00775194	0.317829	1.60465	0.674419	0	0.527132	0.294574	0.0775194	0.147287	0.0232558	0	0	0	0.0310078	0	0	0	0	0.100775	0.209302	0	0	0	0	0	0.00775194	0	0	0	0.00775194	0	0.00775194	0	0.0775194	0	0	0.333333	0	0	0	0	0	0	0	0.00775194	0	0	0.0232558	0	0	0.00775194	0.0155039	0	0.0465116	0	0.0775194	0.00775194	0	0	0	0	0	0	0	0.0852713	0	0	0.0775194	0.00775194	0	0	0	0	0	0	0	0	0.24031	0	0	0	0	0	0	0	0	0	0	0	0.00775194	0	0.00775194	0	0	0	0	0	0	0	0	0	0.116279	0.00775194	0	0.0155039	0	0	0	0.00775194	0	0	0	0	0	0	0.0155039	0.00775194	0	0	0.00775194	0	0	0.00775194	0	0	0.0155039	0.302326	0.0232558	0	0.0620155	0	0.27907	0	0.263566	0.00775194	0	0.0232558	0.00775194	0.0775194	0	0	0	0	0	0	0	0	0	0	0.496124	0	0	0	0	0	0	0	0	0	0	0	0	0	0	0	0	0	0	0	0	0	0	0.550388	0.0155039	0	0	0.0310078	0	0.0155039	0	0	0	0	0	0	0	0	0	0	0	0.00775194	0	0.100775	0.302326	0	0	0	0	0	0	0	0	0	0	0.0232558	0	0	0	0	0	0.0697674	0	0.00775194	0	0	0	0	0	0	0.0155039	0	0	0	0.108527	0.0232558	0	0	0	0	0	0	0	0	0.844961	0	0.0387597	0	1.51163	0	1.54264	0	0.75969	3.72868	0.0232558	0.00775194	0	0	0	5.27132	0	0	0	0	0	0	0	0	
6.50388	0.0155039	0	0	0	0	0.00775194	0.0232558	0	1.49612	0	0	0.00775194	0	0	0.0620155	0.604651	0.155039	0	0.899225	0.372093	0.00775194	0.0232558	0.0387597	0	0	0	0	0	0	0	0	1.14729	1	0	0.00775194	0	0	0	0	0	0	0	0	0	0.00775194	0	0	0	0	0.775194	0	0	0	0	0	0	0	0	0	0	0.0155039	0	0	0.0232558	0	0	0	0	0	0	0	0	0	0	0	0	0.00775194	0.0155039	0	0	0.0697674	0	0.00775194	0	0.00775194	0	0	0	0	0	0.666667	0	0	0	0	0	0.00775194	0	0	0	0.00775194	0	0.0155039	0	0	0	0	0	0	0	0.0155039	0	0	0	0.139535	0.0387597	0	0	0	0	0	0.00775194	0	0	0	0	0	0	0.232558	0	0	0.00775194	0	0	0	0	0	0	0	0.0775194	0	0	0	0	0	0	0.27907	0	0	0	0.00775194	0.0232558	0	0	0	0	0	0	0	0	0	0	0	0	0	0	0	0.00775194	0.00775194	0	0	0.0620155	0	0	0	0	0	0	0.0387597	0	0	0	0	0	0	1.34109	0.0775194	0	0	0.0310078	0	0	0	0.0155039	0	0	0.0155039	0	0	0	0	0	0	0	0	0.0155039	0.0310078	0	0	0	0	0	0	0.00775194	0.0542636	0	0	0.0620155	0	0	0	0	0	0	0	0	0	0	0	0	0.0620155	0.0232558	0.00775194	0	0.0232558	0	0.00775194	0	0	0	0	0	0	0	0	0	0.348837	0	0	0	0.0852713	0	2.34109	0.899225	0	11.5116	0.00775194	0.0155039	0	0	0	0.0387597	0	0	0	0	0	0	0	0	
10.7209	0.751938	0	2.93023	0.224806	0.00775194	0.573643	1.06202	0.0155039	0.410853	1.48837	0	0	0.356589	0.139535	4.37984	1.44186	4.13953	0.116279	0.20155	14.2326	3.17054	0.55814	0.658915	0.186047	0.0387597	0	0.0387597	0	0	0	0.0232558	2.55814	5.45736	0	0.96124	0	0	0	3.70543	0.00775194	0	0	0.0155039	0.00775194	0.0155039	0	0.178295	0.00775194	0	0.434109	0	0.0697674	0	0.395349	0.0155039	0.00775194	0	0.00775194	0.527132	0.0930233	2.94574	0	0	0.44186	0.27907	0	0.0155039	0	0.782946	0	0	0	0	0.0232558	0.0310078	0	0	0.193798	0	0	0.0232558	0	0.00775194	0	0.124031	0.0155039	0	0	0	0.945736	0.0387597	0.00775194	0.286822	0	0	0.0542636	0.0542636	0	0.00775194	0.00775194	0.426357	0.0155039	0.193798	0	0.0620155	0.0310078	0.0155039	0	0	0	0	0	0	0	7.93023	0.953488	0.100775	0.217054	0.00775194	0.542636	0.0387597	0.00775194	0.00775194	0.00775194	0	0.0155039	0	0.00775194	0.00775194	0.131783	0	0	0.0542636	0.511628	0	0.0465116	0	0	0.263566	0.00775194	0.00775194	0	0.0232558	0.51938	0.0155039	0	0	0	0.0620155	0	0	0.395349	0	0.0155039	0.0232558	0	0	0	0.162791	0.0465116	0	0.00775194	0.00775194	0	0	0	0.116279	0.0310078	0.434109	0.00775194	0.00775194	0	0	0	0	0.193798	0	0	0.790698	0.0775194	0	0	0	0.0775194	0.0155039	0	0.0387597	0.0697674	0	0.147287	0	0.0310078	0.426357	0.00775194	0.0310078	0	0.0155039	0.0155039	0.0310078	0.0155039	0.0387597	0.286822	0.0232558	0.0232558	0	0.0697674	1.24806	0.0387597	0.00775194	0	0	0.0232558	0.403101	0.0775194	0	0.0155039	0.139535	0.209302	0.0232558	0	0.0620155	0.00775194	0.162791	0.0232558	0	0.116279	0	0	0	0.00775194	0.0155039	0	0	0.0542636	0	0	0	0	0.0542636	0	0.0155039	0	0	0	0	0.534884	3.4186	0	1.37209	0.0155039	0.139535	0	0.0620155	0.0155039	0.0155039	0	0.217054	1.69767	0	2.88372	0.217054	7.4031	0.224806	0	0	0	0	0	0	0	
11.5194	0.27907	0	0	0	0.00775194	0.0310078	0	0	0.0155039	0.0775194	0	0.0155039	0.00775194	0	0.968992	0.139535	0	0	0	1.4186	0.713178	0.0232558	0.155039	0	0	0	0	0	0	0	0	0.00775194	0.0155039	0	0	0	0	0	0.00775194	0.00775194	0	0	0	0	0.0155039	0	0	0	0.0155039	0.00775194	0	0	0.00775194	0	0	0	0.00775194	0	0	0	0.310078	0	0.00775194	0	0	0	0	0.0310078	0	0	0	0	0	0	0	0	0	0	0	0	0.0852713	0	0	0	0.0155039	0	0	0	0	0	0	0	0	0	0	0	0	0	0.00775194	0	0.00775194	0	0	0	0	0	0.0155039	0	0	0	0	0	0	0	3.03876	0.0155039	0	0	0.0775194	0	0	0.00775194	0	0	0	0	0	0	0	0.108527	0	0	0	0	0	0	0	0	0	0.0155039	0	0	0	0	0	0	0.00775194	0.0232558	0.0155039	0.00775194	0	0	0	0	0	0	0	0	0	0.00775194	0	0	0.108527	0	0	0.27907	0	0	0.0465116	0	0.00775194	0.00775194	0	0	0	0	0	0	0.124031	0	0	0	0	0	0	0	0	0.100775	0	0	0	0.00775194	0	0.00775194	0	0	0.155039	0	0	0	0.00775194	0.00775194	0	0	0	0.00775194	0.00775194	0	0	0	0	0	0	0	0	0	0	0	0.0155039	0	0	0.0232558	0	0.0232558	0	0	0	0	0	0	0	0.0155039	0	0	0.0155039	0	0.00775194	0	0	0	0.124031	0.0232558	0.0542636	0	0.00775194	0.0465116	0.713178	0	0.0155039	0	0.108527	0	0.0155039	0	0.00775194	0.829457	0	0.372093	0	0.821705	0	2.69767	0.193798	0	0	0	0	0	0	0	
43.7674	0.379845	0	0.0775194	0.00775194	0.0155039	0.294574	0.403101	0	0.100775	2.6124	0	0.263566	0.00775194	0	2.3876	4.17054	14.7519	0.00775194	0.0155039	6.52713	2.88372	0.465116	0.0852713	0.0232558	0.170543	0.00775194	0.217054	0	0	0	0	0.868217	0.72093	0.00775194	0	0	0.00775194	0.0930233	0.0232558	0	0	0	0	0.00775194	0.0930233	0	0.147287	0.0310078	0	0.302326	0	0.0232558	0	0.0232558	0.124031	0.0697674	0	0.0387597	0.0387597	0	1.08527	0	0.131783	0.108527	0.0155039	0	0.0387597	0.0465116	0.286822	0.0310078	0	0	0.00775194	0	0.263566	0	0.0155039	0.0852713	0	0	0.00775194	0.0620155	0.0852713	0	0.0542636	0	0	0	0	0	0.310078	0	0.0542636	0	0	0.00775194	0.0232558	0.00775194	0.0310078	0	0.0697674	0.0465116	0.193798	0.00775194	0.0232558	0	0.0232558	0	0.0232558	0	0.00775194	0	0.00775194	0	9.28682	0.193798	0.0310078	0.00775194	0.0155039	0.186047	0.139535	0.0387597	0	0	0.100775	0.00775194	0	0.0775194	0.0387597	0.0775194	0	0	0.0310078	0	0.0155039	0.108527	0	0	0	0.00775194	0	0	0.0155039	0.139535	0.0697674	0.0232558	0	0.0465116	0.0775194	0.00775194	0.00775194	0.0697674	0	0.0155039	0	0.00775194	0	0	0.0542636	0.0155039	0.00775194	0	0.627907	0	0	0.00775194	0.0232558	0.248062	0.604651	0	0.0465116	0.0155039	0	0	0	0.0155039	0	0	0.713178	0	0	0	0	0.00775194	0	0	0.162791	0.317829	0.00775194	0	0	0.0310078	0	0.116279	0	0	1.13178	0.00775194	0.0155039	0	0	0.0930233	0	0.0155039	0.0232558	0.0465116	1	0.00775194	0	0	0	0	0.0232558	0.0310078	0.209302	0	0.0232558	0.116279	0.0310078	0	0.0232558	0.0930233	0.00775194	0.232558	0	0.00775194	0	0	0	0	0	0.0232558	0	0	0.147287	0	0.0465116	0	0	0	2.85271	1.06202	0.674419	0.00775194	1.84496	0.542636	3.5969	0	0.0930233	0.0155039	0.147287	0	0.0465116	0.00775194	0.0852713	17.4109	0.379845	0	0.131783	0.00775194	0	4.31008	0.0310078	0	0	0	0	0	0	0	
0.0155039	0	0	0	0	0	0	0	0	0	0	0	0	0	0	0	0	0	0	0	0	0	0	0	0	0	0	0	0	0	0	0	0.0155039	0	0	0	0	0	0	0	0	0	0	0	0	0	0	0	0	0	0	0	0	0	0	0	0	0	0	0	0	0	0	0	0	0	0	0	0.0155039	0	0	0	0	0	0	0	0	0	0	0	0	0	0	0	0	0	0	0	0	0	0	0	0	0	0	0	0	0	0	0	0	0	0	0	0	0	0	0	0	0	0	0	0	0	0	0	0	0	0	0	0	0	0	0	0	0	0	0	0	0	0	0	0	0	0	0	0	0	0	0	0	0	0	0	0	0	0	0	0	0	0	0	0	0	0	0	0	0	0	0	0	0	0	0	0	0	0	0	0	0	0	0	0	0	0	0	0	0	0	0	0	0	0	0	0	0	0	0	0	0	0	0	0	0	0	0	0	0	0	0	0	0	0	0	0	0	0	0	0	0	0	0	0	0	0	0	0	0	0	0	0	0	0	0	0	0	0	0	0	0	0	0	0	0	0	0	0	0	0	0	0	0	0	0.170543	0.27907	0	0	0	0	0	0	0	0	0	0	0	0	0.00775194	0	0	0	0	1.62016	0	0	0	0	0	0	0	0	
0.387597	0.72093	0	0.0155039	0	0	0	0	0	0	0.317829	0	0	0	0	0.170543	0.0232558	0.0232558	0	0	0.496124	0.410853	0.00775194	0	0	0	0	0	0	0	0	0	1.46512	2.07752	0	0	0	0	0	0	0	0	0	0	0	0	0	0	0	0	0.00775194	0	0	0	0.00775194	0	0.00775194	0	0.00775194	0.0232558	0	0.0775194	0	0	0.00775194	0.0155039	0	0	0	0	0	0	0	0	0	0	0	0	0	0	0	0	0	0	0	0.00775194	0	0	0	0	0.0155039	0.0852713	0	0	0	0	0	0	0	0	0	0.0232558	0	0	0	0	0.00775194	0	0	0	0	0	0	0	0	0.139535	0	0	0	0	0	0	0	0	0	0	0	0	0	0	0	0	0	0	0	0	0	0	0	0	0	0	0	0	0	0	0	0	0	0	0	0	0.0232558	0	0	0	0	0	0	0	0	0	0	0	0	0	0.0232558	0	0	0.00775194	0	0	0.00775194	0	0	0	0	0	0	0.00775194	0	0	0	0	0	0	0	0.0232558	0	0	0	0	0	0	0	0	0	0.00775194	0	0	0	0	0	0	0	0	0	0.217054	0	0	0	0	0	0	0	0	0	0	0	0	0	0	0	0	0	0	0	0	0	0	0	0	0	0	0	0	0	0	0	0	0	0	0	0	0	0	0.186047	0.248062	0	0	0	0	0	0	0	0.00775194	41.6202	0.511628	0	0	0	0.00775194	12.9457	7.10853	0	0	0	0	0	0	0	
0.0310078	0	0	0.00775194	0	0	0.00775194	0.00775194	0	0	1.17054	0	0	0.00775194	0	0.00775194	0.0155039	0.00775194	0	0	0.0620155	0.00775194	0	0	0	0	0	0	0	0	0	0	0.403101	0.984496	0	0.00775194	0	0	0	0	0	0	0	0	0	0	0	0	0	0	0.00775194	0	0	0	0	0.00775194	0	0	0	0	0	0	0	0	0	0.0852713	0	0	0	0.00775194	0	0	0	0	0	0	0	0	0	0	0	0	0	0	0	0	0	0	0	0	0.0310078	0.00775194	0	0	0	0	0	0	0	0	0	0	0	0	0	0.00775194	0	0	0	0	0	0	0	0	0	0.0310078	0.00775194	0	0	0	0.00775194	0	0	0	0	0	0	0	0	0	0	0	0	0	0	0	0	0	0	0	0	0	0	0	0	0	0	0	0	0	0	0	0	0	0	0	0	0	0	0	0	0	0	0	0	0	0.00775194	0	0.00775194	0.0155039	0	0	0	0	0	0	0	0	0	0	0	0	0	0	0	0	0.0155039	0	0.00775194	0	0	0	0	0	0	0	0	0	0	0	0	0	0	0	0	0	0	0.0775194	0	0	0	0	0	0	0	0	0	0	0	0	0	0	0	0	0	0	0	0	0	0	0	0	0	0	0	0	0	0	0	0	0	0	0	0.00775194	0	0	0.0387597	1.33333	0	0	0	0.0465116	0	0	0	0	18.6667	0	0	0	0	0	3.97674	0	0	0	0	0	0	0	0	
108.519	0.379845	0	0.124031	0.0155039	0.0155039	0.674419	0.457364	0.0232558	0.325581	10	0	0.124031	0.0232558	0.0465116	8.24806	12.4496	0.635659	0.00775194	0.0852713	18.3876	8.47287	0.813953	0.426357	0.139535	0.294574	0.0542636	0.542636	0	0.0232558	0.0620155	0	3.62791	7.53488	0.0775194	0.0310078	0.255814	0	0.0465116	0.124031	0	0	0	0	0	0.0930233	0	0.550388	0.0155039	0.00775194	0.79845	0	0.0387597	0.0155039	0.100775	0.100775	0.248062	0.0155039	0.224806	0.0310078	0.0155039	2.87597	0	0.0775194	0.286822	0.255814	0.00775194	0.0930233	0.310078	1.28682	0	0	0	0.0310078	0	0.0232558	0	0.0775194	0.0930233	0	0	0.387597	0.0232558	0.0542636	0	0.116279	0.0232558	0.00775194	0.0310078	0.00775194	0.503876	1.58915	0.0232558	0.162791	0	0	0.0155039	0.0465116	0.00775194	0.155039	0.0697674	0.0697674	0.333333	0.100775	0	0.813953	0.0620155	0.620155	0	0.0697674	0.0155039	0.0232558	0.00775194	0.0232558	0	21.1783	0.418605	0.0232558	0.124031	0.217054	0.0387597	0.0697674	0.410853	0	0	0	0.0155039	0	0.0620155	0.0465116	0.0155039	0.00775194	0	0.00775194	0.0930233	0.00775194	0.116279	0	0	0.0310078	0.0155039	0.155039	0.0155039	0.27907	0.410853	0.0620155	0.00775194	0.0232558	0.139535	0.0387597	0.596899	0	0.736434	0	0.0542636	0	0.0155039	0	0.00775194	0.0775194	0	0.0387597	0.0387597	1.24806	0	0	2.18605	0.0310078	0.868217	0.945736	0	0.100775	0.186047	0.0310078	0	0.00775194	0.0232558	0	0	1.06202	0.0155039	0	0	0	0.0155039	0.00775194	0.00775194	0.147287	0.00775194	0	0.0232558	0	0.100775	0.0310078	0.503876	0.00775194	0.0155039	1.99225	0.0542636	0.0155039	0.0775194	0.0697674	0.0387597	0	0.0310078	0.0155039	0.116279	1.64341	0	0	0	0	0.0465116	0.0310078	0.100775	0.20155	0.162791	0.0775194	0.325581	1.64341	0	0.0155039	0.271318	0.00775194	0.55814	0	0	0.00775194	0.0155039	0	0	0.232558	0.0465116	0.0155039	0.124031	0.0697674	0	0.271318	0	0	0	3.60465	0.186047	2.17054	2.15504	0.891473	1.51938	7.24031	0	0.20155	0.100775	3.97674	0.0155039	0.713178	2.0155	0.0930233	163.605	2.72093	1.62791	1.52713	14.0155	4.62016	0	0.410853	0	0	0	0	0	0	0	
2.76744	0.00775194	0	0	0.00775194	0.00775194	0	0.0155039	0.0232558	0	0.581395	0	0	0	0	0.232558	0.496124	0.100775	0	0	0.790698	0.465116	0	0.00775194	0	0	0	0	0	0	0	0	0.0542636	0.348837	0.0387597	0	0	0	0	0	0	0	0	0	0.00775194	0.0232558	0	0	0	0	0.00775194	0	0	0	0	0	0	0	0	0	0	0.0465116	0	0	0	0.00775194	0	0	0	0.00775194	0	0	0	0	0	0	0	0	0	0	0	0	0	0	0	0	0.00775194	0	0	0	0.0155039	0	0	0.00775194	0	0	0	0	0	0	0.00775194	0	0	0	0	0	0	0	0	0.0155039	0	0	0	0	0	1	0	0	0.00775194	0	0	0	0.0155039	0	0	0	0	0	0	0	0	0	0	0	0	0.100775	0	0	0	0	0	0	0	0.0155039	0	0.348837	0	0	0	0	0.0155039	0	0.0310078	0	0	0	0	0	0	0.0155039	0	0	0	0.0465116	0	0	0.0387597	0	0.100775	0.0232558	0	0.00775194	0.00775194	0	0	0	0	0	0	0.00775194	0	0	0	0	0.00775194	0	0	0	0	0	0	0	0.00775194	0	0	0	0	0	0	0	0	0	0	0	0	0	0.00775194	0.131783	0.00775194	0	0	0	0	0.00775194	0	0	0.00775194	0	0	0	0	0	0	0	0.0155039	0	0	0	0	0	0	0.00775194	0	0	0	0	0	0.0155039	0	0	0	0	0	0	0.0232558	0	0.162791	1.00775	0	0	0	0.0852713	0	0	0	0	2.77519	0.0387597	0.0465116	0	8.91473	0	0.620155	0	0	0	0	0	0	0	0	
0	0	0	0	0	0	0	0	0	0	0	0	0	0	0	0	0	0	0	0	0	0	0	0	0	0	0	0	0	0	0	0	0	0	0	0	0	0	0	0	0	0	0	0	0	0	0	0	0	0	0	0	0	0	0	0	0	0	0	0	0	0	0	0	0	0	0	0	0	0	0	0	0	0	0	0	0	0	0	0	0	0	0	0	0	0	0	0	0	0	0	0	0	0	0	0	0	0	0	0	0	0	0	0	0	0	0	0	0	0	0	0	0	0	0	0	0	0	0	0	0	0	0	0	0	0	0	0	0	0	0	0	0	0	0	0	0	0	0	0	0	0	0	0	0	0	0	0	0	0	0	0	0	0	0	0	0	0	0	0	0	0	0	0	0	0	0	0	0	0	0	0	0	0	0	0	0	0	0	0	0	0	0	0	0	0	0	0	0	0	0	0	0	0	0	0	0	0	0	0	0	0	0	0	0	0	0	0	0	0	0	0	0	0	0	0	0	0	0	0	0	0	0	0	0	0	0	0	0	0	0	0	0	0	0	0	0	0	0	0	0	0	0	0	0	0	0	0	0	0	0	0	0	0	0	0	0	0	0	0	0	0	0	0	0	0	0	0	0	0	0	
0	0	0	0	0	0	0	0	0	0	0	0	0	0	0	0	0	0	0	0	0	0	0	0	0	0	0	0	0	0	0	0	0	0	0	0	0	0	0	0	0	0	0	0	0	0	0	0	0	0	0	0	0	0	0	0	0	0	0	0	0	0	0	0	0	0	0	0	0	0	0	0	0	0	0	0	0	0	0	0	0	0	0	0	0	0	0	0	0	0	0	0	0	0	0	0	0	0	0	0	0	0	0	0	0	0	0	0	0	0	0	0	0	0	0	0	0	0	0	0	0	0	0	0	0	0	0	0	0	0	0	0	0	0	0	0	0	0	0	0	0	0	0	0	0	0	0	0	0	0	0	0	0	0	0	0	0	0	0	0	0	0	0	0	0	0	0	0	0	0	0	0	0	0	0	0	0	0	0	0	0	0	0	0	0	0	0	0	0	0	0	0	0	0	0	0	0	0	0	0	0	0	0	0	0	0	0	0	0	0	0	0	0	0	0	0	0	0	0	0	0	0	0	0	0	0	0	0	0	0	0	0	0	0	0	0	0	0	0	0	0	0	0	0	0	0	0	0	0	0	0	0	0	0	0	0	0	0	0	0	0	0	0	0	0	0	0	0	0	0	0	
0	0	0	0	0	0	0	0	0	0	0	0	0	0	0	0	0	0	0	0	0	0	0	0	0	0	0	0	0	0	0	0	0	0	0	0	0	0	0	0	0	0	0	0	0	0	0	0	0	0	0	0	0	0	0	0	0	0	0	0	0	0	0	0	0	0	0	0	0	0	0	0	0	0	0	0	0	0	0	0	0	0	0	0	0	0	0	0	0	0	0	0	0	0	0	0	0	0	0	0	0	0	0	0	0	0	0	0	0	0	0	0	0	0	0	0	0	0	0	0	0	0	0	0	0	0	0	0	0	0	0	0	0	0	0	0	0	0	0	0	0	0	0	0	0	0	0	0	0	0	0	0	0	0	0	0	0	0	0	0	0	0	0	0	0	0	0	0	0	0	0	0	0	0	0	0	0	0	0	0	0	0	0	0	0	0	0	0	0	0	0	0	0	0	0	0	0	0	0	0	0	0	0	0	0	0	0	0	0	0	0	0	0	0	0	0	0	0	0	0	0	0	0	0	0	0	0	0	0	0	0	0	0	0	0	0	0	0	0	0	0	0	0	0	0	0	0	0	0	0	0	0	0	0	0	0	0	0	0	0	0	0	0	0	0	0	0	0	0	0	0	
0	0	0	0	0	0	0	0	0	0	0	0	0	0	0	0	0	0	0	0	0	0	0	0	0	0	0	0	0	0	0	0	0	0	0	0	0	0	0	0	0	0	0	0	0	0	0	0	0	0	0	0	0	0	0	0	0	0	0	0	0	0	0	0	0	0	0	0	0	0	0	0	0	0	0	0	0	0	0	0	0	0	0	0	0	0	0	0	0	0	0	0	0	0	0	0	0	0	0	0	0	0	0	0	0	0	0	0	0	0	0	0	0	0	0	0	0	0	0	0	0	0	0	0	0	0	0	0	0	0	0	0	0	0	0	0	0	0	0	0	0	0	0	0	0	0	0	0	0	0	0	0	0	0	0	0	0	0	0	0	0	0	0	0	0	0	0	0	0	0	0	0	0	0	0	0	0	0	0	0	0	0	0	0	0	0	0	0	0	0	0	0	0	0	0	0	0	0	0	0	0	0	0	0	0	0	0	0	0	0	0	0	0	0	0	0	0	0	0	0	0	0	0	0	0	0	0	0	0	0	0	0	0	0	0	0	0	0	0	0	0	0	0	0	0	0	0	0	0	0	0	0	0	0	0	0	0	0	0	0	0	0	0	0	0	0	0	0	0	0	0	
0	0	0	0	0	0	0	0	0	0	0	0	0	0	0	0	0	0	0	0	0	0	0	0	0	0	0	0	0	0	0	0	0	0	0	0	0	0	0	0	0	0	0	0	0	0	0	0	0	0	0	0	0	0	0	0	0	0	0	0	0	0	0	0	0	0	0	0	0	0	0	0	0	0	0	0	0	0	0	0	0	0	0	0	0	0	0	0	0	0	0	0	0	0	0	0	0	0	0	0	0	0	0	0	0	0	0	0	0	0	0	0	0	0	0	0	0	0	0	0	0	0	0	0	0	0	0	0	0	0	0	0	0	0	0	0	0	0	0	0	0	0	0	0	0	0	0	0	0	0	0	0	0	0	0	0	0	0	0	0	0	0	0	0	0	0	0	0	0	0	0	0	0	0	0	0	0	0	0	0	0	0	0	0	0	0	0	0	0	0	0	0	0	0	0	0	0	0	0	0	0	0	0	0	0	0	0	0	0	0	0	0	0	0	0	0	0	0	0	0	0	0	0	0	0	0	0	0	0	0	0	0	0	0	0	0	0	0	0	0	0	0	0	0	0	0	0	0	0	0	0	0	0	0	0	0	0	0	0	0	0	0	0	0	0	0	0	0	0	0	0	
0	0	0	0	0	0	0	0	0	0	0	0	0	0	0	0	0	0	0	0	0	0	0	0	0	0	0	0	0	0	0	0	0	0	0	0	0	0	0	0	0	0	0	0	0	0	0	0	0	0	0	0	0	0	0	0	0	0	0	0	0	0	0	0	0	0	0	0	0	0	0	0	0	0	0	0	0	0	0	0	0	0	0	0	0	0	0	0	0	0	0	0	0	0	0	0	0	0	0	0	0	0	0	0	0	0	0	0	0	0	0	0	0	0	0	0	0	0	0	0	0	0	0	0	0	0	0	0	0	0	0	0	0	0	0	0	0	0	0	0	0	0	0	0	0	0	0	0	0	0	0	0	0	0	0	0	0	0	0	0	0	0	0	0	0	0	0	0	0	0	0	0	0	0	0	0	0	0	0	0	0	0	0	0	0	0	0	0	0	0	0	0	0	0	0	0	0	0	0	0	0	0	0	0	0	0	0	0	0	0	0	0	0	0	0	0	0	0	0	0	0	0	0	0	0	0	0	0	0	0	0	0	0	0	0	0	0	0	0	0	0	0	0	0	0	0	0	0	0	0	0	0	0	0	0	0	0	0	0	0	0	0	0	0	0	0	0	0	0	0	0	
0	0	0	0	0	0	0	0	0	0	0	0	0	0	0	0	0	0	0	0	0	0	0	0	0	0	0	0	0	0	0	0	0	0	0	0	0	0	0	0	0	0	0	0	0	0	0	0	0	0	0	0	0	0	0	0	0	0	0	0	0	0	0	0	0	0	0	0	0	0	0	0	0	0	0	0	0	0	0	0	0	0	0	0	0	0	0	0	0	0	0	0	0	0	0	0	0	0	0	0	0	0	0	0	0	0	0	0	0	0	0	0	0	0	0	0	0	0	0	0	0	0	0	0	0	0	0	0	0	0	0	0	0	0	0	0	0	0	0	0	0	0	0	0	0	0	0	0	0	0	0	0	0	0	0	0	0	0	0	0	0	0	0	0	0	0	0	0	0	0	0	0	0	0	0	0	0	0	0	0	0	0	0	0	0	0	0	0	0	0	0	0	0	0	0	0	0	0	0	0	0	0	0	0	0	0	0	0	0	0	0	0	0	0	0	0	0	0	0	0	0	0	0	0	0	0	0	0	0	0	0	0	0	0	0	0	0	0	0	0	0	0	0	0	0	0	0	0	0	0	0	0	0	0	0	0	0	0	0	0	0	0	0	0	0	0	0	0	0	0	0	
